season,week,n_contestants_rank,rho_method_judge_rank,rho_method_placement_rank,rho_judge_placement_rank,p_value_rank,independence_score_rank,n_contestants_share,rho_method_judge_share,rho_method_placement_share,rho_judge_placement_share,p_value_share,independence_score_share,judge_corr_diff,independence_diff
1,1,6,-0.8332380897952965,0.3714285714285715,0.0,0.03939551647885117,-0.46180951836672496,6,-0.18516401995451032,0.6,0.0,0.7254282104103118,0.41483598004548966,-0.6480740698407861,0.8766454984122146
1,2,6,-0.6179143806533246,0.8827348295047495,-0.2571428571428572,0.19109390169019305,0.26482044885142486,6,-0.48571428571428577,0.942857142857143,-0.2571428571428572,0.32872303206997094,0.4571428571428572,-0.13220009493903884,0.19232240829143232
1,3,5,-0.7071067811865475,0.7071067811865475,-0.09999999999999999,0.18169011381620925,0.0,5,-0.09999999999999999,0.9999999999999999,-0.09999999999999999,0.8728885715695383,0.8999999999999999,-0.6071067811865475,0.8999999999999999
1,4,4,-0.7745966692414834,0.7745966692414834,-0.39999999999999997,0.22540333075851657,0.0,4,-0.19999999999999998,0.7999999999999999,-0.39999999999999997,0.8,0.6,-0.5745966692414834,0.6
2,1,10,-0.8753839828992931,0.5878787878787878,-0.3282689935872349,0.0009053258282579358,-0.2875051950205053,10,-0.790277206784084,0.7212121212121211,-0.3282689935872349,0.006514223587240812,-0.06906508557196289,-0.08510677611520912,0.21844010944854242
2,2,9,-0.9205101496312953,0.75,-0.5941474602165634,0.00043110022419816726,-0.1705101496312953,9,-0.8117225864930513,0.8666666666666667,-0.5941474602165634,0.00788929768782947,0.054944080173615406,-0.108787563138244,0.2254542298049107
2,3,8,-0.9157291161525718,0.6904761904761906,-0.46991362539408293,0.0014031743248924412,-0.22525292567638122,8,-0.8554837795635869,0.7142857142857144,-0.46991362539408293,0.006751330250937942,-0.1411980652778725,-0.0602453365889849,0.08405486039850874
2,4,7,-0.9549937104572925,0.8571428571428573,-0.702731220902536,0.0008055353363017577,-0.09785085331443522,7,-0.8648999641877367,0.9285714285714288,-0.702731220902536,0.011965034552489661,0.06367146438369209,-0.0900937462695558,0.1615223176981273
2,5,6,-0.942857142857143,0.7142857142857143,-0.5428571428571429,0.0048046647230320545,-0.22857142857142865,6,-0.8285714285714287,0.8285714285714287,-0.5428571428571429,0.04156268221574334,0.0,-0.11428571428571421,0.22857142857142865
2,6,5,-0.9486832980505138,0.49999999999999994,-0.47434164902525683,0.013846832988859059,-0.4486832980505138,5,-0.7905694150420948,0.7,-0.47434164902525683,0.11136715471408384,-0.09056941504209481,-0.158113883008419,0.358113883008419
2,7,4,-0.888888888888889,0.21081851067789195,-0.21081851067789195,0.11111111111111102,-0.678070378210997,4,-0.7378647873726218,0.39999999999999997,-0.21081851067789195,0.2621352126273781,-0.3378647873726219,-0.1510241015162671,0.34020559083837515
3,1,11,-0.547945205479452,0.8974966337290644,-0.615035764230577,0.08097752030217384,0.3495514282496124,11,-0.7562661989798207,0.7363636363636363,-0.615035764230577,0.007074250310379045,-0.019902562616184394,0.2083209935003687,-0.3694539908657968
3,2,9,-0.6154745444535429,0.8870370532810664,-0.27240208984279957,0.07766523793676061,0.27156250882752353,9,-0.5618293103007741,0.9,-0.27240208984279957,0.11541307591231773,0.3381706896992259,-0.053645234152768784,0.0666081808717024
3,3,9,-0.5490166426405834,0.3291402943021916,0.42844216777938476,0.1257923203565114,-0.21987634833839176,9,-0.6557788282337521,0.26666666666666666,0.42844216777938476,0.05513773769637093,-0.38911216156708545,0.10676218559316875,-0.1692358132286937
3,4,8,-0.5093265948749521,0.7395161835775298,-0.26837252006084666,0.19731717655129366,0.23018958870257766,8,-0.51234753829798,0.880952380952381,-0.26837252006084666,0.1942234213599954,0.3686048426544011,0.003020943423027833,0.1384152539518234
3,5,7,-0.4623173950192375,0.9549937104572924,-0.378489059622558,0.2962597367432355,0.4926763154380549,7,0.13944333775567924,0.5714285714285715,-0.378489059622558,0.7655684154406969,0.43198523367289227,-0.3228740572635583,-0.060691081765162636
3,6,5,-0.7826237921249264,0.7826237921249264,-0.8999999999999998,0.11761376087345808,0.0,5,-0.8999999999999998,0.7999999999999999,-0.8999999999999998,0.03738607346849874,-0.09999999999999987,0.11737620787507341,-0.09999999999999987
3,7,4,-0.632455532033676,1.0,-0.632455532033676,0.367544467966324,0.367544467966324,4,-0.316227766016838,0.7999999999999999,-0.632455532033676,0.683772233983162,0.48377223398316194,-0.316227766016838,0.11622776601683793
3,8,4,-0.632455532033676,0.19999999999999998,-0.632455532033676,0.367544467966324,-0.43245553203367604,4,-0.9486832980505139,0.39999999999999997,-0.632455532033676,0.05131670194948612,-0.5486832980505139,0.3162277660168379,-0.11622776601683782
4,1,11,-0.7716975428115072,0.8909090909090911,-0.5388184026731233,0.005399696456405776,0.11921154809758394,11,-0.9954441676503464,0.5545454545454546,-0.5388184026731233,1.690962394341394e-10,-0.4408987131048918,0.22374662483883923,-0.5601102612024758
4,2,11,-0.5316433278986707,0.8090909090909091,-0.7554931501717952,0.09234754377382257,0.27744758119223834,11,-0.8720815992723809,0.8636363636363636,-0.7554931501717952,0.0004646349104148837,-0.00844523563601729,0.3404382713737102,-0.2858928168282556
4,3,10,-0.45117803770677084,0.8145934285312865,-0.22173670957346323,0.1906048731688001,0.3634153908245156,10,-0.5701801103317626,0.9030303030303028,-0.22173670957346323,0.08525049031336161,0.3328501926985402,0.1190020726249918,-0.030565198125975412
4,4,9,-0.5021322058350292,0.8861469461982082,-0.798347516475217,0.16836219624106963,0.38401474036317906,9,-0.94120970363394,0.9166666666666666,-0.798347516475217,0.00015311536072670046,-0.024543036967273335,0.4390774977989108,-0.4085577773304524
4,5,8,-0.7711403083390079,0.8916309815169778,-0.880952380952381,0.025059026608687047,0.12049067317796991,8,-1.0,0.880952380952381,-0.880952380952381,0.0,-0.11904761904761896,0.22885969166099207,-0.23953829222558887
4,6,7,-0.6958374259266011,0.8078131663950782,-0.8288624656799143,0.08251249381340474,0.11197574046847703,7,-0.8288624656799143,1.0,-0.8288624656799143,0.021173515581004273,0.17113753432008572,0.13302503975331315,0.05916179385160869
4,7,6,-0.7164977208318385,0.753702346348183,-0.6767633692869747,0.10916727222779435,0.037204625516344514,6,-0.9121593238215745,0.7714285714285715,-0.6767633692869747,0.01123508794405949,-0.14073075239300303,0.195661602989736,-0.17793537790934755
4,8,5,-0.8720815992723809,0.8720815992723809,-0.9999999999999999,0.05385421772754211,0.0,5,-0.9999999999999999,0.9999999999999999,-0.9999999999999999,1.4042654220543672e-24,0.0,0.12791840072761895,0.0
4,9,4,-0.632455532033676,0.7999999999999999,-0.316227766016838,0.367544467966324,0.16754446796632394,4,-0.316227766016838,1.0,-0.316227766016838,0.683772233983162,0.683772233983162,-0.316227766016838,0.5162277660168381
5,1,12,-0.528549778598023,0.6386004222984786,-0.6538325712830588,0.07728292178945019,0.11005064370045559,12,-0.9625868410556143,0.6643356643356644,-0.6538325712830588,5.421223627357898e-07,-0.29825117671994994,0.4340370624575913,-0.4083018204204055
5,2,11,-0.38596612448015577,0.7646841774710358,-0.6769584383643705,0.241032302979529,0.37871805299088,11,-0.8390470785361213,0.8181818181818182,-0.6769584383643705,0.001242658224198965,-0.020865260354303028,0.4530809540559655,-0.39958331334518304
5,3,10,-0.22430015382565208,0.07976060548818034,-0.541602560309064,0.5332923907133822,-0.14453954833747173,10,-0.19079181101796572,0.19999999999999998,-0.541602560309064,0.5975064030830337,0.009208188982034266,-0.03350834280768636,0.153747737319506
5,4,6,-0.7084472691787521,0.550782483869826,-0.5161002296110789,0.11511306463583759,-0.15766478530892614,6,-0.6375355777548621,0.6,-0.5161002296110789,0.1732603152985335,-0.03753557775486216,-0.07091169142388998,0.12012920755406398
5,5,8,-0.7804878048780488,0.3132757502627219,-0.024098134635593998,0.022280973980840245,-0.4672120546153269,8,-0.9157291161525718,0.1666666666666667,-0.024098134635593998,0.0014031743248924412,-0.7490624494859051,0.135241311274523,-0.28185039487057817
5,6,7,-0.5585812268712466,0.1785714285714286,-0.6486749731408026,0.19245253188052203,-0.38000979829981796,7,-0.4865062298556019,0.10714285714285716,-0.6486749731408026,0.26824856231783106,-0.37936337271274473,-0.07207499701564468,0.0006464255870732294
5,7,4,-0.9486832980505139,0.9486832980505139,-1.0,0.05131670194948612,0.0,4,-0.19999999999999998,0.19999999999999998,-1.0,0.8,0.0,-0.7486832980505139,0.0
5,8,5,-0.49999999999999994,0.7,-0.6,0.39100221895577053,0.2,5,-0.19999999999999998,0.39999999999999997,-0.6,0.747060078104662,0.19999999999999998,-0.29999999999999993,-2.7755575615628914e-17
5,9,4,-0.7378647873726218,1.0,-0.7378647873726218,0.2621352126273781,0.26213521262737816,4,0.316227766016838,0.39999999999999997,-0.7378647873726218,0.683772233983162,0.08377223398316197,-0.42163702135578385,-0.17836297864421619
6,1,12,-0.8162748014082774,0.8896686147896998,-0.6666925892313099,0.0012002195794331486,0.07339381338142248,12,-0.9630004066674477,0.7482517482517484,-0.6666925892313099,5.131730319295639e-07,-0.21474865841569923,0.14672560525917033,-0.2881424717971217
6,2,12,-0.7208480565371026,0.906866734809528,-0.8154770638597305,0.008165034439715672,0.18601867827242535,12,-0.9174116968421968,0.9300699300699302,-0.8154770638597305,2.6309105958533958e-05,0.012658233227733406,0.1965636403050942,-0.17336044504469195
6,3,10,-0.4278083544367336,0.6646465023178235,-0.3751832396884334,0.21745641860909565,0.23683814788108992,10,-0.8191500733197464,0.7575757575757575,-0.3751832396884334,0.0037389509808080203,-0.06157431574398897,0.39134171888301283,-0.2984124636250789
6,4,9,-0.6980303552221739,0.9166666666666666,-0.8597690960663361,0.03651994231925895,0.2186363114444927,9,-0.961919879757386,0.9500000000000001,-0.8597690960663361,3.41815583264264e-05,-0.011919879757385954,0.2638895245352121,-0.23055619120187865
6,5,8,-0.7349931063856169,0.8095238095238096,-0.8434347122457899,0.037770210348283775,0.07453070313819277,8,-0.8434347122457898,0.8095238095238096,-0.8434347122457899,0.008503234145179265,-0.03391090272198016,0.10844160586017293,-0.10844160586017293
6,6,7,-0.8108437164260032,0.7142857142857144,-0.6126374746329801,0.02691632884316199,-0.09655800214028876,7,-0.8829187134416479,0.7857142857142859,-0.6126374746329801,0.008450342381896611,-0.09720442772736193,0.07207499701564468,-0.0006464255870731739
6,7,6,-0.6176470588235294,0.6377481392176932,-0.5797710356524485,0.19134184815794816,0.020101080394163806,6,0.2608969660436018,0.5428571428571429,-0.5797710356524485,0.6175338174259972,0.28196017681354113,-0.35675009277992764,0.2618590964193773
6,8,5,-0.6324555320336759,0.47434164902525683,-0.3,0.2522154963555042,-0.15811388300841905,5,0.0,-0.19999999999999998,-0.3,1.0,0.19999999999999998,-0.6324555320336759,0.35811388300841906
7,1,13,-0.7844235681453219,0.906091176980121,-0.661149973453708,0.0014990034163260629,0.1216676088347991,13,-0.9101185827040583,0.8791208791208791,-0.661149973453708,1.572534511457249e-05,-0.030997703583179215,0.12569501455873644,-0.15266531241797832
7,2,11,-0.5506263422419638,0.9490938946064404,-0.5471625829473264,0.07920146155830445,0.3984675523644766,11,-0.7218867690985736,0.9090909090909091,-0.5471625829473264,0.012131150831825002,0.18720413999233543,0.1712604268566098,-0.2112634123721412
7,3,9,-0.8945227307474957,0.9288784237188525,-0.747925568066256,0.001130305138297832,0.03435569297135688,9,-0.9580170197702604,0.8666666666666667,-0.747925568066256,4.7910678845626705e-05,-0.09135035310359374,0.06349428902276477,-0.12570604607495062
7,4,9,-0.7693431805669284,0.9456149718939671,-0.6469549633766489,0.01535651310809261,0.17627179132703874,9,-0.8938193572966859,0.8166666666666667,-0.6469549633766489,0.0011560848338519284,-0.07715269063001928,0.12447617672975753,-0.253424481957058
7,5,8,-0.569707432739473,0.9461247469114745,-0.5301589619830679,0.14042793473636947,0.3764173141720015,8,-0.8193365776101958,0.880952380952381,-0.5301589619830679,0.01281650190367177,0.061615803342185194,0.24962914487072285,-0.31480151082981633
7,6,7,-0.8468812149338255,0.8214285714285715,-0.8288624656799143,0.016197127467871632,-0.025452643505254002,7,-0.9549937104572925,0.8214285714285715,-0.8288624656799143,0.0008055353363017577,-0.13356513902872102,0.10811249552346702,-0.10811249552346702
7,7,6,-0.6667366910003157,0.6,-0.20291986247835694,0.14808979944035278,-0.06673669100031576,6,-0.5507824838698261,0.8857142857142858,-0.20291986247835694,0.2573693316225744,0.3349318018444597,-0.11595420713048965,0.40166849284477546
7,8,5,-0.6315789473684211,0.6668859288553503,-0.9746794344808963,0.25308042455441565,0.03530698148692912,5,-0.6668859288553501,0.7,-0.9746794344808963,0.21889398131323168,0.033114071144649815,0.03530698148692901,-0.0021929103422793084
7,9,4,-0.632455532033676,0.39999999999999997,-0.316227766016838,0.367544467966324,-0.23245553203367603,4,-0.9486832980505139,0.19999999999999998,-0.316227766016838,0.05131670194948612,-0.7486832980505139,0.3162277660168379,-0.516227766016838
8,1,13,-0.7468886812182206,0.8292042483657825,-0.5848325931185439,0.0033506114313963642,0.08231556714756194,13,-0.8882834669064676,0.6978021978021978,-0.5848325931185439,4.980565186857296e-05,-0.19048126910426988,0.14139478568824704,-0.2727968362518318
8,2,13,-0.6842896839741881,0.8055241376915794,-0.6842341534123606,0.009884560450095328,0.12123445371739128,13,-0.9086186328714748,0.8406593406593407,-0.6842341534123606,1.717305957125572e-05,-0.06795929221213415,0.22432894889728672,-0.18919374592952543
8,3,12,-0.6176191394485541,0.7510085782905936,-0.8324838680348633,0.03235773179692612,0.13338943884203958,12,-0.7019673294022786,0.8181818181818183,-0.8324838680348633,0.010933312654991456,0.11621448877953977,0.0843481899537245,-0.017174950062499805
8,4,9,-0.9029616244337929,0.7227145938617754,-0.7949860383179369,0.0008514101202053021,-0.18024703057201752,9,-0.912141875543738,0.8666666666666667,-0.7949860383179369,0.0006068506794715019,-0.04547520887707135,0.009180251109945137,0.13477182169494617
8,5,9,-0.5556367415205595,0.7235680511449363,-0.7364081197050363,0.12036285331773307,0.16793130962437675,9,-0.8451956828432803,0.9,-0.7364081197050363,0.004116597419302819,0.05480431715671974,0.28955894132272075,-0.113126992467657
8,6,8,-0.4698795180722891,0.5509080804800991,-0.5628843430992316,0.2400654549428066,0.08102856240780998,8,-0.467074242146171,0.6904761904761906,-0.5628843430992316,0.24326991663399547,0.22340194833001958,-0.0028052759261181226,0.1423733859222096
8,7,6,-0.7941176470588236,0.43482827673933633,-0.6957252427829381,0.05921789130877258,-0.35928937031948727,6,-0.8116794499134279,0.48571428571428577,-0.6957252427829381,0.04985758510134035,-0.3259651641991421,0.01756180285460429,0.033324206120345146
8,8,4,-0.7378647873726218,0.632455532033676,0.0,0.2621352126273781,-0.10540925533894585,4,0.39999999999999997,0.7999999999999999,0.0,0.6,0.39999999999999997,-0.3378647873726219,0.5054092553389458
8,9,5,-0.6155870112510925,0.3,-0.5642880936468347,0.26899777011582215,-0.3155870112510925,5,-0.8720815992723809,0.6,-0.5642880936468347,0.05385421772754211,-0.27208159927238096,0.25649458802128844,0.04350541197871155
8,10,4,-0.7999999999999999,0.39999999999999997,-0.7999999999999999,0.20000000000000007,-0.39999999999999997,4,-0.7999999999999999,0.39999999999999997,-0.7999999999999999,0.20000000000000007,-0.39999999999999997,0.0,0.0
9,1,16,-0.689859552416322,0.851666314927725,-0.8569358817698505,0.003103923520304052,0.16180676251140302,16,-0.7802393828851134,0.85,-0.8569358817698505,0.0003628908855776732,0.06976061711488657,0.09037983046879139,-0.09204614539651645
9,2,11,-0.8654441396047277,0.9266445023146869,-0.801308218889635,0.0005776117485171521,0.06120036270995921,11,-0.8997144913848533,0.9363636363636365,-0.801308218889635,0.00016196822601636596,0.036649144978783244,0.03427035178012561,-0.024551217731175967
9,3,13,-0.7423822714681441,0.7972482047700905,-0.6069017475758474,0.0036572036614900727,0.054865933301946446,13,-0.8524210909133494,0.8021978021978022,-0.6069017475758474,0.00021431796288921118,-0.050223288715547154,0.11003881944520533,-0.1050892220174936
9,4,10,-0.5766979695019764,0.8024353176576853,-0.31805619881428193,0.08093974156850837,0.2257373481557089,10,-0.8624216160156492,0.5878787878787878,-0.31805619881428193,0.0013231707980979025,-0.27454282813686137,0.28572364651367277,-0.5002801762925703
9,5,10,-0.6395015747837869,0.8581718527846035,-0.8185584150125625,0.046480026348288156,0.21867027800081662,10,-0.6339211785435636,0.9151515151515152,-0.8185584150125625,0.04904625067415721,0.2812303366079516,-0.005580396240223329,0.06256005860713498
9,6,9,-0.720442472597111,0.8560551733212731,-0.6,0.028566510893240093,0.1356127007241621,9,-0.6833333333333333,0.9,-0.6,0.04244227208707231,0.21666666666666667,-0.03710913926377768,0.08105396594250458
9,7,7,-0.6608480480431909,0.8046172777075037,-0.36037498507822363,0.10607263884049287,0.14376922966431283,7,-0.41443123283995714,0.8928571428571429,-0.36037498507822363,0.3552689437660521,0.47842591001718576,-0.24641681520323372,0.33465668035287294
9,8,5,-0.8603090020146066,0.22360679774997896,-0.10259783520851543,0.06134377933669487,-0.6367022042646276,5,-0.6155870112510925,0.7,-0.10259783520851543,0.26899777011582215,0.08441298874890746,-0.24472199076351409,0.7211151930135351
9,9,4,-0.316227766016838,0.632455532033676,0.39999999999999997,0.683772233983162,0.316227766016838,4,0.6000000000000001,0.39999999999999997,0.39999999999999997,0.3999999999999999,-0.20000000000000012,0.2837722339831621,-0.5162277660168382
10,1,11,-0.3443741046871569,0.6435682390352331,-0.8046508572754801,0.29970394186604127,0.2991941343480762,11,-0.7310827788960076,0.9181818181818183,-0.8046508572754801,0.01058151214300531,0.18709903928581073,0.3867086742088507,-0.11209509506226545
10,2,9,-0.9492889050691345,0.9153857298880941,-0.8499999999999999,9.200022809995669e-05,-0.03390317518104047,9,-0.9833333333333333,0.8333333333333333,-0.8499999999999999,1.9361963037459243e-06,-0.15000000000000002,0.034044428264198734,-0.11609682481895955
10,3,10,-0.7964328705698838,0.8303030303030302,-0.8519979545631315,0.005828797612346453,0.03387015973314644,10,-0.8890413438919634,0.9151515151515152,-0.8519979545631315,0.0005788836137017755,0.02611017125955173,0.09260847332207967,-0.0077599884735947144
10,4,9,-0.6945667492672501,0.903773601456181,-0.8166666666666667,0.037864053843451616,0.20920685218893087,9,-0.9666666666666667,0.8666666666666667,-0.8166666666666667,2.155031274835775e-05,-0.09999999999999998,0.2720999173994165,-0.30920685218893085
10,5,8,-0.6024096385542168,0.8742671711966791,-0.6826469692905576,0.11399775730874563,0.27185753264246226,8,-0.9700772721497397,0.7619047619047621,-0.6826469692905576,6.548558831120658e-05,-0.20817251024497763,0.3676676335955229,-0.4800300428874399
10,6,7,-0.7207499701564473,0.8829187134416479,-0.7142857142857144,0.06763499473028148,0.1621687432852006,7,-0.9642857142857145,0.8571428571428573,-0.7142857142857144,0.0004541491691941689,-0.1071428571428572,0.24353574412926726,-0.2693116004280578
10,7,6,-0.7164977208318385,0.6667366910003157,-0.7944613465542746,0.10916727222779435,-0.04976102983152275,6,0.44136741475237473,0.028571428571428574,-0.7944613465542746,0.3809392104771887,-0.41279598618094615,-0.27513030607946376,-0.3630349563494234
10,8,5,-0.5263157894736843,0.6668859288553503,-0.9746794344808963,0.3622454811898449,0.14057013938166596,5,-0.9746794344808964,0.9999999999999999,-0.9746794344808963,0.004818230468198537,0.025320565519103444,0.44836364500721215,-0.11524957386256252
10,9,4,-0.632455532033676,0.7999999999999999,-0.9486832980505139,0.367544467966324,0.16754446796632394,4,-0.316227766016838,0.39999999999999997,-0.9486832980505139,0.683772233983162,0.08377223398316197,-0.316227766016838,-0.08377223398316197
11,1,12,-0.7637956634057484,0.9368478722730427,-0.8602430159377403,0.0038336219600154328,0.17305220886729422,12,-0.934585004969397,0.9300699300699302,-0.8602430159377403,8.446749095737233e-06,-0.004515074899466787,0.17078934156364856,-0.177567283766761
11,2,11,-0.8618335160260329,0.8909090909090911,-0.8480073098865779,0.000647174504559717,0.02907557488305823,11,-0.9355732821031266,0.9090909090909091,-0.8480073098865779,2.3316285043219576e-05,-0.026482373012217564,0.07373976607709376,-0.055557947895275794
11,3,10,-0.5528376882849985,0.7500139429824981,-0.37660779150979,0.09742954840387326,0.19717625469749966,10,-0.580346432818365,0.8303030303030302,-0.37660779150979,0.07858937047290734,0.24995659748466525,0.02750874453336649,0.05278034278716559
11,4,9,-0.5618293103007741,0.978945010372561,-0.5166666666666667,0.11541307591231773,0.4171157000717869,9,-0.8666666666666667,0.8166666666666667,-0.5166666666666667,0.0024953982859902053,-0.050000000000000044,0.3048373563658926,-0.46711570007178693
11,5,8,-0.5180722891566265,0.7784570702436183,-0.08383383833392813,0.18843166833503522,0.2603847810869918,8,-0.5868368683374969,0.8095238095238096,-0.08383383833392813,0.12619898553608933,0.22268694118631271,0.06876457918087042,-0.0376978399006791
11,6,7,-0.23145502494313788,0.3086066999241838,0.3571428571428572,0.617509540176697,0.07715167498104594,7,0.03571428571428572,0.642857142857143,0.3571428571428572,0.9394082054712856,0.6071428571428573,-0.19574073922885216,0.5299911821618114
11,7,6,-0.6776452139970672,0.6982532518267538,-0.05797710356524484,0.13912054882156252,0.020608037829686565,6,0.5507824838698261,0.7142857142857143,-0.05797710356524484,0.2573693316225744,0.1635032304158882,-0.12686273012724114,0.14289519258620165
11,8,5,-0.35909242322980395,0.9999999999999999,-0.35909242322980395,0.5528147466433505,0.6409075767701959,5,0.35909242322980395,0.6,-0.35909242322980395,0.5528147466433505,0.24090757677019603,0.0,-0.3999999999999999
12,1,11,-0.9333357995429584,0.9406490758530797,-0.9061998436779978,2.709899354448147e-05,0.007313276310121242,11,-0.9656978132124119,0.9363636363636365,-0.9061998436779978,1.4285472234838545e-06,-0.029334176848775373,0.03236201366945346,-0.036647453158896615
12,2,11,-0.6280156746398341,0.9066082746806284,-0.6915661063474073,0.03854548101272837,0.27859260004079434,11,-0.9004283532308527,0.8909090909090911,-0.6915661063474073,0.0001570108501967176,-0.00951926232176159,0.2724126785910186,-0.2881118623625559
12,3,10,-0.811336062533567,0.7575757575757575,-0.48927899954314347,0.004383959648740885,-0.05376030495780959,10,-0.9228173535687135,0.6848484848484848,-0.48927899954314347,0.0001413363706029561,-0.2379688687202287,0.11148129103514648,-0.18420856376241912
12,4,9,-0.6154745444535429,0.8451956828432803,-0.5192664837628367,0.07766523793676061,0.2297211383897374,9,-0.7831560082980488,0.8166666666666667,-0.5192664837628367,0.012553427612862154,0.033510658368617885,0.16768146384450588,-0.19621048002111952
12,5,8,-0.608033510325768,0.8916309815169778,-0.5006261743217589,0.10976314122041333,0.2835974711912098,8,-0.8510644963469902,0.8095238095238096,-0.5006261743217589,0.007364059224211301,-0.04154068682318057,0.2430309860212222,-0.3251381580143904
12,6,7,-0.6545454545454545,0.9549937104572924,-0.504524979109513,0.11064606224565098,0.3004482559118379,7,-0.7207499701564473,0.7857142857142859,-0.504524979109513,0.06763499473028148,0.06496431555783866,0.06620451561099272,-0.23548394035399922
12,7,6,-0.7944613465542746,0.7714285714285715,-0.3236694374850748,0.05902759992532669,-0.02303277512570312,6,-0.08827348295047495,0.7714285714285715,-0.3236694374850748,0.8679336982351336,0.6831550884780965,-0.7061878636037996,0.7061878636037996
12,8,4,-0.7999999999999999,0.19999999999999998,-0.39999999999999997,0.20000000000000007,-0.6,4,-0.39999999999999997,0.39999999999999997,-0.39999999999999997,0.6,0.0,-0.39999999999999997,0.6
12,9,4,-0.7745966692414834,0.7745966692414834,-0.39999999999999997,0.22540333075851657,0.0,4,-1.0,0.39999999999999997,-0.39999999999999997,0.0,-0.6000000000000001,0.2254033307585166,-0.6000000000000001
13,1,12,-0.43310127642468554,0.9176896735232337,-0.4358584306836491,0.15960396375934005,0.4845883970985482,12,-0.9349866335633118,0.6293706293706295,-0.4358584306836491,8.196234826930984e-06,-0.3056160041926823,0.5018853571386263,-0.7902044012912305
13,2,11,-0.3795170520998532,0.9020524542048464,-0.23373674750211426,0.24965705409918804,0.5225354021049932,11,-0.6918607726062582,0.8090909090909091,-0.23373674750211426,0.018337354318294488,0.11723013648465086,0.312343720506405,-0.4053052656203423
13,3,10,-0.3649603707534045,0.9300954818304988,-0.31993948660418237,0.29975767041359297,0.5651351110770944,10,-0.6210590034081187,0.8787878787878788,-0.31993948660418237,0.055316406954262994,0.2577288753797601,0.2560986326547142,-0.3074062356973343
13,4,9,-0.6753123473865261,0.903773601456181,-0.8512565307587486,0.045919878221862366,0.2284612540696549,9,-0.8512565307587485,0.9333333333333332,-0.8512565307587486,0.0036019340745685,0.08207680257458472,0.1759441833722224,-0.14638445149507018
13,5,8,-0.7272860843482635,0.8862434338158116,-0.8072875102923989,0.04090073933682486,0.15895734946754814,8,-0.8916309815169778,0.9761904761904763,-0.8072875102923989,0.002928680906134816,0.08455949467349844,0.16434489716871437,-0.0743978547940497
13,6,7,-0.6727272727272727,0.6306562238868914,-0.5765999761251578,0.09772552705382047,-0.042071048840381375,7,-0.8829187134416479,0.7857142857142859,-0.5765999761251578,0.008450342381896611,-0.09720442772736193,0.21019144071437512,-0.055133378886980555
13,7,6,-0.6767633692869747,0.8827348295047495,-0.5428571428571429,0.1398366873478105,0.2059714602177748,6,-0.6571428571428573,0.7714285714285715,-0.5428571428571429,0.15617492711370237,0.11428571428571421,-0.01962051214411742,-0.09168574593206058
13,8,5,-0.5263157894736843,0.6668859288553503,-0.6668859288553503,0.3622454811898449,0.14057013938166596,5,-0.6668859288553501,0.9999999999999999,-0.6668859288553503,0.21889398131323168,0.33311407114464975,0.14057013938166585,0.1925439317629838
13,9,4,-0.7745966692414834,0.7745966692414834,-0.19999999999999998,0.22540333075851657,0.0,4,-0.7999999999999999,0.39999999999999997,-0.19999999999999998,0.20000000000000007,-0.39999999999999997,0.02540333075851653,-0.39999999999999997
14,1,12,-0.8111071056538127,0.6865159389715795,-0.26269872289491436,0.0013660672915176662,-0.12459116668223325,12,-0.8204836824663079,0.6713286713286714,-0.26269872289491436,0.0010769789968638217,-0.14915501113763652,0.009376576812495152,-0.024563844455403272
14,2,12,-0.7605680951848135,0.9001765118147749,-0.6713625827465884,0.004078632653800582,0.13960841662996137,12,-0.8998367601210819,0.8391608391608393,-0.6713625827465884,6.696956534237246e-05,-0.06067592096024266,0.13926866493626844,-0.20028433759020403
14,3,11,-0.731229244706678,0.9545454545454546,-0.8268147668905574,0.010558059801080233,0.22331620983877654,11,-0.8746075279824972,0.9727272727272729,-0.8268147668905574,0.00042636656139976697,0.0981197447447757,0.14337828327581914,-0.12519646509400084
14,4,10,-0.7740271947157342,0.9268464986450383,-0.6339211785435636,0.008596253890487928,0.1528193039293041,10,-0.830867564110496,0.9393939393939393,-0.6339211785435636,0.0029033919021513627,0.10852637528344333,0.05684036939476178,-0.04429292864586076
14,5,9,-0.8607671560023072,0.9205101496312954,-0.8235584906796976,0.002886237120161603,0.05974299362898816,9,-0.9748243359065808,0.9,-0.8235584906796976,8.133774702684446e-06,-0.07482433590658077,0.11405717990427355,-0.13456732953556894
14,6,8,-0.880952380952381,0.8333333333333335,-0.523809523809524,0.0038503204637324014,-0.04761904761904756,8,-0.9047619047619048,0.7857142857142858,-0.523809523809524,0.0020082755054294677,-0.11904761904761896,0.023809523809523725,-0.0714285714285714
14,7,7,-0.6126374746329801,1.0,-0.6126374746329801,0.1435885753012859,0.38736252536701987,7,-0.4504687313477795,0.9285714285714288,-0.6126374746329801,0.3104293018513229,0.47810269722364934,-0.16216874328520064,0.09074017185662947
14,8,6,-0.49280538030458115,0.8857142857142858,-0.11595420713048968,0.3206325828658273,0.39290890540970463,6,-0.11595420713048969,0.8857142857142858,-0.11595420713048968,0.826848213385815,0.7697600785837961,-0.37685117317409145,0.3768511731740915
14,9,4,,,0.7999999999999999,,,4,1.0,0.7999999999999999,0.7999999999999999,0.0,-0.20000000000000007,,
15,1,13,-0.6462395543175488,0.8907543575401422,-0.4619750860534278,0.017011288949963288,0.24451480322259345,13,-0.4426108608895117,0.945054945054945,-0.4619750860534278,0.1298796804489801,0.5024440841654334,-0.20362869342803708,0.25792928094283996
15,2,11,-0.5661385170722978,0.8321028211075269,-0.23854214911071145,0.06943421565546841,0.2659643040352291,11,-0.4312108080078245,0.9090909090909091,-0.23854214911071145,0.18544841577784052,0.47788010108308454,-0.13492770906447327,0.21191579704785546
15,3,11,-0.48259575760845536,0.8428267880196796,-0.7245839172565544,0.13271688224600545,0.36023103041122423,11,-0.5282450493547783,0.8363636363636365,-0.7245839172565544,0.09484311810806345,0.3081185870088582,0.045649291746322984,-0.05211244340236604
15,4,9,-0.7196715715299219,0.7999999999999999,-0.6359888306543495,0.02881918460143579,0.08032842847007804,9,-0.8451956828432803,0.9,-0.6359888306543495,0.004116597419302819,0.05480431715671974,0.1255241113133584,-0.0255241113133583
15,5,8,-0.41079693277047746,0.6024533658898499,0.20293851577273644,0.3120233487470543,0.19165643311937242,8,-0.20293851577273644,0.8095238095238096,0.20293851577273644,0.6298084897377183,0.6065852937510732,-0.20785841699774102,0.41492886063170076
15,6,8,-0.2804878048780488,0.686796837114429,0.168686942449158,0.5010180002080229,0.40630903223638015,8,0.4578645580762859,0.8333333333333335,0.168686942449158,0.2539413413452635,0.3754687752570476,0.1773767531982371,-0.03084025697933257
15,7,7,-0.8468812149338255,0.8468812149338255,-0.9642857142857145,0.016197127467871632,0.0,7,-0.9642857142857145,1.0,-0.9642857142857145,0.0004541491691941689,0.035714285714285476,0.11740449935188901,0.035714285714285476
15,8,7,-0.39267773580355203,0.9636241116594317,-0.30631873731649006,0.3835537561307606,0.5709463758558797,7,0.01801874925391118,0.8928571428571429,-0.30631873731649006,0.9694153868031987,0.8748383936032317,-0.37465898654964086,0.303892017747352
15,9,5,-0.8720815992723809,0.8720815992723809,-0.6,0.05385421772754211,0.0,5,-0.3,0.6,-0.6,0.6238376647810728,0.3,-0.5720815992723809,0.3
16,1,12,-0.9201886304993039,0.7972027972027973,-0.5542448894127081,2.2279789327896387e-05,-0.12298583329650659,12,-0.9486114453409812,0.7552447552447553,-0.5542448894127081,2.5883204799607794e-06,-0.19336669009622587,0.028422814841677302,-0.07038085679971928
16,2,12,-0.8235935283215999,0.8807071758072424,-0.9486114453409813,0.0009923688174076574,0.057113647485642516,12,-0.984139963893078,0.9440559440559443,-0.9486114453409813,7.695852620254271e-09,-0.04008401983713372,0.16054643557147807,-0.09719766732277624
16,3,11,-0.7268830117709217,0.7899625734105961,-0.8249636329874862,0.011270204747547417,0.06307956163967432,11,-0.9862693712811287,0.881818181818182,-0.8249636329874862,2.390348942277324e-08,-0.10445118946294674,0.25938635951020694,-0.16753075110262106
16,4,10,-0.607373393411656,0.686933264358473,-0.8440722199302098,0.06254703066212362,0.07955987094681705,10,-0.9908673886137245,0.8666666666666665,-0.8440722199302098,3.010166323417494e-08,-0.124200721947058,0.3834939952020685,-0.20376059289387505
16,5,9,-0.7372881355932204,0.8655767810204985,-0.9159987294294596,0.023402165588327355,0.12828864542727814,9,-0.9748243359065808,0.9333333333333332,-0.9159987294294596,8.133774702684446e-06,-0.04149100257324756,0.23753620031336042,-0.1697796480005257
16,6,8,-0.7731370925362602,0.8539125638299666,-0.8024095954818835,0.024448548129610857,0.08077547129370644,8,-0.9221722216732094,0.9285714285714287,-0.8024095954818835,0.0011108173578061712,0.006399206898219267,0.14903512913694927,-0.07437626439548717
16,7,7,-0.6910233190806426,0.909241209316635,-0.7500000000000002,0.08556959003160274,0.21821789023599236,7,-1.0,0.7500000000000002,-0.7500000000000002,0.0,-0.24999999999999978,0.30897668091935737,-0.46821789023599214
16,8,6,-0.6982532518267538,0.9411239481143202,-0.7142857142857143,0.12283946337339596,0.2428706962875664,6,-0.942857142857143,0.8857142857142858,-0.7142857142857143,0.0048046647230320545,-0.05714285714285716,0.24460389103038915,-0.3000135534304236
16,9,5,-0.5263157894736843,0.6668859288553503,-0.15389675281277312,0.3622454811898449,0.14057013938166596,5,-0.6668859288553501,0.7,-0.15389675281277312,0.21889398131323168,0.033114071144649815,0.14057013938166585,-0.10745606823701614
16,10,4,-0.888888888888889,0.9486832980505139,-0.7378647873726218,0.11111111111111102,0.05979440916162493,4,-0.9486832980505139,0.7999999999999999,-0.7378647873726218,0.05131670194948612,-0.14868329805051395,0.05979440916162493,-0.20847770721213887
17,1,12,-0.8324631514932076,0.886165982448008,-0.6972003870519587,0.000778964799414552,0.05370283095480044,12,-0.9542490146014182,0.8111888111888113,-0.6972003870519587,1.461657556100422e-06,-0.14306020341260695,0.1217858631082106,-0.19676303436740739
17,2,12,-0.7686832740213523,0.9136157704280913,-0.6666925892313099,0.0034840445569666698,0.144932496406739,12,-0.7936816538467976,0.9300699300699302,-0.6666925892313099,0.0020580488165246715,0.13638827622313265,0.024998379825445283,-0.008544220183606344
17,3,11,-0.5243972372350741,0.7899625734105961,-0.17554257089229353,0.09772179553616066,0.2655653361755219,11,-0.4942909233019844,0.7636363636363637,-0.17554257089229353,0.12222792064573086,0.2693454403343793,-0.030106313933089768,0.003780104158857378
17,4,10,-0.6737802297335519,0.9757575757575757,-0.5911468053322673,0.03266479927526058,0.3019773460240238,10,-0.8390470785361211,0.8909090909090909,-0.5911468053322673,0.002406182761095601,0.051862012372969724,0.16526684880256926,-0.2501153336510541
17,5,9,-0.29191271397706137,0.6443571047419068,0.23939494881986928,0.44594628853333584,0.3524443907648454,9,0.3163433252262558,0.8333333333333333,0.23939494881986928,0.4069029394428369,0.5169900081070775,0.024430611249194434,0.1645456173422321
17,6,8,-0.23034110636021415,0.7637626158259734,0.14285714285714288,0.5831437849827301,0.5334215094657593,8,-0.880952380952381,0.11904761904761905,0.14285714285714288,0.0038503204637324014,-0.761904761904762,0.6506112745921668,-1.2953262713705214
17,7,8,-0.4662664434271298,0.9157291161525718,-0.5212982933415373,0.24419666300690696,0.449462672725442,8,0.0,0.7619047619047621,-0.5212982933415373,1.0,0.7619047619047621,-0.4662664434271298,0.3124420891793201
17,8,7,-0.5688312786486196,0.8288624656799143,-0.5637295497763137,0.18264698792498882,0.2600311870312947,7,-0.18184824186332701,0.642857142857143,-0.5637295497763137,0.6963638336303282,0.461008900993816,-0.38698303678529256,0.2009777139625213
17,9,6,-0.14705882352941177,0.753702346348183,0.14494275891311212,0.7810019336454305,0.6066435228187712,6,0.028988551782622423,0.6,0.14494275891311212,0.9565293523898406,0.5710114482173776,-0.11807027174678934,-0.035632074601393615
17,10,5,-0.7826237921249264,0.8944271909999159,-0.8999999999999998,0.11761376087345808,0.11180339887498947,5,-0.7,0.8999999999999998,-0.8999999999999998,0.1881204043741873,0.19999999999999984,-0.08262379212492643,0.08819660112501038
17,11,4,-0.316227766016838,0.316227766016838,-1.0,0.683772233983162,0.0,4,-1.0,1.0,-1.0,0.0,0.0,0.683772233983162,0.0
18,1,12,-0.7700840625250668,0.9103817221537509,-0.7660345126550493,0.0033884734067987496,0.14029765962868412,12,-0.8724281949682505,0.9160839160839163,-0.7660345126550493,0.00021398144611285225,0.043655721115665735,0.10234413244318374,-0.09664193851301839
18,2,11,-0.8193340002655395,0.9090909090909091,-0.6639430691806958,0.002027979449892296,0.08975690882536957,11,-0.7957899197981388,0.9,-0.6639430691806958,0.003393929882319364,0.10421008020186118,-0.02354408046740064,0.014453171376491603
18,3,9,-0.5244226335204368,0.7698812160552653,-0.6701989754294366,0.14721985492808948,0.24545858253482844,9,-0.42649025709145966,0.7666666666666667,-0.6701989754294366,0.25231632136598314,0.34017640957520706,-0.09793237642897717,0.09471782704037862
18,4,7,-0.7636363636363637,0.8108437164260032,-0.5585812268712466,0.0457167900231252,0.0472073527896395,7,-0.8648999641877367,0.7500000000000002,-0.5585812268712466,0.011965034552489661,-0.11489996418773651,0.10126360055137307,-0.16210731697737601
18,5,9,-0.5569669832956106,0.6694619270045785,-0.4117792453398488,0.11928907564121079,0.11249494370896795,9,-0.5714487486348921,0.7833333333333333,-0.4117792453398488,0.10797035347412808,0.21188458469844118,0.014481765339281583,0.09938964098947323
18,6,8,-0.5575859980003354,0.8742671711966791,-0.6265515005254438,0.15100847882069238,0.3166811731963437,8,-0.5663061639364588,0.9285714285714287,-0.6265515005254438,0.1433540530104835,0.3622652646349699,0.008720165936123458,0.045584091438626184
18,7,7,-0.8524367141602663,0.9265616458263765,-0.8571428571428573,0.014814085490537589,0.07412493166611012,7,-0.7857142857142859,0.8571428571428573,-0.8571428571428573,0.03623846267982713,0.0714285714285714,-0.06672242844598042,-0.0026963602375387197
18,8,6,-0.33946736991660226,0.2571428571428572,0.3086066999241838,0.5103587316774343,-0.08232451277374508,6,0.7406560798180413,0.48571428571428577,0.3086066999241838,0.09216726216588661,-0.2549417941037555,0.401188709901439,-0.17261728133001042
18,9,5,-0.7894736842105264,0.8720815992723809,-0.6668859288553503,0.11222247808652754,0.0826079150618545,5,0.5642880936468347,0.09999999999999999,-0.6668859288553503,0.32172333582430024,-0.46428809364683477,-0.2251855905636917,-0.5468960087086893
18,10,4,,,-0.7999999999999999,,,4,-0.7999999999999999,0.6000000000000001,-0.7999999999999999,0.20000000000000007,-0.19999999999999984,,
19,1,13,-0.7586271844698093,0.9065934065934067,-0.6234536134188251,0.0026449219836846664,0.14796622212359745,13,-0.8938007555207935,0.8516483516483516,-0.6234536134188251,3.811202530579579e-05,-0.0421524038724419,0.13517357105098426,-0.19011862599603935
19,2,12,-0.5725250135716106,0.9193039046274801,-0.5990456491493621,0.051717231059034655,0.34677889105586956,12,-0.8522137508731997,0.8391608391608393,-0.5990456491493621,0.0004308612421591006,-0.013052911712360449,0.27968873730158916,-0.35983180276823
19,3,11,-0.810219917579053,0.8127938616594571,-0.6959190423525721,0.002495527932944579,0.0025739440804041225,11,-0.9678344297618551,0.790909090909091,-0.6959190423525721,1.0728831628428118e-06,-0.17692533885276407,0.1576145121828021,-0.1794992829331682
19,4,10,-0.5062114182829147,0.8924133096001623,-0.7112494861056755,0.13545217343919458,0.3862018913172476,10,-0.8510677611520905,0.9515151515151514,-0.7112494861056755,0.0017911300301950417,0.10044739036306094,0.34485634286917577,-0.28575450095418664
19,5,9,-0.8067226890756304,0.8619322310183948,-0.6778302010921357,0.008602264100669848,0.055209541942764395,9,-0.912141875543738,0.8666666666666667,-0.6778302010921357,0.0006068506794715019,-0.04547520887707135,0.10541918646810766,-0.10068475081983574
19,6,9,-0.5316503022367192,0.803354312405494,-0.7395219099980958,0.14071653990534627,0.2717040101687749,9,-0.8403658068160178,0.9333333333333332,-0.7395219099980958,0.004561188635048483,0.09296752651731544,0.30871550457929864,-0.17873648365145944
19,7,8,-0.450563556889583,0.5006261743217589,-0.5000000000000001,0.26256482462045555,0.05006261743217594,8,-0.8095238095238096,0.7619047619047621,-0.5000000000000001,0.014902667686230067,-0.04761904761904756,0.35896025263422665,-0.0976816650512235
19,8,7,-0.5052248022814558,0.6736330697086078,-0.7857142857142859,0.24743899672082056,0.16840826742715198,7,-1.0,0.7857142857142859,-0.7857142857142859,0.0,-0.21428571428571408,0.49477519771854417,-0.38269398171286606
19,9,6,-0.6764705882352942,0.898645105261295,-0.7247137945655605,0.14007480154691618,0.22217451702600088,6,-0.9276336570439175,0.8285714285714287,-0.7247137945655605,0.007665844187473165,-0.0990622284724888,0.2511630688086234,-0.3212367454984897
19,10,5,-0.6668859288553503,0.46169025843831935,-0.19999999999999998,0.21889398131323154,-0.2051956704170309,5,-0.6,0.6,-0.19999999999999998,0.28475697986529375,0.0,-0.06688592885535027,0.2051956704170309
19,11,4,-0.9486832980505139,0.9486832980505139,-1.0,0.05131670194948612,0.0,4,-0.7999999999999999,0.7999999999999999,-1.0,0.20000000000000007,0.0,-0.14868329805051395,0.0
20,1,12,-0.8806389675127065,0.9649182205059428,-0.8704487045263686,0.00015565028019608247,0.08427925299323624,12,-0.9486114453409812,0.9510489510489512,-0.8704487045263686,2.5883204799607794e-06,0.002437505707969967,0.06797247782827465,-0.08184174728526628
20,2,12,-0.49836476739647967,0.8951048951048951,-0.32626758153294716,0.09913345628853867,0.39674012770841544,12,-0.5521451379788336,0.8601398601398602,-0.32626758153294716,0.06268508909931593,0.30799472216102664,0.05378037058235391,-0.0887454055473888
20,3,11,-0.7597273895982704,0.9658339408657951,-0.8356251499083183,0.006669483144529328,0.20610655126752475,11,-0.9315165605535353,0.9363636363636365,-0.8356251499083183,3.0507783946212435e-05,0.004847075810101242,0.1717891709552649,-0.2012594754574235
20,4,10,-0.6422048378192039,0.9240164263936982,-0.4329348776565639,0.045269807408773476,0.2818115885744943,10,-0.6890371996505876,0.8424242424242423,-0.4329348776565639,0.027533181700364857,0.15338704277365467,0.04683236183138373,-0.12842454580083962
20,5,9,-0.4304142310105583,0.9333333333333332,-0.6160831149758972,0.24750182035718526,0.5029191023227749,9,-0.8355099778440249,0.9,-0.6160831149758972,0.005040224197361956,0.0644900221559751,0.4050957468334666,-0.4384290801667998
20,6,8,-0.5904042985720529,0.9523809523809524,-0.38557015416950396,0.12334216912361896,0.36197665380889954,8,-0.07229440390678199,0.8333333333333335,-0.38557015416950396,0.8649195587700265,0.7610389294265515,-0.5181098946652709,0.39906227561765195
20,7,7,-0.2018433569398328,0.054056247761733546,0.0,0.6642773187782649,-0.14778710917809926,7,-0.10910894511799621,0.8928571428571429,0.0,0.8158714843641036,0.7837481977391467,-0.09273441182183659,0.931535306917246
20,8,6,-0.8116794499134278,0.9856107606091624,-0.8285714285714287,0.04985758510134042,0.17393131069573464,6,-0.8285714285714287,1.0,-0.8285714285714287,0.04156268221574334,0.17142857142857126,0.01689197865800096,-0.0025027392671633786
20,9,4,0.0,0.632455532033676,0.21081851067789195,1.0,0.632455532033676,4,0.9486832980505139,0.39999999999999997,0.21081851067789195,0.05131670194948612,-0.5486832980505139,0.9486832980505139,-1.1811388300841899
21,1,13,-0.9179850920431569,0.9656130180306802,-0.9445027488828397,9.650574342267932e-06,0.0476279259875233,13,-0.977838140019881,0.967032967032967,-0.9445027488828397,8.118632285526904e-09,-0.010805172986913969,0.05985304797672408,-0.05843309897443727
21,2,13,-0.7480429725985019,0.8626373626373626,-0.8208861085069702,0.003275383578118806,0.11459439003886063,13,-0.8404977220207888,0.9340659340659341,-0.8208861085069702,0.00032075014685464576,0.09356821204514532,0.09245474942228682,-0.02102617799371531
21,3,10,-0.8895705521472393,0.8414790579803637,-0.7134278969833519,0.0005682945769180362,-0.04809149416687564,10,-0.9390418473114204,0.8424242424242423,-0.7134278969833519,5.610181924931424e-05,-0.09661760488717808,0.04947129516418103,-0.04852611072030244
21,4,10,-0.779199761307608,0.8909090909090909,-0.73011631177642,0.007888892938635232,0.11170932960148283,10,-0.9264501099011717,0.9030303030303028,-0.73011631177642,0.00011707124217732789,-0.023419806870868864,0.14725034859356367,-0.1351291364723517
21,5,9,-0.7679393254530388,0.7647328842025762,-0.31799441532717476,0.015662827940484878,-0.003206441250462544,9,-0.912141875543738,0.5833333333333334,-0.31799441532717476,0.0006068506794715019,-0.3288085422104047,0.14420255009069927,-0.32560210095994213
21,6,9,-0.5812815142061237,0.8954053273686235,-0.43414083068696174,0.10067017408346852,0.3141238131624998,9,-0.7831560082980488,0.7999999999999999,-0.43414083068696174,0.012553427612862154,0.016843991701951166,0.20187449409192504,-0.29727982146054865
21,7,8,-0.1728922172158987,0.8742671711966791,0.11048143863155317,0.6822292189777861,0.7013749539807803,8,0.6997157779998369,0.5952380952380953,0.11048143863155317,0.053362469677282115,-0.10447768276174152,0.5268235607839382,-0.8058526367425218
21,8,7,-0.6847124716486249,0.7500000000000002,-0.5765999761251578,0.08966645319106824,0.0652875283513753,7,-0.8108437164260032,0.9285714285714288,-0.5765999761251578,0.02691632884316199,0.11772771214542566,0.12613124477737825,0.052440183794050355
21,9,6,-0.46203082772527304,0.8804062740424288,-0.23190841426097936,0.3562691930601864,0.41837544631715573,6,0.11595420713048969,0.4285714285714286,-0.23190841426097936,0.826848213385815,0.3126172214409389,-0.34607662059478334,-0.10575822487621683
21,10,4,-0.632455532033676,-0.7999999999999999,0.10540925533894598,0.367544467966324,0.16754446796632394,4,-0.9486832980505139,-0.39999999999999997,0.10540925533894598,0.05131670194948612,-0.5486832980505139,0.3162277660168379,-0.7162277660168378
21,11,4,0.0,0.316227766016838,-0.2581988897471611,1.0,0.316227766016838,4,-0.7745966692414834,0.39999999999999997,-0.2581988897471611,0.22540333075851657,-0.37459666924148344,0.7745966692414834,-0.6908244352583215
22,1,12,-0.7614970038606568,0.7832167832167832,-0.8117845418514549,0.004006935768221387,0.021719779356126456,12,-0.966239122823192,0.8741258741258742,-0.8117845418514549,3.2638028116871954e-07,-0.09211324869731785,0.20474211896253525,-0.11383302805344431
22,2,12,-0.748322483148225,0.8963217727768591,-0.6978631577988531,0.005117553293136739,0.14799928962863407,12,-0.8768024290293284,0.9300699300699302,-0.6978631577988531,0.00018110782615169438,0.05326750104060185,0.12847994588110334,-0.09473178858803222
22,3,11,-0.7420063961507557,0.9454545454545454,-0.6959190423525721,0.008933626579136949,0.20344814930378974,11,-0.9125296052040349,0.9090909090909091,-0.6959190423525721,8.922579233690266e-05,-0.003438696113125861,0.17052320905327922,-0.2068868454169156
22,4,10,-0.7668855977419898,0.8875420937728943,-0.7706746355884525,0.009644976594679963,0.12065649603090445,10,-0.917469804271967,0.9030303030303028,-0.7706746355884525,0.00018355073413591665,-0.014439501241664154,0.15058420652997717,-0.1350959972725686
22,5,9,-0.865546218487395,0.903773601456181,-0.6610936529170212,0.002566628745863989,0.03822738296878603,9,-0.9707197941566387,0.7333333333333334,-0.6610936529170212,1.3744158988833838e-05,-0.23738646082330528,0.10517357566924368,-0.2756138437920913
22,6,9,-0.606926286891688,0.9288784237188525,-0.6214172674538865,0.08307408149801,0.3219521368271645,9,-0.8257188348359862,0.9,-0.6214172674538865,0.0061085545588945925,0.07428116516401384,0.21879254794429814,-0.24767097166315066
22,7,8,-0.6967050639149426,0.8916309815169778,-0.8510644963469902,0.05484520428171328,0.19492591760203526,8,-0.25031308716087947,0.5952380952380953,-0.8510644963469902,0.5498991735050216,0.3449250080772159,-0.4463919767540631,0.14999909047518062
22,8,6,-0.17647058823529413,0.9276336570439174,0.0,0.7380419295745979,0.7511630688086233,6,-0.20291986247835697,0.8857142857142858,0.0,0.6997979681570189,0.6827944232359289,0.026449274243062842,-0.0683686455726944
22,9,5,-0.22360679774997896,0.8944271909999159,-0.3,0.7176856442107861,0.6708203932499369,5,0.0,0.7,-0.3,1.0,0.7,-0.22360679774997896,0.029179606750063036
23,1,13,-0.9166808130846659,0.796146271686748,-0.7839605887275225,1.0498481044620287e-05,-0.12053454139791786,13,-0.9474011354940377,0.8351648351648352,-0.7839605887275225,8.881441214634713e-07,-0.11223630032920251,0.030720322409371836,0.00829824106871535
23,2,13,-0.7027886233649104,0.8374687425355412,-0.675923617136097,0.007379713329868985,0.13468011917063072,13,-0.9335502417002651,0.8571428571428571,-0.675923617136097,3.1268389302995615e-06,-0.07640738455740803,0.2307616183353547,-0.21108750372803875
23,3,12,-0.8763743309978722,0.9720279720279721,-0.8622392611430678,0.0001841385494320233,0.09565364103009988,12,-0.9611847501266985,0.9580419580419581,-0.8622392611430678,6.500661745099282e-07,-0.0031427920847403312,0.08481041912882625,-0.09879643311484021
23,4,11,-0.6313632218407816,0.8929408132532823,-0.5839466221370627,0.03721471277986716,0.2615775914125007,11,-0.7770628278831779,0.9,-0.5839466221370627,0.004892521659890437,0.12293717211682209,0.1456996060423963,-0.1386404192956786
23,5,9,-0.8165752619510003,0.6610936529170212,-0.4896481917478682,0.007236712315329785,-0.15548160903397912,9,-0.8568843355587694,0.6333333333333333,-0.4896481917478682,0.003165299628050998,-0.2235510022254361,0.04030907360776914,-0.068069393191457
23,6,9,-0.6722926454528143,0.6333333333333333,-0.7731365422707366,0.047274938290474536,-0.038959312119481004,9,-0.94120970363394,0.7999999999999999,-0.7731365422707366,0.00015311536072670046,-0.14120970363394003,0.26891705818112566,-0.10225039151445903
23,7,8,-0.543582832218141,0.7619047619047621,-0.7659576272164712,0.16375853042655192,0.21832192968662112,8,-0.8647908694379515,0.7857142857142858,-0.7659576272164712,0.0055698626658775285,-0.07907658372366566,0.3212080372198105,-0.2973985134102868
23,8,7,-0.5636363636363636,0.5585812268712466,-0.8468812149338255,0.18758548260498042,-0.005055136765117041,7,-0.8829187134416479,0.9285714285714288,-0.8468812149338255,0.008450342381896611,0.045652715129780974,0.31928234980528425,0.050707851894898015
23,9,6,-0.6179143806533246,0.48571428571428577,-0.29424494316824984,0.19109390169019305,-0.13220009493903884,6,-0.4707919090691997,0.5428571428571429,-0.29424494316824984,0.34598647783417236,0.07206523378794322,-0.1471224715841249,0.20426532872698205
23,10,5,0.0,0.8944271909999159,-0.10259783520851543,1.0,0.8944271909999159,5,0.9746794344808964,0.09999999999999999,-0.10259783520851543,0.004818230468198537,-0.8746794344808965,0.9746794344808964,-1.7691066254808123
23,11,4,-0.316227766016838,0.316227766016838,-1.0,0.683772233983162,0.0,4,-0.19999999999999998,0.19999999999999998,-1.0,0.8,0.0,-0.11622776601683801,0.0
24,1,12,-0.8571761861545412,0.9440559440559443,-0.751351965641635,0.00036641317592832877,0.08687975790140312,12,-0.9488905105990603,0.8811188811188813,-0.751351965641635,2.5199954135859204e-06,-0.06777162948017901,0.0917143244445191,-0.15465138738158213
24,2,12,-0.8036015004850497,0.8741258741258742,-0.6761580907164955,0.0016376714029370928,0.07052437364082442,12,-0.8248420687798087,0.8391608391608393,-0.6761580907164955,0.0009598812048418085,0.014318770381030577,0.021240568294758955,-0.056205603259793846
24,3,11,-0.7898910014277123,0.8656058903985898,-0.45165606722219914,0.0038228199825607076,0.07571488897087753,11,-0.9079208698242166,0.6727272727272727,-0.45165606722219914,0.00011165443118071231,-0.23519359709694387,0.11802986839650431,-0.3109084860678214
24,4,10,-0.6296416256596504,0.9019083851355777,-0.5365953413208115,0.051076994027911916,0.27226675947592727,10,-0.6707441766510146,0.9515151515151514,-0.5365953413208115,0.033758136992652774,0.2807709748641368,0.04110255099136417,0.008504215388209557
24,5,9,-0.5654058769819077,0.6778302010921357,0.1176512129542425,0.11261092478913465,0.11242432411022796,9,-0.2773207162492859,0.8833333333333333,0.1176512129542425,0.4700126440526218,0.6060126170840474,-0.2880851607326218,0.49358829297381945
24,6,8,-0.3879429159750976,0.7152697513290863,0.04761904761904763,0.3422935374316219,0.3273268353539887,8,0.261904761904762,0.8571428571428572,0.04761904761904763,0.530922861565801,0.5952380952380952,-0.12603815407033564,0.2679112598841065
24,7,7,-0.6363636363636364,0.8829187134416479,-0.30631873731649006,0.12439958945247925,0.2465550770780115,7,-0.5765999761251578,0.8571428571428573,-0.30631873731649006,0.1753818245224564,0.28054288101769953,-0.059763660238478566,0.03398780393968803
24,8,5,-0.8720815992723809,0.8207826816681234,-0.49999999999999994,0.05385421772754211,-0.05129891760425753,5,-0.8999999999999998,0.7,-0.49999999999999994,0.03738607346849874,-0.19999999999999984,0.027918400727618864,-0.1487010823957423
24,9,4,-0.316227766016838,0.632455532033676,0.39999999999999997,0.683772233983162,0.316227766016838,4,0.7999999999999999,0.7999999999999999,0.39999999999999997,0.20000000000000007,0.0,0.48377223398316194,-0.316227766016838
25,1,13,-0.8393641639026124,0.8461538461538461,-0.6066691481672347,0.00033272374360670946,0.006789682251233775,13,-0.9141589903889837,0.7912087912087913,-0.6066691481672347,1.2308211682588158e-05,-0.12295019918019245,0.07479482648637137,-0.12973988143142623
25,2,13,-0.552779910420435,0.8800075339849788,-0.6971121059009809,0.05008154273889516,0.3272276235645438,13,-0.8409606356900723,0.8846153846153846,-0.6971121059009809,0.00031595999859707074,0.04365474892531229,0.28818072526963734,-0.28357287463923153
25,3,11,-0.9080624607468549,0.8454545454545455,-0.7407877969250659,0.00011090717324170354,-0.06260791529230947,11,-0.8793868040916912,0.9090909090909091,-0.7407877969250659,0.00036053928269070656,0.02970410499921783,-0.028675656655163695,0.0923120202915273
25,4,11,-0.6840406039933214,0.9454545454545454,-0.763349659528779,0.02026856640569925,0.261413941461224,11,-0.7732632914707113,0.9545454545454546,-0.763349659528779,0.005247869172266347,0.18128216307474332,0.08922268747738982,-0.08013177838648067
25,5,10,-0.5766979695019764,0.7477238187264794,-0.8379557545683967,0.08093974156850837,0.17102584922450303,10,-0.9235862696337802,0.9151515151515152,-0.8379557545683967,0.00013591680973240746,-0.00843475448226505,0.34688830013180383,-0.17946060370676808
25,6,9,-0.5126231421577709,0.9833333333333333,-0.4958158260214505,0.15820707034416104,0.47071019117556234,9,-0.94120970363394,0.5166666666666667,-0.4958158260214505,0.00015311536072670046,-0.42454303696727325,0.428586561476169,-0.8952532281428356
25,7,8,-0.7229440390678199,0.7857142857142858,-0.42171735612289496,0.04273152349785686,0.06277024664646591,8,-0.7229440390678199,0.7857142857142858,-0.42171735612289496,0.04273152349785686,0.06277024664646591,0.0,0.0
25,8,6,-0.6375355777548621,0.8804062740424288,-0.7714285714285715,0.1732603152985335,0.24287069628756663,6,-0.7714285714285715,1.0,-0.7714285714285715,0.07239650145772594,0.22857142857142854,0.13389299367370933,-0.014299267716138098
25,9,5,-0.6324555320336759,0.9486832980505137,-0.7,0.2522154963555042,0.3162277660168378,5,0.6,0.09999999999999999,-0.7,0.28475697986529375,-0.5,-0.032455532033675905,-0.8162277660168378
25,10,4,-0.21081851067789195,0.0,-0.9486832980505139,0.7891814893221081,-0.21081851067789195,4,-0.21081851067789195,0.0,-0.9486832980505139,0.7891814893221081,-0.21081851067789195,0.0,0.0
26,1,8,-0.8606218664787785,0.9700772721497398,-0.8916309815169778,0.0060811285045450384,0.10945540567096135,8,-0.8675328468813838,0.9523809523809524,-0.8916309815169778,0.0052491364391084715,0.08484810549956867,0.0069109804026052934,-0.024607300171392676
26,2,8,-0.5644277999381047,0.9036800488347748,-0.44855899659620657,0.14498432014875734,0.33925224889667016,8,-0.6182840223353118,0.9285714285714287,-0.44855899659620657,0.102278532985927,0.31028740623611695,0.05385622239720711,-0.028964842660553214
26,3,6,-0.753702346348183,0.7714285714285715,-0.9856107606091624,0.0835232813732598,0.017726225080388458,6,-0.8986451052612952,0.942857142857143,-0.9856107606091624,0.014888622005580311,0.0442120375958478,0.14494275891311215,0.02648581251545934
27,1,13,-0.6165060319864529,0.7345261419207739,-0.24514912603637626,0.024828087948478444,0.118020109934321,13,-0.8468787990347543,0.6208791208791209,-0.24514912603637626,0.0002595709055817593,-0.22599967815563338,0.23037276704830134,-0.34401978808995437
27,2,12,-0.6725674251201377,0.8682018740230752,-0.2816971260815995,0.01655555803279958,0.19563444890293757,12,-0.8450913782447986,0.7272727272727274,-0.2816971260815995,0.0005383655078230389,-0.11781865097207123,0.17252395312466096,-0.3134530998750088
27,3,11,-0.6235715487609678,0.849323922857635,-0.2804782988217388,0.040362818804428005,0.22575237409666726,11,-0.8414348964652163,0.7272727272727273,-0.2804782988217388,0.0011660561498636848,-0.114162169192489,0.21786334770424853,-0.33991454328915627
27,4,10,-0.22769338553337018,0.6605782590758164,0.1341488353302029,0.526949943785838,0.4328848735424462,10,-0.5183023183212385,0.6121212121212121,0.1341488353302029,0.12483849367734694,0.09381889379997355,0.29060893278786837,-0.33906597974247266
27,5,9,-0.7004281759626618,0.6778302010921357,-0.016807316136320357,0.035607789497808615,-0.022597974870526172,9,-0.8991914132931392,0.2833333333333333,-0.016807316136320357,0.0009692317361499688,-0.6158580799598059,0.1987632373304774,-0.5932601050892797
27,6,9,-0.5654058769819077,0.8786687791935092,-0.4033755872716886,0.11261092478913465,0.31326290221160147,9,-0.7815402003388966,0.8166666666666667,-0.4033755872716886,0.012861966262373726,0.035126466327770056,0.2161343233569889,-0.2781364358838314
27,7,8,-0.6788003453917126,0.8193365776101958,-0.3832404038122429,0.06416955875593086,0.14053623221848321,8,-0.22754898976351917,0.9285714285714287,-0.3832404038122429,0.5878445645010817,0.7010224388079096,-0.45125135562819346,0.5604862065894264
27,8,6,-0.492832882906958,0.33394720739540396,0.4058397249567139,0.3206013483265562,-0.15888567551155403,6,-0.2898855178262242,0.48571428571428577,0.4058397249567139,0.5773517870348748,0.19582876788806158,-0.2029473650807338,0.3547144433996156
27,9,4,-0.21081851067789195,0.7999999999999999,0.316227766016838,0.7891814893221081,0.589181489322108,4,-0.9486832980505139,-0.19999999999999998,0.316227766016838,0.05131670194948612,-0.7486832980505139,0.737864787372622,-1.337864787372622
28,1,12,-0.8064057647646962,0.795097679332747,-0.3690736711434125,0.0015317532439347433,-0.011308085431949166,12,-0.748692304319494,0.8391608391608393,-0.3690736711434125,0.005083523176958122,0.09046853484134532,-0.0577134604452022,0.10177662027329448
28,2,12,-0.8975769357800788,0.9510489510489512,-0.8021652142601492,7.45801895501772e-05,0.05347201526887235,12,-0.8339691214334591,0.9720279720279721,-0.8021652142601492,0.0007465755228156687,0.13805885059451295,-0.06360781434661966,0.0845868353256406
28,3,10,-0.8098311912155413,0.7173285415424762,-0.2874738720052164,0.004516748165511527,-0.0925026496730651,10,-0.6605782590758164,0.7939393939393938,-0.2874738720052164,0.03759926615332362,0.13336113486357748,-0.1492529321397249,0.22586378453664258
28,4,10,-0.8935236663273006,0.8389096502784892,-0.7778920850768356,0.000493618378848766,-0.05461401604881144,10,-0.8343519944775737,0.8787878787878788,-0.7778920850768356,0.0026833453122100857,0.044435884310305096,-0.05917167184972694,0.09904990035911654
28,5,9,-0.8739804390886586,0.8499999999999999,-0.563045090566732,0.002063597796931827,-0.023980439088658767,9,-0.6386780131801736,0.9500000000000001,-0.563045090566732,0.06410620825872809,0.3113219868198265,-0.23530242590848505,0.33530242590848525
28,6,9,-0.5557382740461251,0.41666666666666663,0.38474188203193277,0.12028069292403933,-0.13907160737945845,9,0.11969747440993465,0.8166666666666667,0.38474188203193277,0.7590469815868943,0.696969192256732,-0.4360407996361904,0.8360407996361905
28,7,8,-0.8766100170265109,0.6626987024788349,-0.51234753829798,0.004272652978028916,-0.21391131454767598,8,-0.8295150620062534,0.7142857142857144,-0.51234753829798,0.010857954728721145,-0.11522934772053894,-0.04709495502025751,0.09868196682713704
28,8,7,-0.7142857142857144,0.7500000000000002,-0.4642857142857144,0.07134356146753759,0.03571428571428581,7,-0.42857142857142866,0.8928571428571429,-0.4642857142857144,0.337368311085824,0.46428571428571425,-0.28571428571428575,0.42857142857142844
28,9,6,-0.8116794499134278,0.6957252427829381,-0.48571428571428577,0.04985758510134042,-0.11595420713048965,6,-0.48571428571428577,0.5428571428571429,-0.48571428571428577,0.32872303206997094,0.05714285714285716,-0.325965164199142,0.1730970642733468
28,10,5,-0.8207826816681233,0.09999999999999999,-0.46169025843831935,0.08858700531354381,-0.7207826816681233,5,-0.6668859288553501,0.19999999999999998,-0.46169025843831935,0.21889398131323168,-0.4668859288553502,-0.15389675281277315,0.25389675281277313
28,11,4,-0.7745966692414834,-0.2581988897471611,-0.19999999999999998,0.22540333075851657,-0.5163977794943223,4,-0.19999999999999998,-0.6000000000000001,-0.19999999999999998,0.8,0.40000000000000013,-0.5745966692414834,0.9163977794943224
29,1,15,-0.940919913223118,0.7828421356528003,-0.6230759017925369,1.7611899442843932e-07,-0.1580777775703177,15,-0.8599176188481797,0.8642857142857141,-0.6230759017925369,3.9413223428237625e-05,0.004368095437534358,-0.08100229437493822,0.16244587300785207
29,2,15,-0.9542339810333642,0.7406094140283834,-0.5696675107437099,3.45973707120378e-08,-0.21362456700498078,15,-0.9155370708381051,0.782142857142857,-0.5696675107437099,1.6893753513889805e-06,-0.13339421369524807,-0.038696910195259115,0.08023035330973272
29,3,14,-0.9091110222902322,0.6292633070731974,-0.4429811949614588,6.6747268166209045e-06,-0.2798477152170348,14,-0.8527388003008082,0.7142857142857143,-0.4429811949614588,0.00010638394811407622,-0.13845308601509387,-0.05637222198942404,0.1413946292019409
29,4,13,-0.9220027657708517,0.8351648351648352,-0.5859456829197937,7.379144521123252e-06,-0.08683793060601652,13,-0.8300897174697076,0.8901098901098902,-0.5859456829197937,0.0004446017290829846,0.060020172640182556,-0.0919130483011441,0.14685810324619908
29,5,12,-0.8843441221508223,0.8391608391608393,-0.5750056432091766,0.00013380808504766682,-0.045183282989982976,12,-0.8042800452482786,0.8951048951048951,-0.5750056432091766,0.0016115426183186236,0.09082484985661654,-0.08006407690254369,0.13600813284659952
29,6,11,-0.8834187318022091,0.6241474051821412,-0.228513360237148,0.0003112635207492288,-0.2592713266200679,11,-0.7694837640638655,0.7363636363636363,-0.228513360237148,0.005619846293384322,-0.03312012770022921,-0.11393496773834355,0.2261511989198387
29,7,10,-0.9630301852061651,0.6242424242424242,-0.4535561517422584,7.815712534139652e-06,-0.33878776096374097,10,-0.8884730095773006,0.7818181818181817,-0.4535561517422584,0.0005904154554284008,-0.10665482775911883,-0.07455717562886455,0.23213293320462214
29,8,8,-0.7229440390678199,0.7619047619047621,-0.18073600976695497,0.04273152349785686,0.038960722836942185,8,-0.6867968371144288,0.8095238095238096,-0.18073600976695497,0.05989745556707231,0.1227269724093808,-0.03614720195339105,0.08376624957243861
29,9,7,-0.8148148148148149,0.6910233190806426,-0.21821789023599242,0.025583868892683725,-0.12379149573417225,7,-0.6546536707079773,0.6785714285714287,-0.21821789023599242,0.11056669073123543,0.023917757863451405,-0.16016114410683757,0.14770925359762366
29,10,6,-0.7944613465542746,0.8857142857142858,-0.6179143806533246,0.05902759992532669,0.0912529391600112,6,-0.6179143806533246,0.942857142857143,-0.6179143806533246,0.19109390169019305,0.32494276220381835,-0.17654696590094998,0.23368982304380714
29,11,4,-0.7745966692414834,0.6000000000000001,-0.2581988897471611,0.22540333075851657,-0.17459666924148332,4,-0.2581988897471611,0.7999999999999999,-0.2581988897471611,0.7418011102528389,0.5418011102528388,-0.5163977794943223,0.7163977794943222
30,1,15,-0.8380505749808195,0.6475860093678134,-0.28908949201830825,9.572983551576987e-05,-0.19046456561300606,15,-0.7534394885727158,0.6749999999999999,-0.28908949201830825,0.0011812759785156338,-0.07843948857271588,-0.08461108640810366,0.11202507704029019
30,2,15,-0.865405165233636,0.8035955237342762,-0.6007349708282209,3.082047607038293e-05,-0.061809641499359746,15,-0.7410263712012786,0.914285714285714,-0.6007349708282209,0.001573073144720513,0.17325934308443547,-0.12437879403235741,0.23506898458379522
30,3,14,-0.7461487152747682,0.6754679554946562,-0.1023435902937281,0.002178902157280466,-0.07068075978011201,14,-0.37600145129652274,0.8549450549450549,-0.1023435902937281,0.1851859901086549,0.47894360364853217,-0.3701472639782455,0.5496243634286442
30,4,13,-0.8397822097303648,0.7757916555118286,-0.4165552903816044,0.0003282674061446592,-0.06399055421853617,13,-0.49379733098216677,0.9230769230769231,-0.4165552903816044,0.08634326494486189,0.42927959209475636,-0.345984878748198,0.4932701463132925
30,5,11,-0.6993822218759893,0.5229577884350213,0.04779276109193974,0.016607637950327468,-0.17642443344096803,11,-0.33932860375277213,0.7272727272727273,0.04779276109193974,0.3073076336891516,0.38794412351995516,-0.3600536181232172,0.5643685569609231
30,6,10,-0.9166239485112054,0.9030303030303028,-0.7927558473610427,0.00019099206555601086,-0.013593645480902583,10,-0.8051426574760588,0.8666666666666665,-0.7927558473610427,0.0049488994886480436,0.06152400919060763,-0.11148129103514659,0.07511765467151021
30,7,9,-0.7831560082980488,0.39999999999999997,0.025537695922762456,0.012553427612862154,-0.3831560082980488,9,-0.45116596130213676,0.65,0.025537695922762456,0.22286923675650136,0.19883403869786326,-0.331990046995912,0.5819900469959121
30,8,8,-0.8539125638299666,0.28571428571428575,-0.048795003647426664,0.00696528831948064,-0.5681982781156809,8,-0.5367450401216933,0.5714285714285715,-0.048795003647426664,0.17018920126883436,0.03468353130687818,-0.3171675237082733,0.6028818094225591
30,9,6,-0.6957252427829382,0.8857142857142858,-0.3188740696088466,0.12478933744028686,0.18998904293134755,6,-0.028988551782622423,0.7714285714285715,-0.3188740696088466,0.9565293523898406,0.7424400196459491,-0.6667366910003159,0.5524509767146015
30,10,4,-0.7378647873726218,1.0,-0.7378647873726218,0.2621352126273781,0.26213521262737816,4,0.316227766016838,0.39999999999999997,-0.7378647873726218,0.683772233983162,0.08377223398316197,-0.42163702135578385,-0.17836297864421619
31,1,16,-0.9503463750393166,0.8321069407139406,-0.6957963424655814,1.749101868244072e-08,-0.11823943432537598,16,-0.9237806759543039,0.8676470588235294,-0.6957963424655814,3.269967308653994e-07,-0.05613361713077447,-0.026565699085012717,0.06210581719460151
31,2,15,-0.9576385539562501,0.9588566326551051,-0.8893181092878909,2.110617236027426e-08,0.0012180786988550407,15,-0.9415250428290828,0.9571428571428571,-0.8893181092878909,1.6496226985564422e-07,0.015617814313774292,-0.0161135111271673,0.014399735614919251
31,3,14,-0.9579739797426261,0.853685885120282,-0.7491827048689292,7.26381727264516e-08,-0.10428809462234412,14,-0.8884113491366064,0.8725274725274725,-0.7491827048689292,2.1828772279561452e-05,-0.015883876609133818,-0.06956263060601975,0.0884042180132103
31,4,13,-0.927835053314319,0.7582417582417583,-0.6333724316037866,4.867781895074547e-06,-0.1695932950725607,13,-0.8083832350732539,0.8461538461538461,-0.6333724316037866,0.0008238801474859016,0.03777061108059221,-0.1194518182410651,0.20736390615315292
31,5,12,-0.8435865400514445,0.7775843798555644,-0.48070471348841515,0.0005635242509950187,-0.06600216019588012,12,-0.46316074584285255,0.9440559440559443,-0.48070471348841515,0.1294224979450272,0.48089519821309173,-0.38042579420859196,0.5468973584089718
31,6,10,-0.862061565400283,0.9422535927041001,-0.6775189128088568,0.0013364684397009535,0.08019202730381714,10,-0.8029853781438303,0.9393939393939393,-0.6775189128088568,0.0051573302914765945,0.13640856125010903,-0.059076187256452695,0.05621653394629189
31,7,9,-0.9496133617021003,0.7666666666666667,-0.6386780131801736,8.998535010626614e-05,-0.1829466950354336,9,-0.8907877552249789,0.8333333333333333,-0.6386780131801736,0.0012718896065708899,-0.057454421891645624,-0.05882560647712143,0.12549227314378797
31,8,8,-0.975609756097561,0.9036800488347748,-0.879581914199181,3.561311319020388e-05,-0.07192970726278614,8,-0.9398272507881658,0.9285714285714287,-0.879581914199181,0.00052039242802854,-0.011255822216737044,-0.035782505309395196,0.06067388504604909
31,9,6,-0.9553302944424513,0.9276336570439174,-0.9710083124552246,0.0029485073154094667,-0.027696637398533897,6,-0.9710083124552245,0.942857142857143,-0.9710083124552246,0.0012485929031976766,-0.028151169598081505,0.01567801801277313,-0.00045453219954760815
31,10,4,-0.8944271909999159,0.7999999999999999,-0.8944271909999159,0.10557280900008414,-0.09442719099991592,4,-0.8944271909999159,0.7999999999999999,-0.8944271909999159,0.10557280900008414,-0.09442719099991592,0.0,0.0
32,1,14,-0.8869375827221778,0.8162821221124347,-0.5891649892987403,2.353879997239321e-05,-0.07065546060974315,14,-0.8793176719984958,0.8153846153846154,-0.5891649892987403,3.4222093368861964e-05,-0.06393305661388038,-0.007619910723682066,0.006722403995862769
32,2,13,-0.8904719271399221,0.8406593406593407,-0.6519031242301611,4.486550362687363e-05,-0.0498125864805814,13,-0.8349908101841638,0.9065934065934067,-0.6519031242301611,0.0003822858256295885,0.07160259640924294,-0.0554811169557583,0.12141518288982434
32,3,12,-0.9097359381888177,0.9119944456891783,-0.8119620765155076,4.048960774773206e-05,0.002258507500360607,12,-0.8400819752692913,0.9580419580419581,-0.8119620765155076,0.000625649698932757,0.11795998277266684,-0.06965396291952641,0.11570147527230623
32,4,11,-0.9192298788544723,0.7836011218345129,-0.6267880116552966,6.295715132883708e-05,-0.13562875701995936,11,-0.7742675438094841,0.8909090909090911,-0.6267880116552966,0.005152158565145196,0.11664154709960695,-0.14496233504498812,0.2522703041195663
32,5,10,-0.9249857672543182,0.7659609850368815,-0.5583257707406319,0.00012644811475471656,-0.15902478221743677,10,-0.7967120548770816,0.8787878787878788,-0.5583257707406319,0.0057989848208308825,0.08207582391079715,-0.12827371237723662,0.24110060612823392
32,6,9,-0.8767942266815112,0.8512565307587486,-0.6833333333333333,0.00191224814609465,-0.02553769592276256,9,-0.7,0.9166666666666666,-0.6833333333333333,0.03576957497026169,0.21666666666666667,-0.17679422668151124,0.24220436258942923
32,7,8,-0.8916309815169778,0.7857142857142858,-0.5301589619830679,0.002928680906134816,-0.10591669580269203,8,-0.6024533658898499,0.9285714285714287,-0.5301589619830679,0.11396448084515579,0.32611806268157884,-0.28917761562712796,0.43203475848427086
32,8,7,-0.8728715609439697,0.5273599014036483,-0.5,0.010323415480831426,-0.34551165954032137,7,-0.8571428571428573,0.7857142857142859,-0.5,0.01369732661532562,-0.0714285714285714,-0.015728703801112354,0.27408308811175
32,9,6,-0.9276336570439174,0.898645105261295,-0.8857142857142858,0.007665844187473182,-0.028988551782622385,6,-0.942857142857143,0.942857142857143,-0.8857142857142858,0.0048046647230320545,0.0,0.015223485813225524,0.028988551782622385
32,10,5,-0.9746794344808963,0.46169025843831935,-0.6,0.004818230468198566,-0.512989176042577,5,-0.9999999999999999,0.6,-0.6,1.4042654220543672e-24,-0.3999999999999999,0.025320565519103555,0.11298917604257708
32,11,5,-0.9486832980505138,0.8999999999999998,-0.9486832980505137,0.013846832988859059,-0.04868329805051397,5,-0.7378647873726218,0.7,-0.9486832980505137,0.15461852312844906,-0.03786478737262189,-0.21081851067789192,0.01081851067789208
33,1,13,-0.959801165469474,0.8275869941378243,-0.7194555472391772,2.0736109360995093e-07,-0.1322141713316497,13,-0.9474011354940377,0.8650170564347366,-0.7194555472391772,8.881441214634713e-07,-0.08238407905930112,-0.012400029975436322,0.04983009227234858
33,2,13,-0.9496133617021002,0.9141309310574838,-0.8170901105217382,7.042295895308221e-07,-0.035482430644616425,13,-0.9122057577356114,0.9434491733171197,-0.8170901105217382,1.3876047086262787e-05,0.031243415581508338,-0.03740760396648879,0.06672584622612476
33,3,11,-0.9634803641019409,0.8154918651649874,-0.6773473112080965,1.8876352732024168e-06,-0.14798849893695354,11,-0.8173601193092295,0.961278120390013,-0.6773473112080965,0.002123165628965581,0.14391800108078356,-0.14612024479271146,0.2919065000177371
33,4,9,-0.9082951062292475,0.75,-0.4403855060505442,0.0007023293638154311,-0.15829510622924747,9,-0.8532469179729295,0.7999999999999999,-0.4403855060505442,0.0034430673779795367,-0.053246917972929575,-0.055048188256317965,0.1050481882563179
33,5,8,-0.9636241116594317,0.7857142857142858,-0.7041868508280462,0.00011707291460771192,-0.17790982594514593,8,-0.9018533352710066,0.8571428571428572,-0.7041868508280462,0.0021929935684288624,-0.04471047812814943,-0.0617707763884251,0.1331993478169965
33,6,7,-0.7964328705698839,0.3243374865704013,-0.11013346473215288,0.03207305317531566,-0.4720953839994826,7,-0.6240896334821996,0.5357142857142858,-0.11013346473215288,0.13415186275242788,-0.08837534776791378,-0.1723432370876843,0.3837200362315688
33,7,6,-0.942857142857143,0.5428571428571429,-0.7142857142857143,0.0048046647230320545,-0.4,6,-0.942857142857143,0.5428571428571429,-0.7142857142857143,0.0048046647230320545,-0.4,0.0,0.0
33,8,5,-0.9473684210526317,0.6668859288553503,-0.7181848464596079,0.014379533619930501,-0.2804824921972815,5,-0.8720815992723809,0.7,-0.7181848464596079,0.05385421772754211,-0.17208159927238098,-0.07528682178025081,0.10840089292490052
33,9,5,-0.9746794344808964,0.19999999999999998,-0.35909242322980395,0.004818230468198537,-0.7746794344808965,5,-0.9746794344808964,0.19999999999999998,-0.35909242322980395,0.004818230468198537,-0.7746794344808965,0.0,0.0
34,1,14,-0.8633676023341412,0.6299559471365639,-0.31395185539423315,6.952465920280094e-05,-0.23341165519757734,14,-0.7459358498133271,0.7656770309841704,-0.31395185539423315,0.002188780395484224,0.019741181170843336,-0.11743175252081417,0.2531528363684207
34,2,14,-0.9518966628781199,0.7348739320365314,-0.5463097503877488,1.6119409673597032e-07,-0.21702273084158852,14,-0.8191262063537484,0.8580863278270876,-0.5463097503877488,0.00033820926697838977,0.03896012147333916,-0.13277045652437147,0.2559828523149277
34,3,12,-0.9433573165103848,0.7482517482517484,-0.5567936041057534,4.173711197445339e-06,-0.19510556825863634,12,-0.7731274248092628,0.8881118881118882,-0.5567936041057534,0.003187707848889453,0.11498446330262546,-0.17022989170112202,0.3100900315612618
34,4,11,-0.8911455867026996,0.6818181818181819,-0.37131066112612476,0.00023127091309184646,-0.20932740488451773,11,-0.5848142912736466,0.8909090909090911,-0.37131066112612476,0.05879287844556038,0.3060947996354445,-0.306331295429053,0.5154222045199622
34,5,10,-0.9235862696337802,0.8666666666666665,-0.7339758434175736,0.00013591680973240746,-0.056919602967113736,10,-0.911353338910154,0.8666666666666665,-0.7339758434175736,0.00024247315985480202,-0.044686672243487546,-0.01223293072362619,0.01223293072362619
34,6,10,-0.9137369367778511,0.7454545454545454,-0.4506945701674536,0.00021807046654615713,-0.1682823913233057,10,-0.7285199901336922,0.9151515151515152,-0.4506945701674536,0.016864401853556303,0.18663152501782299,-0.1852169466441589,0.3549139163411287
34,7,9,-0.8487394957983194,0.8451956828432803,-0.6276205565667923,0.0038099535994344067,-0.0035438129550391384,9,-0.7615129419677079,0.9666666666666667,-0.6276205565667923,0.017117125525800674,0.20515372469895876,-0.08722655383061151,0.2086975376539979
34,8,8,-0.7710843373493975,0.8383383833392812,-0.4910267673844362,0.0250762731213586,0.06725404598988372,8,-0.6467181814331598,0.9523809523809524,-0.4910267673844362,0.08308772479827897,0.3056627709477926,-0.12436615591623768,0.23840872495790888
34,9,7,-0.8894991799933215,0.7500000000000002,-0.44474958999666075,0.007339425561684952,-0.1394991799933213,7,-0.7041868508280462,0.9285714285714288,-0.44474958999666075,0.0773502479544213,0.2243845777433826,-0.1853123291652753,0.3638837577367039
34,10,6,-0.8533103351879245,0.7714285714285715,-0.44136741475237473,0.03069856297267791,-0.08188176375935308,6,-0.44136741475237473,1.0,-0.44136741475237473,0.3809392104771887,0.5586325852476253,-0.4119429204355498,0.6405143490069783
34,11,5,-0.9746794344808964,0.8999999999999998,-0.8207826816681234,0.004818230468198537,-0.07467943448089664,5,-0.8207826816681233,0.9999999999999999,-0.8207826816681234,0.08858700531354381,0.1792173183318766,-0.15389675281277315,0.25389675281277324
