contestant_id,season_idx,weeks_participated,placement,celebrity_name,week_str,judge_score,week_idx,obs_id,estimated_strength,week_score_sum,mapped_season,season_position,votes,week_total_votes,vote_percentage
0,0,6,2,56,week1_percentage,0.183486239,0,0,43.83980637,20.0,1,0,1.1171909404367286,16.683036625858954,0.06696568289642583
1,0,6,1,66,week1_percentage,0.119266055,0,1,42.6654311,13.0,1,1,9.051498292928787,16.683036625858954,0.5425569994193282
2,0,3,5,32,week1_percentage,0.165137615,0,2,36.62733601,18.0,1,2,1.8744546750488122,16.683036625858954,0.11235692380746679
3,0,4,4,89,week1_percentage,0.183486239,0,3,30.08999668,20.0,1,3,0.7667979051949275,16.683036625858954,0.045962729830993684
4,0,5,3,55,week1_percentage,0.183486239,0,4,79.44288058,20.0,1,4,2.0244812606404974,16.683036625858954,0.12134968627369201
5,0,2,6,108,week1_percentage,0.165137615,0,5,36.12239368,18.0,1,5,1.8486135516092008,16.683036625858954,0.11080797777209352
0,0,6,2,56,week2_percentage,0.214876033,1,6,51.58299383,26.0,1,0,0.19328590430379125,12.451741405262142,0.01552280102942935
1,0,6,1,66,week2_percentage,0.140495868,1,7,44.78128548,17.0,1,1,4.10974326789198,12.451741405262142,0.330053695634507
2,0,3,5,32,week2_percentage,0.115702479,1,8,26.50880433,14.0,1,2,5.24692510473278,12.451741405262142,0.42138082810773875
3,0,4,4,89,week2_percentage,0.198347107,1,9,32.16014973,24.0,1,3,0.27538023381132876,12.451741405262142,0.022115800902751826
4,0,5,3,55,week2_percentage,0.173553719,1,10,65.86310178,21.0,1,4,1.7210770271065368,12.451741405262142,0.13821978557787945
5,0,2,6,108,week2_percentage,0.157024793,1,11,17.88594412,19.0,1,5,0.905329867415726,12.451741405262142,0.07270708874769363
0,0,6,2,56,week3_percentage,0.226415094,2,12,50.16197838,24.0,1,0,0.21899532004192065,5.762574659601465,0.03800303388295991
1,0,6,1,66,week3_percentage,0.198113208,2,13,60.57473609,21.0,1,1,0.9450669966695918,5.762574659601465,0.1640008247172891
2,0,3,5,32,week3_percentage,0.122641509,2,14,18.5145972,13.0,1,2,3.7592513998514288,5.762574659601465,0.6523562160861297
3,0,4,4,89,week3_percentage,0.245283019,2,15,41.20649407,26.0,1,3,0.07003482735578928,5.762574659601465,0.012153391755037641
4,0,5,3,55,week3_percentage,0.20754717,2,16,73.97057847,22.0,1,4,0.7692261156827342,5.762574659601465,0.13348653355858356
0,0,6,2,56,week4_percentage,0.22826087,3,17,52.28199329,21.0,1,0,0.4330828391814553,1.5009520425000715,0.2885387586801826
1,0,6,1,66,week4_percentage,0.282608696,3,18,104.9965481,26.0,1,1,0.0676168124738363,1.5009520425000715,0.04504928242824459
3,0,4,4,89,week4_percentage,0.27173913,3,19,32.78484735,25.0,1,3,0.036753867807894906,1.5009520425000715,0.024487036738812498
4,0,5,3,55,week4_percentage,0.217391304,3,20,74.4882769,20.0,1,4,0.963498523036885,1.5009520425000715,0.6419249221527603
0,0,6,2,56,week5_percentage,0.369863014,4,21,130.4466824,27.0,1,0,0.0060039553694558375,0.19854304241126997,0.03024006933982106
1,0,6,1,66,week5_percentage,0.321917808,4,22,126.5832024,23.5,1,1,0.06560071592784152,0.19854304241126997,0.33041055043346007
4,0,5,3,55,week5_percentage,0.308219178,4,23,130.4353795,22.5,1,4,0.12693837111397263,0.19854304241126997,0.6393493802267189
0,0,6,2,56,week6_percentage,0.495412844,5,24,336.3198912,27.0,1,0,0.0005218741851169662,0.0010172873160520148,0.5130056935559809
1,0,6,1,66,week6_percentage,0.504587156,5,25,526.382563,27.5,1,1,0.0004954131309350485,0.0010172873160520148,0.486994306444019
6,1,2,9,103,week1_percentage,0.117948718,0,26,21.32536055,23.0,2,0,1.4149249440589848,33.61192685857924,0.04209591880918406
7,1,5,6,105,week1_percentage,0.102564103,0,27,21.80944693,20.0,2,1,2.8040397951229665,33.61192685857924,0.08342395266182881
8,1,6,5,34,week1_percentage,0.092307692,0,28,18.55941598,18.0,2,2,3.5234435909191086,33.61192685857924,0.1048271824981605
9,1,7,4,73,week1_percentage,0.097435897,0,29,22.76751569,19.0,2,3,3.5753130065742478,33.61192685857924,0.10637036732875287
10,1,8,3,100,week1_percentage,0.112820513,0,30,34.33993,22.0,2,4,2.8698435928684316,33.61192685857924,0.08538170408805117
11,1,8,2,49,week1_percentage,0.107692308,0,31,35.8866893,21.0,2,5,3.7390366093217255,33.61192685857924,0.1112413645624532
12,1,3,8,35,week1_percentage,0.117948718,0,32,18.42863744,23.0,2,6,1.22272909467293,33.61192685857924,0.036377833969992585
13,1,4,7,76,week1_percentage,0.061538462,0,33,20.42809146,12.0,2,7,9.761532845773297,33.61192685857924,0.29041872210553515
14,1,8,1,27,week1_percentage,0.123076923,0,34,39.30638753,24.0,2,8,2.0493873324000185,33.61192685857924,0.06097202760861432
15,1,1,10,67,week1_percentage,0.066666667,0,35,6.308251773,13.0,2,9,2.6516760468675287,33.61192685857924,0.07889092636742735
6,1,2,9,103,week2_percentage,0.085,1,36,9.714591499,17.0,2,0,2.2901768312321953,19.633013326477716,0.11664927808833038
7,1,5,6,105,week2_percentage,0.11,1,37,21.03036799,22.0,2,1,1.8700543374369036,19.633013326477716,0.09525050008064162
8,1,6,5,34,week2_percentage,0.11,1,38,19.41066481,22.0,2,2,1.7260277108671922,19.633013326477716,0.08791455912370902
9,1,7,4,73,week2_percentage,0.1,1,39,21.2125535,20.0,2,3,2.8708069360943,19.633013326477716,0.14622344967405676
10,1,8,3,100,week2_percentage,0.145,1,40,38.73567963,29.0,2,4,0.577966788999179,19.633013326477716,0.029438516614243536
11,1,8,2,49,week2_percentage,0.115,1,41,33.57630542,23.0,2,5,2.3840974436171902,19.633013326477716,0.12143308843996553
12,1,3,8,35,week2_percentage,0.12,1,42,17.80810937,24.0,2,6,0.9996539960092646,19.633013326477716,0.05091699268909979
13,1,4,7,76,week2_percentage,0.08,1,43,21.27480191,16.0,2,7,5.9151884907328585,19.633013326477716,0.30128785593780677
14,1,8,1,27,week2_percentage,0.135,1,44,38.24605169,27.0,2,8,0.9990407914886318,19.633013326477716,0.05088575935214658
7,1,5,6,105,week3_percentage,0.142857143,2,45,24.31935059,26.0,2,1,0.5927317376919153,15.378656954863594,0.038542490376863525
8,1,6,5,34,week3_percentage,0.120879121,2,46,19.51324757,22.0,2,2,1.3658172063566254,15.378656954863594,0.08881251531686435
9,1,7,4,73,week3_percentage,0.137362637,2,47,24.52477422,25.0,2,3,0.7910594739720568,15.378656954863594,0.05143878794447518
10,1,8,3,100,week3_percentage,0.148351648,2,48,36.02546084,27.0,2,4,0.6562138436604813,15.378656954863594,0.042670426005760514
11,1,8,2,49,week3_percentage,0.104395604,2,49,28.31727132,19.0,2,5,3.89601967760881,15.378656954863594,0.25333939686954715
12,1,3,8,35,week3_percentage,0.120879121,2,50,10.447068,22.0,2,6,0.7312358016876068,15.378656954863594,0.04754874263947666
13,1,4,7,76,week3_percentage,0.076923077,2,51,19.51153761,14.0,2,7,6.646450048967478,15.378656954863594,0.4321866381748959
14,1,8,1,27,week3_percentage,0.148351648,2,52,38.38146756,27.0,2,8,0.6991291649186206,15.378656954863594,0.045461002672116745
7,1,5,6,105,week4_percentage,0.158227848,3,53,24.85345394,25.0,2,1,0.47582769976342976,10.985893564425933,0.04331260784322865
8,1,6,5,34,week4_percentage,0.132911392,3,54,19.83511151,21.0,2,2,1.2169094948632566,10.985893564425933,0.11077018794391043
9,1,7,4,73,week4_percentage,0.164556962,3,55,27.35976109,26.0,2,3,0.37930765393887356,10.985893564425933,0.03452679126321886
10,1,8,3,100,week4_percentage,0.164556962,3,56,36.86686913,26.0,2,4,0.5111113942761325,10.985893564425933,0.046524335164796454
11,1,8,2,49,week4_percentage,0.151898734,3,57,35.78699914,24.0,2,5,0.9342745426526143,10.985893564425933,0.08504310888992622
13,1,4,7,76,week4_percentage,0.050632911,3,58,10.75371217,8.0,2,7,7.172022730698375,10.985893564425933,0.6528392696177691
14,1,8,1,27,week4_percentage,0.17721519,3,59,42.3562098,28.0,2,8,0.29644004823325126,10.985893564425933,0.0269836992771504
7,1,5,6,105,week5_percentage,0.145695364,4,60,14.21228906,22.0,2,1,0.5762630774352149,2.9478148034350213,0.19548822292489632
8,1,6,5,34,week5_percentage,0.158940397,4,61,23.03474691,24.0,2,2,0.5078517438231532,2.9478148034350213,0.17228074953398198
9,1,7,4,73,week5_percentage,0.165562914,4,62,26.88486513,25.0,2,3,0.4284807970491284,2.9478148034350213,0.14535539903993613
10,1,8,3,100,week5_percentage,0.198675497,4,63,43.08844025,30.0,2,4,0.11113493820055431,2.9478148034350213,0.037700787061334826
11,1,8,2,49,week5_percentage,0.152317881,4,64,33.59837386,23.0,2,5,1.0112289827863346,2.9478148034350213,0.3430435933790591
14,1,8,1,27,week5_percentage,0.178807947,4,65,39.08739196,27.0,2,8,0.3128552641406358,2.9478148034350213,0.10613124806079158
8,1,6,5,34,week6_percentage,0.172932331,5,66,17.4428616,23.0,2,2,0.326765292606617,1.2761010969551534,0.25606536455951395
9,1,7,4,73,week6_percentage,0.203007519,5,67,33.04523419,27.0,2,3,0.13761082904836697,1.2761010969551534,0.10783693343475206
10,1,8,3,100,week6_percentage,0.22556391,5,68,48.55150697,30.0,2,4,0.055894345029711044,1.2761010969551534,0.043800875309235286
11,1,8,2,49,week6_percentage,0.172932331,5,69,37.25301269,23.0,2,5,0.6978781275273013,1.2761010969551534,0.5468831029081288
14,1,8,1,27,week6_percentage,0.22556391,5,70,50.33928458,30.0,2,8,0.05795250274315703,1.2761010969551534,0.04541372378836979
9,1,7,4,73,week7_percentage,0.259803922,6,71,31.0881131,26.5,2,3,0.031809878196856496,0.8700631416141856,0.036560424957022296
10,1,8,3,100,week7_percentage,0.269607843,6,72,64.611773,27.5,2,4,0.038936660465952955,0.8700631416141856,0.0447515342320049
11,1,8,2,49,week7_percentage,0.200980392,6,73,46.71517294,20.5,2,5,0.7587909090099497,0.8700631416141856,0.8721101638694888
14,1,8,1,27,week7_percentage,0.269607843,6,74,67.24862652,27.5,2,8,0.04052569394142643,0.8700631416141856,0.046577876941483916
10,1,8,3,100,week8_percentage,0.339920719,7,75,99.71382548,28.6665,2,4,0.005845793401602254,0.03161734835979792,0.1848919566270553
11,1,8,2,49,week8_percentage,0.316206368,7,76,94.60706136,26.666600000000003,2,5,0.020600980335041104,0.03161734835979792,0.6515720452141286
14,1,8,1,27,week8_percentage,0.343872913,7,77,110.772024,28.9998,2,8,0.005170574623154557,0.03161734835979792,0.16353599815881603
16,2,8,7,64,week1_percentage,0.076142132,0,78,20.56500197,15.0,28,0,6.563071550115089,81.02994184351103,0.08099563446299904
17,2,10,5,42,week1_percentage,0.106598985,0,79,27.10289905,21.0,28,1,2.889437981602601,81.02994184351103,0.035658892452160765
18,2,11,2,65,week1_percentage,0.081218274,0,80,31.84168093,16.0,28,2,8.68227654114931,81.02994184351103,0.1071489913927983
19,2,2,11,90,week1_percentage,0.076142132,0,81,13.4533232,15.0,28,3,4.293465319246128,81.02994184351103,0.05298615822207891
20,2,4,10,69,week1_percentage,0.055837563,0,82,14.92425555,11.0,28,4,8.075013860983104,81.02994184351103,0.0996546915531294
21,2,6,9,93,week1_percentage,0.091370558,0,83,17.4378197,18.0,28,5,3.3668289920046304,81.02994184351103,0.04155043080873506
22,2,9,6,96,week1_percentage,0.060913706,0,84,26.78677761,12.0,28,6,12.896344782302076,81.02994184351103,0.15915530097760808
23,2,2,12,75,week1_percentage,0.086294416,0,85,10.6182006,17.0,28,7,2.4487176868833354,81.02994184351103,0.03021991169156234
24,2,11,4,70,week1_percentage,0.096446701,0,86,45.23863545,19.0,28,8,7.238863140869588,81.02994184351103,0.08933565761221492
25,2,11,3,3,week1_percentage,0.081218274,0,87,36.38886524,16.0,28,9,9.922158058390405,81.02994184351103,0.12245051437347149
26,2,7,8,63,week1_percentage,0.086294416,0,88,24.25831691,17.0,28,10,5.594334851004613,81.02994184351103,0.0690403414309326
27,2,11,1,36,week1_percentage,0.101522843,0,89,69.01079644,20.0,28,11,9.059429078960141,81.02994184351103,0.11180347502230907
16,2,8,7,64,week2_percentage,0.095890411,1,90,22.39899711,21.0,28,0,2.990132063983967,57.93595646280829,0.05161098990233238
17,2,10,5,42,week2_percentage,0.091324201,1,91,22.38706022,20.0,28,1,3.6038369711613534,57.93595646280829,0.062203805567183815
18,2,11,2,65,week2_percentage,0.091324201,1,92,29.95872594,20.0,28,2,4.822712901580906,57.93595646280829,0.08324213832004004
19,2,2,11,90,week2_percentage,0.068493151,1,93,8.260744564,15.0,28,3,2.956829145100387,57.93595646280829,0.051036166926811836
20,2,4,10,69,week2_percentage,0.054794521,1,94,14.72602815,12.0,28,4,7.629957678287331,57.93595646280829,0.13169641349039168
21,2,6,9,93,week2_percentage,0.082191781,1,95,15.70832971,18.0,28,5,3.5777677357666526,57.93595646280829,0.06175383913897035
22,2,9,6,96,week2_percentage,0.073059361,1,96,26.05555595,16.0,28,6,8.095280598279084,57.93595646280829,0.13972809102540337
23,2,2,12,75,week2_percentage,0.068493151,1,97,7.1041938,15.0,28,7,2.542856411736093,57.93595646280829,0.04389081611811255
24,2,11,4,70,week2_percentage,0.086757991,1,98,36.62778373,19.0,28,8,7.045613620705538,57.93595646280829,0.12161037895746894
25,2,11,3,3,week2_percentage,0.091324201,1,99,35.44527142,20.0,28,9,5.7059291546518605,57.93595646280829,0.09848683793310212
26,2,7,8,63,week2_percentage,0.086757991,1,100,22.32364635,19.0,28,10,4.294111485062366,57.93595646280829,0.07411824620206194
27,2,11,1,36,week2_percentage,0.109589041,1,101,64.8122676,24.0,28,11,4.67092869649275,57.93595646280829,0.08062227641812093
16,2,8,7,64,week3_percentage,0.121212121,2,102,24.04016353,24.0,28,0,1.3107965528810355,39.587873703604764,0.03311106230900393
17,2,10,5,42,week3_percentage,0.116161616,2,103,23.49951875,23.0,28,1,1.6246018562402664,39.587873703604764,0.04103786599916162
18,2,11,2,65,week3_percentage,0.101010101,2,104,28.12559794,20.0,28,2,3.7302606120133994,39.587873703604764,0.09422735456675291
20,2,4,10,69,week3_percentage,0.060606061,2,105,12.54351857,12.0,28,4,6.061342750740712,39.587873703604764,0.1531110964969251
21,2,6,9,93,week3_percentage,0.116161616,2,106,16.66389586,23.0,28,5,1.1520319387966398,39.587873703604764,0.029100626808651733
22,2,9,6,96,week3_percentage,0.075757576,2,107,23.85727567,15.0,28,6,7.657806540662799,39.587873703604764,0.1934381876126249
24,2,11,4,70,week3_percentage,0.101010101,2,108,37.0525947,20.0,28,8,4.914236308047943,39.587873703604764,0.12413488900265099
25,2,11,3,3,week3_percentage,0.121212121,2,109,39.29101405,24.0,28,9,2.142353387557856,39.587873703604764,0.05411640452320578
26,2,7,8,63,week3_percentage,0.080808081,2,110,18.44574879,16.0,28,10,5.06272375538288,39.587873703604764,0.12788572059433145
27,2,11,1,36,week3_percentage,0.106060606,2,111,55.01395871,21.0,28,11,5.931720001281233,39.587873703604764,0.14983679208669162
16,2,8,7,64,week4_percentage,0.092198582,3,112,17.96502843,26.0,28,0,1.6343805614846538,15.327480881217188,0.10663073561471402
17,2,10,5,42,week4_percentage,0.09929078,3,113,19.55886092,28.0,28,1,1.213230440667624,15.327480881217188,0.07915393599703377
18,2,11,2,65,week4_percentage,0.113475177,3,114,27.86890022,32.0,28,2,0.738086476546546,15.327480881217188,0.048154454229398
20,2,4,10,69,week4_percentage,0.070921986,3,115,8.642625828,20.0,28,4,2.092305842876802,15.327480881217188,0.13650683103710698
21,2,6,9,93,week4_percentage,0.109929078,3,116,15.78649894,31.0,28,5,0.5227529273804337,15.327480881217188,0.03410559970236419
22,2,9,6,96,week4_percentage,0.074468085,3,117,21.93951906,21.0,28,6,4.5926617084775225,15.327480881217188,0.2996357812525818
24,2,11,4,70,week4_percentage,0.113475177,3,118,37.12713549,32.0,28,8,0.9832837464613923,15.327480881217188,0.0641516863783103
25,2,11,3,3,week4_percentage,0.113475177,3,119,33.42494051,32.0,28,9,0.8852339480586726,15.327480881217188,0.05775469269340066
26,2,7,8,63,week4_percentage,0.09929078,3,120,20.21649625,28.0,28,10,1.2540233684601947,15.327480881217188,0.08181536014811913
27,2,11,1,36,week4_percentage,0.113475177,3,121,53.29668426,32.0,28,11,1.411521860803345,15.327480881217188,0.09209092294697112
16,2,8,7,64,week5_percentage,0.111627907,4,122,18.73252058,24.0,28,0,1.2855560055151753,17.097312129528785,0.07519053262734147
17,2,10,5,42,week5_percentage,0.120930233,4,123,20.20579215,26.0,28,1,0.8709098975626085,17.097312129528785,0.05093841014099866
18,2,11,2,65,week5_percentage,0.120930233,4,124,26.40374651,26.0,28,2,1.138054078631764,17.097312129528785,0.06656333288003966
21,2,6,9,93,week5_percentage,0.111627907,4,125,13.71563085,24.0,28,5,0.9412620972893501,17.097312129528785,0.05505322065587698
22,2,9,6,96,week5_percentage,0.088372093,4,126,22.07767833,19.0,28,6,4.11853410701898,17.097312129528785,0.24088781182779342
24,2,11,4,70,week5_percentage,0.106976744,4,127,32.24800135,23.0,28,8,2.753825279035618,17.097312129528785,0.16106773147572617
25,2,11,3,3,week5_percentage,0.125581395,4,128,32.7834551,27.0,28,9,1.104316184049012,17.097312129528785,0.06459004641681347
26,2,7,8,63,week5_percentage,0.097674419,4,129,17.48371022,21.0,28,10,2.2481480847325437,17.097312129528785,0.13149131674620157
27,2,11,1,36,week5_percentage,0.11627907,4,130,48.25537936,25.0,28,11,2.6367063956937318,17.097312129528785,0.15421759722920853
16,2,8,7,64,week6_percentage,0.118421053,5,131,18.70993484,27.0,28,0,0.7646678110762624,13.976761153175417,0.05470994336213118
17,2,10,5,42,week6_percentage,0.118421053,5,132,19.15324983,27.0,28,1,0.7827859235079461,13.976761153175417,0.056006246005720926
18,2,11,2,65,week6_percentage,0.114035088,5,133,23.44667711,26.0,28,2,1.209027715618642,13.976761153175417,0.08650270991745178
21,2,6,9,93,week6_percentage,0.118421053,5,134,9.083196448,27.0,28,5,0.3712267308712788,13.976761153175417,0.026560282944159692
22,2,9,6,96,week6_percentage,0.092105263,5,135,21.15991862,21.0,28,6,3.05841937394547,13.976761153175417,0.21882175279575553
24,2,11,4,70,week6_percentage,0.114035088,5,136,31.11932199,26.0,28,8,1.6046675868250857,13.976761153175417,0.1148096879698425
25,2,11,3,3,week6_percentage,0.109649123,5,137,27.32434814,25.0,28,9,1.7621772228625716,13.976761153175417,0.12607908252493946
26,2,7,8,63,week6_percentage,0.109649123,5,138,18.75031418,25.0,28,10,1.2092283556124057,13.976761153175417,0.0865170651741214
27,2,11,1,36,week6_percentage,0.105263158,5,139,40.20560511,24.0,28,11,3.214560432855755,13.976761153175417,0.22999322930587754
16,2,8,7,64,week7_percentage,0.118811881,6,140,18.22903651,24.0,28,0,1.0528813949168312,8.866940450732859,0.11874235546826187
17,2,10,5,42,week7_percentage,0.133663366,6,141,20.16864034,27.0,28,1,0.5461935153454242,8.866940450732859,0.06159887036348382
18,2,11,2,65,week7_percentage,0.126237624,6,142,24.6366116,25.5,28,2,0.9852835620117107,8.866940450732859,0.11111877512725107
22,2,9,6,96,week7_percentage,0.103960396,6,143,21.89330441,21.0,28,6,2.4670239345199994,8.866940450732859,0.27822719101672755
24,2,11,4,70,week7_percentage,0.133663366,6,144,33.2915532,27.0,28,8,0.9015793909296915,8.866940450732859,0.1016787465686854
25,2,11,3,3,week7_percentage,0.133663366,6,145,29.44165826,27.0,28,9,0.7973191326504682,8.866940450732859,0.08992043389493715
26,2,7,8,63,week7_percentage,0.121287129,6,146,10.86103066,24.5,28,10,0.5563523589939955,8.866940450732859,0.06274456923278565
27,2,11,1,36,week7_percentage,0.128712871,6,147,44.31917139,26.0,28,11,1.5603071613647383,8.866940450732859,0.17596905832786752
16,2,8,7,64,week8_percentage,0.134714548,7,148,12.01298573,25.9998,28,0,0.3618364024529518,5.5222631997735565,0.06552320839538925
17,2,10,5,42,week8_percentage,0.16580276,7,149,23.34849931,31.9998,28,1,0.11588899950953453,5.5222631997735565,0.020985779800261353
18,2,11,2,65,week8_percentage,0.155440023,7,150,27.49067398,29.9998,28,2,0.2594158820592265,5.5222631997735565,0.04697637049785385
22,2,9,6,96,week8_percentage,0.103627373,7,151,21.01682471,20.0,28,6,2.6452771266944146,5.5222631997735565,0.4790204724039386
24,2,11,4,70,week8_percentage,0.124352847,7,152,29.4751862,24.0,28,8,1.4904534993394771,5.5222631997735565,0.2698990333167376
25,2,11,3,3,week8_percentage,0.155441059,7,153,32.1530134,30.0,28,9,0.30339320930209734,5.5222631997735565,0.05494001251416958
27,2,11,1,36,week8_percentage,0.160621391,7,154,50.29516478,30.9998,28,11,0.34599808041585456,5.5222631997735565,0.06265512307164975
17,2,10,5,42,week9_percentage,0.172661871,8,155,24.38496617,36.0,28,1,0.048710505466120345,1.0656246726355936,0.04571075230985914
18,2,11,2,65,week9_percentage,0.177458034,8,156,30.11151745,37.0,28,2,0.042381661593187014,1.0656246726355936,0.03977165946089169
22,2,9,6,96,week9_percentage,0.119904077,8,157,14.594451,25.0,28,6,0.7283594977925291,1.0656246726355936,0.6835047240329828
24,2,11,4,70,week9_percentage,0.167865707,8,158,38.53212039,35.0,28,8,0.10819635987525092,1.0656246726355936,0.10153327213009293
25,2,11,3,3,week9_percentage,0.191846523,8,159,39.64101932,40.0,28,9,0.018425927620168984,1.0656246726355936,0.017291198386573024
27,2,11,1,36,week9_percentage,0.170263789,8,160,50.41808547,35.5,28,11,0.11955072028833724,1.0656246726355936,0.11218839367960037
17,2,10,5,42,week10_percentage,0.185454545,9,161,18.47447539,25.5,28,1,0.16321273168181902,0.8465892772199357,0.1927885647427329
18,2,11,2,65,week10_percentage,0.207272727,9,162,35.37664607,28.5,28,2,0.09621011006468004,0.8465892772199357,0.11364437591345204
24,2,11,4,70,week10_percentage,0.196363636,9,163,45.11407551,27.0,28,8,0.22478208018541787,0.8465892772199357,0.2655149152415046
25,2,11,3,3,week10_percentage,0.214545455,9,164,44.06691508,29.5,28,9,0.07860015193370337,0.8465892772199357,0.09284331144827837
27,2,11,1,36,week10_percentage,0.196363636,9,165,56.95588353,27.0,28,11,0.2837842033543154,0.8465892772199357,0.3352088326540321
18,2,11,2,65,week11_percentage,0.252136752,10,166,53.21529575,29.5,28,2,0.0313140526768901,0.15559615766960064,0.20125209481961415
24,2,11,4,70,week11_percentage,0.243589744,10,167,35.44354079,28.5,28,8,0.03423979640543051,0.15559615766960064,0.22005553940564987
25,2,11,3,3,week11_percentage,0.256410256,10,168,61.84903378,30.0,28,9,0.02822319268901993,0.15559615766960064,0.18138746555008275
27,2,11,1,36,week11_percentage,0.247863248,10,169,81.81753201,29.0,28,11,0.0618191158982601,0.15559615766960064,0.39730490022465326
28,3,4,13,8,week1_percentage,0.069230769,0,170,14.7814422,18.0,29,0,4.251273761272922,118.87373439463879,0.03576293605078041
29,3,5,12,50,week1_percentage,0.069230769,0,171,15.16306283,18.0,29,1,4.361031236161228,118.87373439463879,0.03668624745718353
30,3,8,8,20,week1_percentage,0.05,0,172,19.18016611,13.0,29,2,10.012924715300263,118.87373439463879,0.084231598900218
31,3,10,5,99,week1_percentage,0.080769231,0,173,41.12309758,21.0,29,3,7.541462264965947,118.87373439463879,0.06344094684473939
32,3,11,4,61,week1_percentage,0.080769231,0,174,24.71200697,21.0,29,4,4.531873302911596,118.87373439463879,0.03812341999677251
33,3,2,15,17,week1_percentage,0.046153846,0,175,8.895179257,12.0,29,5,5.112371167152106,118.87373439463879,0.04300673477775991
34,3,6,11,110,week1_percentage,0.065384615,0,176,18.07485478,17.0,29,6,5.94757324698278,118.87373439463879,0.05003269458363223
35,3,10,6,57,week1_percentage,0.069230769,0,177,25.40926706,18.0,29,7,7.307930368618184,118.87373439463879,0.061476409451033213
36,3,11,2,86,week1_percentage,0.076923077,0,178,99.69515855,20.0,29,8,21.40566433613009,118.87373439463879,0.18007059713516907
37,3,9,7,0,week1_percentage,0.069230769,0,179,19.97989869,18.0,29,9,5.746395913498091,118.87373439463879,0.048340333066521836
38,3,11,3,85,week1_percentage,0.061538462,0,180,45.46421036,16.0,29,10,16.984650746626613,118.87373439463879,0.14287976089184443
39,3,11,1,62,week1_percentage,0.076923077,0,181,46.25695663,20.0,29,11,9.931885371706521,118.87373439463879,0.08354987266349773
40,3,3,14,14,week1_percentage,0.042307692,0,182,10.13135968,11.0,29,12,6.361415530989733,118.87373439463879,0.053514054752171
41,3,7,10,84,week1_percentage,0.073076923,0,183,17.57455053,19.0,29,13,4.384126157239463,118.87373439463879,0.03688052856726934
42,3,7,9,46,week1_percentage,0.069230769,0,184,17.3609264,18.0,29,14,4.993156275083251,118.87373439463879,0.042003864861407454
28,3,4,13,8,week2_percentage,0.065934066,1,185,13.22518638,18.0,29,0,4.0362251350021765,101.33647265286716,0.03982993515896745
29,3,5,12,50,week2_percentage,0.073260073,1,186,14.56007662,20.0,29,1,3.363835514535757,101.33647265286716,0.03319471683269195
30,3,8,8,20,week2_percentage,0.065934066,1,187,19.54029734,18.0,29,2,5.963548414591354,101.33647265286716,0.05884898357395732
31,3,10,5,99,week2_percentage,0.054945055,1,188,30.95196579,15.0,29,3,13.575418405837622,101.33647265286716,0.13396379457908364
32,3,11,4,61,week2_percentage,0.076923077,1,189,21.93103668,21.0,29,4,4.360201258675745,101.33647265286716,0.043026968913865975
33,3,2,15,17,week2_percentage,0.054945055,1,190,6.097615328,15.0,29,5,2.674391666011492,101.33647265286716,0.02639120541695532
34,3,6,11,110,week2_percentage,0.065934066,1,191,16.54460783,18.0,29,6,5.0492870235224485,101.33647265286716,0.04982694671857208
35,3,10,6,57,week2_percentage,0.065934066,1,192,22.6641034,18.0,29,7,6.916909991053623,101.33647265286716,0.06825686556850881
36,3,11,2,86,week2_percentage,0.076923077,1,193,85.24807047,21.0,29,8,16.94852594460084,101.33647265286716,0.16725000881626115
37,3,9,7,0,week2_percentage,0.06959707,1,194,17.89523466,19.0,29,9,4.769255090979756,101.33647265286716,0.04706355931015147
38,3,11,3,85,week2_percentage,0.065934066,1,195,39.31053863,18.0,29,10,11.997273953645411,101.33647265286716,0.1183904831061432
39,3,11,1,62,week2_percentage,0.080586081,1,196,40.0194154,22.0,29,11,6.796929318284582,101.33647265286716,0.06707288245139321
40,3,3,14,14,week2_percentage,0.058608059,1,197,11.12974327,16.0,29,12,4.357472356641071,101.33647265286716,0.04300003979384399
41,3,7,10,84,week2_percentage,0.058608059,1,198,14.71319018,16.0,29,13,5.7604490896179374,101.33647265286716,0.05684477601021921
42,3,7,9,46,week2_percentage,0.065934066,1,199,15.61883897,18.0,29,14,4.766749489867341,101.33647265286716,0.04703883374938523
28,3,4,13,8,week3_percentage,0.053380783,2,200,11.38914038,15.0,29,0,5.113829610882945,72.03972793720833,0.0709862426929248
29,3,5,12,50,week3_percentage,0.071174377,2,201,12.82186859,20.0,29,1,3.088435514546212,72.03972793720833,0.042871282318530844
30,3,8,8,20,week3_percentage,0.078291815,2,202,19.1520167,22.0,29,2,3.4211887923804465,72.03972793720833,0.04749030695066537
31,3,10,5,99,week3_percentage,0.06405694,2,203,29.27223596,18.0,29,3,9.240671615109477,72.03972793720833,0.12827188385780527
32,3,11,4,61,week3_percentage,0.067615658,2,204,18.41043164,19.0,29,4,5.094797591127944,72.03972793720833,0.07072205485796254
34,3,6,11,110,week3_percentage,0.078291815,2,205,16.53355904,22.0,29,6,2.953444943780172,72.03972793720833,0.04099744721904656
35,3,10,6,57,week3_percentage,0.085409253,2,206,23.5124659,24.0,29,7,3.0274136444843167,72.03972793720833,0.042024223732814316
36,3,11,2,86,week3_percentage,0.085409253,2,207,80.02704647,24.0,29,8,10.304107337846622,72.03972793720833,0.14303367923360213
37,3,9,7,0,week3_percentage,0.074733096,2,208,16.80847939,21.0,29,9,3.4990393824735726,72.03972793720833,0.04857096886211765
38,3,11,3,85,week3_percentage,0.06405694,2,209,35.32136081,18.0,29,10,11.150261862128255,72.03972793720833,0.15477934441739022
39,3,11,1,62,week3_percentage,0.081850534,2,210,36.57199116,23.0,29,11,5.566243425891935,72.03972793720833,0.07726630270929973
40,3,3,14,14,week3_percentage,0.042704626,2,211,6.173741743,12.0,29,12,3.698212457941431,72.03972793720833,0.05133573604226945
41,3,7,10,84,week3_percentage,0.074733096,2,212,14.98025193,21.0,29,13,3.118455289514785,72.03972793720833,0.04328799370581897
42,3,7,9,46,week3_percentage,0.078291815,2,213,15.47094402,22.0,29,14,2.7636264691002115,72.03972793720833,0.03836253339975214
28,3,4,13,8,week4_percentage,0.069767442,3,214,6.830208775,21.0,29,0,1.5781274066169988,48.51701461164611,0.03252729829419847
29,3,5,12,50,week4_percentage,0.069767442,3,215,12.12167978,21.0,29,1,2.8007277237368355,48.51701461164611,0.05772671187943505
30,3,8,8,20,week4_percentage,0.073089701,3,216,17.07692646,22.0,29,2,3.4203907554209345,48.51701461164611,0.07049878857550106
31,3,10,5,99,week4_percentage,0.093023256,3,217,32.01271373,28.0,29,3,2.366665399503277,48.51701461164611,0.04878011185245471
32,3,11,4,61,week4_percentage,0.079734219,3,218,18.03589627,24.0,29,4,2.661108467954145,48.51701461164611,0.054848973896167295
34,3,6,11,110,week4_percentage,0.073089701,3,219,14.69957369,22.0,29,6,2.9442233692153987,48.51701461164611,0.06068434739405137
35,3,10,6,57,week4_percentage,0.079734219,3,220,20.33374477,24.0,29,7,3.0001447991619714,48.51701461164611,0.06183696221164052
36,3,11,2,86,week4_percentage,0.079734219,3,221,69.94818448,24.0,29,8,10.320513228242618,48.51701461164611,0.2127194616332651
37,3,9,7,0,week4_percentage,0.079734219,3,222,16.1252407,24.0,29,9,2.3792005638192117,48.51701461164611,0.04903847820941778
38,3,11,3,85,week4_percentage,0.069767442,3,223,33.33633995,21.0,29,10,7.702398776440937,48.51701461164611,0.15875665141589398
39,3,11,1,62,week4_percentage,0.083056478,3,224,32.78598733,25.0,29,11,4.110683262295806,48.51701461164611,0.08472663240308011
41,3,7,10,84,week4_percentage,0.079734219,3,225,14.30096757,24.0,29,13,2.110037967104842,48.51701461164611,0.04349068020764709
42,3,7,9,46,week4_percentage,0.069767442,3,226,13.5155928,21.0,29,14,3.122792892133137,48.51701461164611,0.0643649020272475
29,3,5,12,50,week5_percentage,0.066202091,4,227,6.930831657,19.0,29,1,1.970209899860352,34.716886185517076,0.05675076645215576
30,3,8,8,20,week5_percentage,0.066202091,4,228,14.65615966,19.0,29,2,4.166269256720736,34.716886185517076,0.12000699701169594
31,3,10,5,99,week5_percentage,0.083623693,4,229,28.08861954,24.0,29,3,3.7749829409197213,34.716886185517076,0.10873621904762126
32,3,11,4,61,week5_percentage,0.083623693,4,230,16.77671364,24.0,29,4,2.2547141451898924,34.716886185517076,0.06494574810486595
34,3,6,11,110,week5_percentage,0.073170732,4,231,13.87655069,21.0,29,6,2.9850456588630188,34.716886185517076,0.08598252858599678
35,3,10,6,57,week5_percentage,0.101045296,4,232,21.40053587,29.0,29,7,1.1423669460084955,34.716886185517076,0.03290522484948721
36,3,11,2,86,week5_percentage,0.090592334,4,233,67.58672917,26.0,29,8,6.410972437365024,34.716886185517076,0.18466438502308724
37,3,9,7,0,week5_percentage,0.083623693,4,234,15.33468823,24.0,29,9,2.0609124770313447,34.716886185517076,0.05936340217894024
38,3,11,3,85,week5_percentage,0.083623693,4,235,31.88287017,24.0,29,10,4.284912999298942,34.716886185517076,0.12342446198664236
39,3,11,1,62,week5_percentage,0.094076655,4,236,31.86165115,27.0,29,11,2.5126386182639777,34.716886185517076,0.07237511465853125
41,3,7,10,84,week5_percentage,0.090592334,4,237,14.16404769,26.0,29,13,1.343537710098566,34.716886185517076,0.03869983335829965
42,3,7,9,46,week5_percentage,0.083623693,4,238,13.47012092,24.0,29,14,1.8103230958970034,34.716886185517076,0.0521453187426763
30,3,8,8,20,week6_percentage,0.089552239,5,239,16.06563137,24.0,29,2,1.8727886125974973,28.204187207262812,0.06640108430833415
31,3,10,5,99,week6_percentage,0.067164179,5,240,23.07309385,18.0,29,3,6.887525991962469,28.204187207262812,0.2442022505860007
32,3,11,4,61,week6_percentage,0.100746269,5,241,17.57074212,27.0,29,4,1.157295567943705,28.204187207262812,0.04103275727958903
34,3,6,11,110,week6_percentage,0.078358209,5,242,7.812705654,21.0,29,6,1.5071628096780227,28.204187207262812,0.053437555161664645
35,3,10,6,57,week6_percentage,0.082089552,5,243,17.3514446,22.0,29,7,2.8511020996849723,28.204187207262812,0.1010879015492703
36,3,11,2,86,week6_percentage,0.097014925,5,244,61.72622609,26.0,29,8,4.954621853797522,28.204187207262812,0.17566972653342997
37,3,9,7,0,week6_percentage,0.100746269,5,245,16.26548972,27.0,29,9,1.0713252197790435,28.204187207262812,0.03798461596876539
38,3,11,3,85,week6_percentage,0.089552239,5,246,30.91279022,24.0,29,10,3.6035385211027218,28.204187207262812,0.12776608290895122
39,3,11,1,62,week6_percentage,0.100746269,5,247,30.2388689,27.0,29,11,1.991680756487065,28.204187207262812,0.07061649186522882
41,3,7,10,84,week6_percentage,0.100746269,5,248,14.69736654,27.0,29,13,0.9680409080630288,28.204187207262812,0.03432259546957447
42,3,7,9,46,week6_percentage,0.093283582,5,249,13.79203057,25.0,29,14,1.3391048661667655,28.204187207262812,0.04747893836919133
30,3,8,8,20,week7_percentage,0.1,6,250,17.0089766,26.0,29,2,1.2633175538458747,15.508526019576623,0.08145955020168724
31,3,10,5,99,week7_percentage,0.103846154,6,251,27.48730804,27.0,29,3,1.6650883986719438,15.508526019576623,0.10736599961660316
32,3,11,4,61,week7_percentage,0.1,6,252,17.18788127,26.0,29,4,1.276605443846029,15.508526019576623,0.0823163621245857
35,3,10,6,57,week7_percentage,0.103846154,6,253,19.47070741,27.0,29,7,1.1794697747465144,15.508526019576623,0.07605299002997794
36,3,11,2,86,week7_percentage,0.115384615,6,254,65.20191914,30.0,29,8,2.0461305095664875,15.508526019576623,0.13193584657778754
37,3,9,7,0,week7_percentage,0.1,6,255,15.65055886,26.0,29,9,1.162423007586246,15.508526019576623,0.07495380322532932
38,3,11,3,85,week7_percentage,0.103846154,6,256,30.94314055,27.0,29,10,1.874431074636452,15.508526019576623,0.12086455361846331
39,3,11,1,62,week7_percentage,0.092307692,6,257,26.70495359,24.0,29,11,2.9138186386931593,15.508526019576623,0.18788495018901258
41,3,7,10,84,week7_percentage,0.084615385,6,258,8.577572254,22.0,29,13,1.333240505804543,15.508526019576623,0.08596822832302536
42,3,7,9,46,week7_percentage,0.096153846,6,259,8.786142224,25.0,29,14,0.7940011121793729,15.508526019576623,0.05119771609352781
30,3,8,8,20,week8_percentage,0.121621841,7,260,10.7569841,27.0,29,2,0.40323551645497013,7.281678042903199,0.05537672966026942
31,3,10,5,99,week8_percentage,0.12162094,7,261,29.02322463,26.9998,29,3,1.088015400251087,7.281678042903199,0.14941822390945703
32,3,11,4,61,week8_percentage,0.130629965,7,262,19.79816058,28.9998,29,4,0.4481381042656563,7.281678042903199,0.06154324616183992
35,3,10,6,57,week8_percentage,0.135135379,7,263,21.99688433,30.0,29,7,0.38168464497451743,7.281678042903199,0.052417127305774164
36,3,11,2,86,week8_percentage,0.135135379,7,264,68.38939788,30.0,29,8,1.1866763791746873,7.281678042903199,0.16296743308106498
37,3,9,7,0,week8_percentage,0.121621841,7,265,17.40034894,27.0,29,9,0.6522682032520242,7.281678042903199,0.089576633216808
38,3,11,3,85,week8_percentage,0.108108303,7,266,29.84312096,24.0,29,10,2.228558775845328,7.281678042903199,0.3060501662823867
39,3,11,1,62,week8_percentage,0.126126353,7,267,30.52305508,28.0,29,11,0.8931010186849284,7.281678042903199,0.1226504403823998
31,3,10,5,99,week9_percentage,0.150258654,8,268,33.11193301,28.9998,29,3,0.4241885696154697,4.513354337095643,0.09398521319920039
32,3,11,4,61,week9_percentage,0.134714548,8,269,19.1179399,25.9998,29,4,0.5758407402792898,4.513354337095643,0.12758598090701762
35,3,10,6,57,week9_percentage,0.155441059,8,270,24.61367166,30.0,29,7,0.2322525961947779,4.513354337095643,0.051458976815951296
36,3,11,2,86,week9_percentage,0.150258654,8,271,70.64642871,28.9998,29,8,0.9050334673570949,4.513354337095643,0.20052346874663662
37,3,9,7,0,week9_percentage,0.129533179,8,272,11.46010649,24.9998,29,9,0.44958445112398143,4.513354337095643,0.09961204406860075
38,3,11,3,85,week9_percentage,0.124352847,8,273,31.47412349,24.0,29,10,1.5915325242055074,4.513354337095643,0.35262742637434125
39,3,11,1,62,week9_percentage,0.155441059,8,274,35.49437116,30.0,29,11,0.3349219883195212,4.513354337095643,0.07420688988825205
31,3,10,5,99,week10_percentage,0.163793103,9,275,20.23015343,28.5,29,3,0.18996238500701015,1.6936086511027755,0.11216427412750764
32,3,11,4,61,week10_percentage,0.166666667,9,276,27.72048203,29.0,29,4,0.22065347828489257,1.6936086511027755,0.13028598911632647
35,3,10,6,57,week10_percentage,0.163793103,9,277,18.02924323,28.5,29,7,0.16929570285727144,1.6936086511027755,0.0999615246102081
36,3,11,2,86,week10_percentage,0.172413793,9,278,78.56760126,30.0,29,8,0.4455461823977333,1.6936086511027755,0.26307505107961077
38,3,11,3,85,week10_percentage,0.16091954,9,279,40.21253313,28.0,29,10,0.4441608961122394,1.6936086511027755,0.2622571016173239
39,3,11,1,62,week10_percentage,0.172413793,9,280,39.49839143,30.0,29,11,0.22399000644362863,1.6936086511027755,0.1322560594490232
32,3,11,4,61,week11_percentage,0.253164557,10,281,32.91508573,30.0,29,4,0.016556017890417846,0.18631062015511246,0.0888624485100966
36,3,11,2,86,week11_percentage,0.253164557,10,282,132.7173549,30.0,29,8,0.06675573990957777,0.18631062015511246,0.3583034603931887
38,3,11,3,85,week11_percentage,0.240506329,10,283,66.00323101,28.5,29,10,0.06961837896061522,0.18631062015511246,0.3736683335746218
39,3,11,1,62,week11_percentage,0.253164557,10,284,66.36387324,30.0,29,11,0.033380483394501614,0.18631062015511246,0.1791657575220928
43,4,2,15,74,week1_percentage,0.035519126,0,285,7.070113658,13.0,30,0,4.455449340383319,82.88257531970099,0.05375616434693806
44,4,4,13,12,week1_percentage,0.06557377,0,286,15.22547573,24.0,30,1,3.1556660395189273,82.88257531970099,0.038073938066555624
45,4,9,6,81,week1_percentage,0.071038251,0,287,22.23935345,26.0,30,2,3.507378426799307,82.88257531970099,0.0423174402251665
46,4,4,12,77,week1_percentage,0.06557377,0,288,17.31972774,24.0,30,3,3.58972537949275,82.88257531970099,0.043310977797760115
47,4,7,9,82,week1_percentage,0.06557377,0,289,19.45585056,24.0,30,4,4.032462956883076,82.88257531970099,0.0486527227385099
48,4,9,5,102,week1_percentage,0.076502732,0,290,26.70881392,28.0,30,5,3.1359028538921874,82.88257531970099,0.037835490050787436
49,4,10,1,41,week1_percentage,0.057377049,0,291,48.87175615,21.0,30,6,14.647674955671775,82.88257531970099,0.17672803842269194
50,4,10,3,22,week1_percentage,0.06557377,0,292,101.7846363,24.0,30,7,21.096110611756593,82.88257531970099,0.2545301051563983
51,4,5,11,80,week1_percentage,0.073770492,0,293,15.48302764,27.0,30,8,2.1126459128106427,82.88257531970099,0.025489626796242563
52,4,8,7,52,week1_percentage,0.06010929,0,294,19.61393941,22.0,30,9,5.226992829159704,82.88257531970099,0.06306503880939689
53,4,8,8,87,week1_percentage,0.068306011,0,295,26.18348727,25.0,30,10,4.746837848250995,82.88257531970099,0.05727184308572857
54,4,10,2,53,week1_percentage,0.079234973,0,296,48.60313353,29.0,30,11,4.883556706791365,82.88257531970099,0.05892139195668255
55,4,3,14,21,week1_percentage,0.068306011,0,297,14.84132336,25.0,30,12,2.6906024670020825,82.88257531970099,0.032462824141548274
56,4,6,10,68,week1_percentage,0.071038251,0,298,16.36178171,26.0,30,13,2.580423946346942,82.88257531970099,0.031133491405081634
57,4,10,4,5,week1_percentage,0.076502732,0,299,25.73140961,28.0,30,14,3.0211450449413237,82.88257531970099,0.03645090700051166
43,4,2,15,74,week2_percentage,0.038961039,1,300,5.395984173,15.0,30,0,3.0078917565259373,66.78487019841378,0.045038520664780424
44,4,4,13,12,week2_percentage,0.05974026,1,301,13.3598339,23.0,30,1,3.381186743435781,66.78487019841378,0.05062803496346524
45,4,9,6,81,week2_percentage,0.07012987,1,302,19.80054697,27.0,30,2,2.9808338358526383,66.78487019841378,0.04463337020790431
46,4,4,12,77,week2_percentage,0.057142857,1,303,14.68884102,22.0,30,3,4.178470361028837,66.78487019841378,0.06256612236596187
47,4,7,9,82,week2_percentage,0.067532468,1,304,17.82001078,26.0,30,4,3.0786089611616387,66.78487019841378,0.046097401282884566
48,4,9,5,102,week2_percentage,0.072727273,1,305,22.85381194,28.0,30,5,2.9824773597622403,66.78487019841378,0.044657979433088385
49,4,10,1,41,week2_percentage,0.064935065,1,306,43.32203245,25.0,30,6,8.544473615100978,66.78487019841378,0.12794025936886405
50,4,10,3,22,week2_percentage,0.062337662,1,307,87.63645885,24.0,30,7,19.630671592770838,66.78487019841378,0.29393890464186434
51,4,5,11,80,week2_percentage,0.077922078,1,308,14.63947519,30.0,30,8,1.4134864616487912,66.78487019841378,0.021164770665113356
52,4,8,7,52,week2_percentage,0.07012987,1,309,18.88900753,27.0,30,9,2.8436079496393467,66.78487019841378,0.04257862508665751
53,4,8,8,87,week2_percentage,0.07012987,1,310,23.43929821,27.0,30,10,3.5286223809305297,66.78487019841378,0.052835655298081846
54,4,10,2,53,week2_percentage,0.080519481,1,311,42.30516002,31.0,30,11,3.4861750253092896,66.78487019841378,0.05220007188682221
55,4,3,14,21,week2_percentage,0.062337662,1,312,13.25316257,24.0,30,12,2.9687242660338597,66.78487019841378,0.044452048154229554
56,4,6,10,68,week2_percentage,0.062337662,1,313,13.70538787,24.0,30,13,3.070023274080694,66.78487019841378,0.045968843915692906
57,4,10,4,5,week2_percentage,0.083116883,1,314,24.14897423,32.0,30,14,1.6896166151323873,66.78487019841378,0.025299392064589466
44,4,4,13,12,week3_percentage,0.063758389,2,315,13.04372783,19.0,30,1,3.884126040751292,81.31690726654705,0.04776529471318423
45,4,9,6,81,week3_percentage,0.077181208,2,316,18.91782599,23.0,30,2,3.205720492083487,81.31690726654705,0.039422557987547666
46,4,4,12,77,week3_percentage,0.067114094,2,317,14.661395,20.0,30,3,3.830272574055289,81.31690726654705,0.04710302817469577
47,4,7,9,82,week3_percentage,0.073825503,2,318,17.24650057,22.0,30,4,3.398887565237887,81.31690726654705,0.041798042737861904
48,4,9,5,102,week3_percentage,0.070469799,2,319,20.66067019,21.0,30,5,4.703778505998763,81.31690726654705,0.05784502465865238
49,4,10,1,41,week3_percentage,0.063758389,2,320,37.83533256,19.0,30,6,11.266503132546674,81.31690726654705,0.13855056114734457
50,4,10,3,22,week3_percentage,0.060402685,2,321,79.93585563,18.0,30,7,26.949808145697798,81.31690726654705,0.3314170330821801
51,4,5,11,80,week3_percentage,0.073825503,2,322,13.74748556,22.0,30,8,2.709312392593474,81.31690726654705,0.033317946828851634
52,4,8,7,52,week3_percentage,0.067114094,2,323,17.26402398,20.0,30,9,4.510206400443262,81.31690726654705,0.05546455899582294
53,4,8,8,87,week3_percentage,0.080536913,2,324,23.47132161,24.0,30,10,3.3970024380562784,81.31690726654705,0.04177486026271649
54,4,10,2,53,week3_percentage,0.080536913,2,325,38.93699301,24.0,30,11,5.6353477824272495,81.31690726654705,0.06930105892929815
55,4,3,14,21,week3_percentage,0.070469799,2,326,7.203492448,21.0,30,12,1.6400064776904901,81.31690726654705,0.020168087213582115
56,4,6,10,68,week3_percentage,0.070469799,2,327,13.69365344,21.0,30,13,3.117610035266141,81.31690726654705,0.03833901386641514
57,4,10,4,5,week3_percentage,0.080536913,2,328,21.20035262,24.0,30,14,3.068325283698961,81.31690726654705,0.037732931401846845
44,4,4,13,12,week4_percentage,0.06235012,3,329,7.796898324,26.0,30,1,1.5412948638910182,27.281071298301335,0.056496859930386514
45,4,9,6,81,week4_percentage,0.087529976,3,330,18.64825629,36.5,30,2,0.764073355940426,27.281071298301335,0.02800745423762011
46,4,4,12,77,week4_percentage,0.068345324,3,331,7.990020891,28.5,30,3,1.1392289118303216,27.281071298301335,0.04175895071617866
47,4,7,9,82,week4_percentage,0.07793765,3,332,16.47680145,32.5,30,4,1.3086286984606006,27.281071298301335,0.0479683764670225
48,4,9,5,102,week4_percentage,0.081534772,3,333,20.5869683,34.0,30,5,1.2872086295764067,27.281071298301335,0.047183214159795664
49,4,10,1,41,week4_percentage,0.075539568,3,334,37.20913467,31.5,30,6,3.4454616275605625,27.281071298301335,0.12629495337212418
50,4,10,3,22,week4_percentage,0.069544365,3,335,70.94717585,29.0,30,7,9.441822406125505,27.281071298301335,0.3460942681790287
51,4,5,11,80,week4_percentage,0.079136691,3,336,13.42160451,33.0,30,8,0.9854616006311047,27.281071298301335,0.03612254041843528
52,4,8,7,52,week4_percentage,0.07793765,3,337,17.23153984,32.5,30,9,1.3685719052766268,27.281071298301335,0.05016562180832838
53,4,8,8,87,week4_percentage,0.083932854,3,338,21.89848268,35.0,30,10,1.160403118160088,27.281071298301335,0.04253510082033842
54,4,10,2,53,week4_percentage,0.083932854,3,339,36.37798892,35.0,30,11,1.9276738206941892,27.281071298301335,0.0706597552426109
56,4,6,10,68,week4_percentage,0.070743405,3,340,13.41394893,29.5,30,13,1.6642335430708193,27.281071298301335,0.06100323278633282
57,4,10,4,5,week4_percentage,0.081534772,3,341,19.94403269,34.0,30,14,1.2470088170836673,27.281071298301335,0.04570967186179792
45,4,9,6,81,week5_percentage,0.093506494,4,342,17.75449559,36.0,30,2,0.6128745412878175,15.09737283133333,0.040594780836030485
47,4,7,9,82,week5_percentage,0.083116883,4,343,15.57445508,32.0,30,4,1.0896884407665797,15.09737283133333,0.07217735515579392
48,4,9,5,102,week5_percentage,0.093506494,4,344,20.18563433,36.0,30,5,0.6967959927608605,15.09737283133333,0.04615345997912424
49,4,10,1,41,week5_percentage,0.072727273,4,345,32.64008089,28.0,30,6,4.259608967239675,15.09737283133333,0.2821423975434464
50,4,10,3,22,week5_percentage,0.083116883,4,346,73.57964876,32.0,30,7,5.148102602472368,15.09737283133333,0.34099327478936686
51,4,5,11,80,week5_percentage,0.093506494,4,347,7.982354701,36.0,30,8,0.2755460976614559,15.09737283133333,0.018251261377713553
52,4,8,7,52,week5_percentage,0.088311688,4,348,16.54475115,34.0,30,9,0.8215779229436972,15.09737283133333,0.054418601972826774
53,4,8,8,87,week5_percentage,0.093506494,4,349,21.1939749,36.0,30,10,0.7316033045860818,15.09737283133333,0.04845898109290251
54,4,10,2,53,week5_percentage,0.103896104,4,350,37.01255349,40.0,30,11,0.5800812950491313,15.09737283133333,0.038422664759607796
56,4,6,10,68,week5_percentage,0.093506494,4,351,13.96168856,36.0,30,13,0.48194911696803483,15.09737283133333,0.03192271412730763
57,4,10,4,5,week5_percentage,0.101298701,4,352,20.76397123,39.0,30,14,0.3995445495976289,15.09737283133333,0.026464508365879907
45,4,9,6,81,week6_percentage,0.093406593,5,353,16.49758625,34.0,30,2,0.6889338097748857,6.676982086385005,0.10318041906682461
47,4,7,9,82,week6_percentage,0.093406593,5,354,15.76737356,34.0,30,4,0.6584403665011662,6.676982086385005,0.09861346907666386
48,4,9,5,102,week6_percentage,0.098901099,5,355,19.56316159,36.0,30,5,0.5561088241615174,6.676982086385005,0.08328745187072999
49,4,10,1,41,week6_percentage,0.10989011,5,356,37.8129072,40.0,30,6,0.4662870276335714,6.676982086385005,0.06983499754842454
50,4,10,3,22,week6_percentage,0.098901099,5,357,73.52399997,36.0,30,7,2.090017249147925,6.676982086385005,0.31301825017767637
52,4,8,7,52,week6_percentage,0.104395604,5,358,17.38932719,38.0,30,9,0.32917152422027257,6.676982086385005,0.04929944695994981
53,4,8,8,87,week6_percentage,0.098901099,5,359,20.53606423,36.0,30,10,0.5837648725290061,6.676982086385005,0.08742945015823206
54,4,10,2,53,week6_percentage,0.10989011,5,360,36.08210704,40.0,30,11,0.44494379534081313,6.676982086385005,0.06663845875041292
56,4,6,10,68,week6_percentage,0.087912088,5,361,8.113299181,32.0,30,13,0.48690695749406043,6.676982086385005,0.07292320859852382
57,4,10,4,5,week6_percentage,0.104395604,5,362,19.67338656,38.0,30,14,0.37240765958178657,6.676982086385005,0.055774847792561984
45,4,9,6,81,week7_percentage,0.116207951,6,363,18.4155356,38.0,30,2,0.22252685154838955,4.725623409627479,0.04708941704813743
47,4,7,9,82,week7_percentage,0.097859327,6,364,9.479582344,32.0,30,4,0.4138059208694611,4.725623409627479,0.08756641928479049
48,4,9,5,102,week7_percentage,0.103975535,6,365,18.95342654,34.0,30,5,0.5525654148032464,4.725623409627479,0.1169296338082101
49,4,10,1,41,week7_percentage,0.103975535,6,366,32.45436896,34.0,30,6,0.9461699080487218,4.725623409627479,0.2002211826954083
50,4,10,3,22,week7_percentage,0.110091743,6,367,73.07421686,36.0,30,7,1.3884289359455544,4.725623409627479,0.29380862916772377
52,4,8,7,52,week7_percentage,0.116207951,6,368,17.79565519,38.0,30,9,0.21503643481710402,4.725623409627479,0.045504352796926606
53,4,8,8,87,week7_percentage,0.128440367,6,369,23.55988886,42.0,30,10,0.10699750393043966,4.725623409627479,0.02264198702597723
54,4,10,2,53,week7_percentage,0.119266055,6,370,35.00328566,39.0,30,11,0.3342272220007909,4.725623409627479,0.07072658843696096
57,4,10,4,5,week7_percentage,0.103975535,6,371,18.72360453,34.0,30,14,0.5458652176637709,4.725623409627479,0.11551178973586503
45,4,9,6,81,week8_percentage,0.136363636,7,372,21.46608507,42.0,30,2,0.06989239311341906,2.2716778720626056,0.030766859145376614
48,4,9,5,102,week8_percentage,0.136363636,7,373,23.42052737,42.0,30,5,0.07625594981710518,2.2716778720626056,0.03356811753766276
49,4,10,1,41,week8_percentage,0.113636364,7,374,32.14242585,35.0,30,6,0.602242009728979,2.2716778720626056,0.2651088946788762
50,4,10,3,22,week8_percentage,0.123376623,7,375,75.08067554,38.0,30,7,0.6909080965440961,2.2716778720626056,0.30413999495305877
52,4,8,7,52,week8_percentage,0.103896104,7,376,11.45996845,32.0,30,9,0.4123777957726332,2.2716778720626056,0.1815300491518229
53,4,8,8,87,week8_percentage,0.116883117,7,377,12.73604901,36.0,30,10,0.18950199349387495,2.2716778720626056,0.08341939489942456
54,4,10,2,53,week8_percentage,0.133116883,7,378,36.45418837,41.0,30,11,0.155402641383001,2.2716778720626056,0.06840874901066
57,4,10,4,5,week8_percentage,0.136363636,7,379,23.06457615,42.0,30,14,0.07509699220949699,2.2716778720626056,0.03305794062311814
45,4,9,6,81,week9_percentage,0.159292035,8,380,17.49596248,36.0,30,2,0.05655491753612825,0.5933542309558041,0.09531391972216464
48,4,9,5,102,week9_percentage,0.165929204,8,381,19.2135703,37.5,30,5,0.038130975032744485,0.5933542309558041,0.06426342485385372
49,4,10,1,41,week9_percentage,0.165929204,8,382,44.05726704,37.5,30,6,0.08743541795109243,0.5933542309558041,0.14735787391327296
50,4,10,3,22,week9_percentage,0.157079646,8,383,89.71600578,35.5,30,7,0.3397048104414112,0.5933542309558041,0.5725160329508362
54,4,10,2,53,week9_percentage,0.17699115,8,384,47.7821798,40.0,30,11,0.04023599694874612,0.5933542309558041,0.06781108964864378
57,4,10,4,5,week9_percentage,0.174778761,8,385,31.16737476,39.5,30,14,0.031292113045681566,0.5933542309558041,0.05273765891122862
49,4,10,1,41,week10_percentage,0.25477707,9,386,78.31140096,40.0,30,6,0.0029369325240610625,0.023862701429919968,0.12307628005514179
50,4,10,3,22,week10_percentage,0.242038217,9,387,154.8715384,38.0,30,7,0.015688046010766454,0.023862701429919968,0.6574295897234913
54,4,10,2,53,week10_percentage,0.25477707,9,388,79.66553116,40.0,30,11,0.002987716815715156,0.023862701429919968,0.12520446708389196
57,4,10,4,5,week10_percentage,0.248407643,9,389,36.27307448,39.0,30,14,0.002250006079377296,0.023862701429919968,0.09428966313747497
58,5,1,16,44,week1_percentage,0.047120419,0,390,6.216469893,18.0,31,0,2.6618853829961124,73.48325880999934,0.03622437853333054
59,5,3,14,19,week1_percentage,0.054973822,0,391,10.76025362,21.0,31,1,3.3919631805763446,73.48325880999934,0.04615967276773493
60,5,5,12,97,week1_percentage,0.073298429,0,392,15.0179292,28.0,31,2,1.9287820765915569,73.48325880999934,0.02624791153558768
61,5,5,11,60,week1_percentage,0.060209424,0,393,22.06706325,23.0,31,3,5.524923461400822,73.48325880999934,0.07518615193273123
62,5,9,6,107,week1_percentage,0.054973822,0,394,23.67871321,21.0,31,4,7.464259320287909,73.48325880999934,0.1015776850559627
63,5,9,5,24,week1_percentage,0.070680628,0,395,27.96542667,27.0,31,5,4.14785788812076,73.48325880999934,0.05644629750084429
64,5,10,3,112,week1_percentage,0.07591623,0,396,38.76444632,29.0,31,6,4.288482001775137,73.48325880999934,0.05835998663128934
65,5,4,13,94,week1_percentage,0.052356021,0,397,11.14350568,20.0,31,7,3.9107784959094003,73.48325880999934,0.053219992679165655
66,5,6,10,51,week1_percentage,0.052356021,0,398,18.39528865,20.0,31,8,6.455769068039481,73.48325880999934,0.08785360329121662
67,5,7,9,59,week1_percentage,0.068062827,0,399,19.71692222,26.0,31,9,3.3596733801357805,73.48325880999934,0.045720255668337456
68,5,8,8,38,week1_percentage,0.062827225,0,400,18.55135163,24.0,31,10,4.106985278794973,73.48325880999934,0.0558900808878676
69,5,10,1,18,week1_percentage,0.083769634,0,401,49.38441792,32.0,31,11,3.38382477415332,73.48325880999934,0.04604892092364392
70,5,2,15,104,week1_percentage,0.052356021,0,402,11.82775185,20.0,31,12,4.150912551061097,73.48325880999934,0.05648786700918952
71,5,8,7,111,week1_percentage,0.044502618,0,403,23.65800528,17.0,31,13,11.102352705438758,73.48325880999934,0.15108683100385292
72,5,10,4,98,week1_percentage,0.073298429,0,404,24.19809984,28.0,31,14,3.107809381533442,73.48325880999934,0.0422927539124128
73,5,10,2,33,week1_percentage,0.073298429,0,405,35.01464804,28.0,31,15,4.4969998631844454,73.48325880999934,0.06119761066683273
59,5,3,14,19,week2_percentage,0.050970874,1,406,9.837725392,21.0,31,1,3.3731133850093262,45.925071259634876,0.07344819055238073
60,5,5,12,97,week2_percentage,0.067961165,1,407,12.9640011,28.0,31,2,1.933368368058519,45.925071259634876,0.04209832048225525
61,5,5,11,60,week2_percentage,0.058252427,1,408,19.62886785,24.0,31,3,4.8498272421867235,45.925071259634876,0.10560304228530187
62,5,9,6,107,week2_percentage,0.072815534,1,409,24.26050929,30.0,31,4,2.7302245983975593,45.925071259634876,0.05944954517244805
63,5,9,5,24,week2_percentage,0.07038835,1,410,25.06405583,29.0,31,5,3.2549360577300526,45.925071259634876,0.07087492666758098
64,5,10,3,112,week2_percentage,0.077669903,1,411,34.4274059,32.0,31,6,2.8674296447833285,45.925071259634876,0.062437130006232806
65,5,4,13,94,week2_percentage,0.063106796,1,412,11.12385266,26.0,31,7,2.156130101280959,45.925071259634876,0.04694886784369686
66,5,6,10,51,week2_percentage,0.060679612,1,413,17.74170036,25.0,31,8,3.8920169570661844,45.925071259634876,0.08474710763240582
67,5,7,9,59,week2_percentage,0.065533981,1,414,17.32947786,27.0,31,9,2.95350171082376,45.925071259634876,0.06431131470926414
68,5,8,8,38,week2_percentage,0.067961165,1,415,17.45228066,28.0,31,10,2.6027217306024024,45.925071259634876,0.0566732213846345
69,5,10,1,18,week2_percentage,0.077669903,1,416,43.12160597,32.0,31,11,3.5915622468971375,45.925071259634876,0.0782048268709794
70,5,2,15,104,week2_percentage,0.055825243,1,417,6.287164191,23.0,31,12,1.7411216570212797,45.925071259634876,0.037912225485246254
71,5,8,7,111,week2_percentage,0.065533981,1,418,24.5957646,27.0,31,13,4.1919112284851305,45.925071259634876,0.09127718506491563
72,5,10,4,98,week2_percentage,0.067961165,1,419,20.90695433,28.0,31,14,3.1179297087583624,45.925071259634876,0.06789166839026373
73,5,10,2,33,week2_percentage,0.077669903,1,420,32.04830846,32.0,31,15,2.6692766225341527,45.925071259634876,0.058122427452393995
59,5,3,14,19,week3_percentage,0.05955335,2,421,6.077256372,24.0,31,1,1.455388593486865,34.241881513106144,0.04250317240686124
60,5,5,12,97,week3_percentage,0.069478908,2,422,12.11988186,28.0,31,2,1.7322788725929394,34.241881513106144,0.05058947686417017
61,5,5,11,60,week3_percentage,0.071960298,2,423,19.39089063,29.0,31,3,2.405973873596243,34.241881513106144,0.07026406748926317
62,5,9,6,107,week3_percentage,0.066997519,2,424,20.78990374,27.0,31,4,3.4059859554154626,34.241881513106144,0.09946842302201808
63,5,9,5,24,week3_percentage,0.076923077,2,425,23.23522558,31.0,31,5,2.1405313318326766,34.241881513106144,0.06251208278415964
64,5,10,3,112,week3_percentage,0.081885856,2,426,32.03523446,33.0,31,6,2.1481416637409594,34.241881513106144,0.06273433493772106
65,5,4,13,94,week3_percentage,0.062034739,2,427,10.27686453,25.0,31,7,2.1793501405469895,34.241881513106144,0.06364574737847975
66,5,6,10,51,week3_percentage,0.064516129,2,428,16.63959685,26.0,31,8,3.1092012280136516,34.241881513106144,0.09080112104305949
67,5,7,9,59,week3_percentage,0.071960298,2,429,16.27765513,29.0,31,9,2.0196912928588806,34.241881513106144,0.058983069960271896
68,5,8,8,38,week3_percentage,0.079404467,2,430,16.93327797,32.0,31,10,1.334207993388943,34.241881513106144,0.03896421383498662
69,5,10,1,18,week3_percentage,0.081885856,2,431,38.74026885,33.0,31,11,2.5977517250613893,34.241881513106144,0.07586474838034514
71,5,8,7,111,week3_percentage,0.05707196,2,432,20.89395139,23.0,31,13,5.622658697617309,34.241881513106144,0.1642041397598209
72,5,10,4,98,week3_percentage,0.074441687,2,433,20.09913842,30.0,31,14,2.1542148953431464,34.241881513106144,0.06291169760980034
73,5,10,2,33,week3_percentage,0.081885856,2,434,28.87910083,33.0,31,15,1.9365052496106852,34.241881513106144,0.05655370452904243
60,5,5,12,97,week4_percentage,0.07804878,3,435,11.95630604,32.0,31,2,0.983830041681699,22.05571187882255,0.04460658749475018
61,5,5,11,60,week4_percentage,0.068292683,3,436,17.44721342,28.0,31,3,2.5779250276463572,22.05571187882255,0.11688242219565939
62,5,9,6,107,week4_percentage,0.068292683,3,437,18.7499457,28.0,31,4,2.7704111323377276,22.05571187882255,0.12560969002310102
63,5,9,5,24,week4_percentage,0.070731707,3,438,20.51221544,29.0,31,5,2.6374197737479155,22.05571187882255,0.11957989786220924
64,5,10,3,112,week4_percentage,0.087804878,3,439,29.81807732,36.0,31,6,1.2638204329173512,22.05571187882255,0.05730127596247964
65,5,4,13,94,week4_percentage,0.06097561,3,440,6.36847228,25.0,31,7,1.386758986740021,22.05571187882255,0.06287527667930587
66,5,6,10,51,week4_percentage,0.075609756,3,441,16.2271486,31.0,31,8,1.5570347997133263,22.05571187882255,0.0705955358987238
67,5,7,9,59,week4_percentage,0.082926829,3,442,16.39146293,34.0,31,9,0.9775053248179087,22.05571187882255,0.04431982654599735
68,5,8,8,38,week4_percentage,0.082926829,3,443,16.18949193,34.0,31,10,0.9654607788977602,22.05571187882255,0.0437737300977701
69,5,10,1,18,week4_percentage,0.087804878,3,444,36.94827652,36.0,31,11,1.5660294366376137,22.05571187882255,0.07100335029953324
71,5,8,7,111,week4_percentage,0.070731707,3,445,21.12963146,29.0,31,13,2.7168058948882625,22.05571187882255,0.12317924308291699
72,5,10,4,98,week4_percentage,0.07804878,3,446,18.09477197,32.0,31,14,1.4889364827153535,22.05571187882255,0.06750797665909847
73,5,10,2,33,week4_percentage,0.087804878,3,447,27.457616,36.0,31,15,1.1637737660812528,22.05571187882255,0.0527651871984547
60,5,5,12,97,week5_percentage,0.089186176,4,448,8.390619896,40.0,31,2,0.23684896081424367,10.936006693919502,0.02165771907820186
61,5,5,11,60,week5_percentage,0.078037904,4,449,9.186837571,35.0,31,3,0.5983646793728704,10.936006693919502,0.05471509812677469
62,5,9,6,107,week5_percentage,0.080267559,4,450,19.37145243,36.0,31,4,1.0769880840443715,10.936006693919502,0.09848092765370971
63,5,9,5,24,week5_percentage,0.074693423,4,451,19.57384131,33.5,31,5,1.6031402745047192,10.936006693919502,0.14659283954133612
64,5,10,3,112,week5_percentage,0.091415831,4,452,27.6763945,41.0,31,6,0.6521574847217472,10.936006693919502,0.059633969050544876
66,5,6,10,51,week5_percentage,0.080267559,4,453,16.48580789,36.0,31,8,0.9165558812656713,10.936006693919502,0.08381083762277532
67,5,7,9,59,week5_percentage,0.079152731,4,454,15.97112702,35.5,31,9,0.9616166315051364,10.936006693919502,0.08793124020670197
68,5,8,8,38,week5_percentage,0.086956522,4,455,16.41677634,39.0,31,10,0.5526664641098479,10.936006693919502,0.0505364050679609
69,5,10,1,18,week5_percentage,0.093645485,4,456,35.54574416,42.0,31,11,0.6960805203909639,10.936006693919502,0.06365033781279501
71,5,8,7,111,week5_percentage,0.069119287,4,457,19.84782876,31.0,31,13,2.328901557301358,10.936006693919502,0.21295721760999323
72,5,10,4,98,week5_percentage,0.085841695,4,458,18.96627258,38.5,31,14,0.6961132035411496,10.936006693919502,0.06365332639455987
73,5,10,2,33,week5_percentage,0.091415831,4,459,26.16625074,41.0,31,15,0.616572952347422,10.936006693919502,0.05638008183464637
62,5,9,6,107,week6_percentage,0.098550725,5,460,20.29272239,34.0,31,4,0.7114413252042797,7.2103448407969974,0.09866952842239378
63,5,9,5,24,week6_percentage,0.098550725,5,461,21.61746208,34.0,31,5,0.7578852937606496,7.2103448407969974,0.10511082486269499
64,5,10,3,112,week6_percentage,0.098550725,5,462,26.79381462,34.0,31,6,0.9393627239450252,7.2103448407969974,0.13027986104492506
66,5,6,10,51,week6_percentage,0.092753623,5,463,9.299077439,32.0,31,8,0.47797313984187867,7.2103448407969974,0.06628991406034414
67,5,7,9,59,week6_percentage,0.098550725,5,464,16.56008296,34.0,31,9,0.5805789455022061,7.2103448407969974,0.0805202744558375
68,5,8,8,38,week6_percentage,0.104347826,5,465,17.14805649,36.0,31,10,0.40066208288476624,7.2103448407969974,0.055567672799471675
69,5,10,1,18,week6_percentage,0.115942029,5,466,37.21481125,40.0,31,11,0.3602437742211863,7.2103448407969974,0.04996207285161782
71,5,8,7,111,week6_percentage,0.08115942,5,467,19.71677367,28.0,31,13,2.031970412416213,7.2103448407969974,0.281813208283615
72,5,10,4,98,week6_percentage,0.104347826,5,468,19.21926984,36.0,31,14,0.44905571019720664,7.2103448407969974,0.06227936667555697
73,5,10,2,33,week6_percentage,0.107246377,5,469,26.50435062,37.0,31,15,0.5011714328235863,7.2103448407969974,0.06950727654354312
62,5,9,6,107,week7_percentage,0.119815668,6,470,20.94421528,39.0,31,4,0.1957438104955312,3.6836278078172384,0.053138867634816955
63,5,9,5,24,week7_percentage,0.112135177,6,471,21.90663998,36.5,31,5,0.36562605548697436,3.6836278078172384,0.09925705705420572
64,5,10,3,112,week7_percentage,0.116743472,6,472,27.96520595,38.0,31,6,0.3311145658193553,3.6836278078172384,0.08988817087238782
67,5,7,9,59,week7_percentage,0.105990783,6,473,9.658323965,34.5,31,9,0.24935894286699656,3.6836278078172384,0.06769384853101
68,5,8,8,38,week7_percentage,0.107526882,6,474,16.26848807,35.0,31,10,0.37749012085313843,3.6836278078172384,0.10247781278337756
69,5,10,1,18,week7_percentage,0.119815668,6,475,35.46505777,39.0,31,11,0.3314550320714592,3.6836278078172384,0.08998059775964863
71,5,8,7,111,week7_percentage,0.096774194,6,476,20.66661731,31.5,31,13,0.9803286534729357,3.6836278078172384,0.2661312989853437
72,5,10,4,98,week7_percentage,0.112135177,6,477,19.38045772,36.5,31,14,0.3234635852949129,3.6836278078172384,0.0878111476432207
73,5,10,2,33,week7_percentage,0.10906298,6,478,25.40784194,35.5,31,15,0.5290470414559346,3.6836278078172384,0.14362119873598886
62,5,9,6,107,week8_percentage,0.124203822,7,479,22.12608215,39.0,31,4,0.17426259381167966,1.7659762636864118,0.09867776673731321
63,5,9,5,24,week8_percentage,0.124203822,7,480,23.17439856,39.0,31,5,0.18251901876316837,1.7659762636864118,0.10335304189319425
64,5,10,3,112,week8_percentage,0.143312102,7,481,30.81356139,45.0,31,6,0.0487480690255007,1.7659762636864118,0.027604034112973217
68,5,8,8,38,week8_percentage,0.111464968,7,482,11.270453,35.0,31,10,0.22784507934179407,1.7659762636864118,0.129019332834166
69,5,10,1,18,week8_percentage,0.143312102,7,483,38.57047344,45.0,31,11,0.06101975937807562,1.7659762636864118,0.03455298954624626
71,5,8,7,111,week8_percentage,0.092356688,7,484,12.01816345,29.0,31,13,0.8253689126501706,1.7659762636864118,0.4673725970287068
72,5,10,4,98,week8_percentage,0.133757962,7,485,22.01473877,42.0,31,14,0.07996851927121154,1.7659762636864118,0.04528289587781896
73,5,10,2,33,week8_percentage,0.127388535,7,486,27.14640386,40.0,31,15,0.16624431144481128,1.7659762636864118,0.09413734196958133
62,5,9,6,107,week9_percentage,0.147727273,8,487,17.53247442,32.5,31,4,0.1441239580255706,0.4394399155002786,0.3279719318658007
63,5,9,5,24,week9_percentage,0.156818182,8,488,18.5127451,34.5,31,5,0.08276352286312139,0.4394399155002786,0.18833865551084403
64,5,10,3,112,week9_percentage,0.165909091,8,489,36.13897454,36.5,31,6,0.08472793578028084,0.4394399155002786,0.19280892060936855
69,5,10,1,18,week9_percentage,0.181818182,8,490,49.20971393,40.0,31,11,0.034162175093609165,0.4394399155002786,0.07774026411487307
72,5,10,4,98,week9_percentage,0.165909091,8,491,28.59013333,36.5,31,14,0.06702965459223867,0.4394399155002786,0.15253428791494517
73,5,10,2,33,week9_percentage,0.181818182,8,492,38.36365882,40.0,31,15,0.026632669145457956,0.4394399155002786,0.06060593998416849
64,5,10,3,112,week10_percentage,0.243589744,9,493,59.91821515,38.0,31,6,0.005722040992001205,0.013777203357616667,0.41532674255242086
69,5,10,1,18,week10_percentage,0.256410256,9,494,80.13312288,40.0,31,11,0.002815202870539496,0.013777203357616667,0.20433775980980373
72,5,10,4,98,week10_percentage,0.243589744,9,495,32.15514806,38.0,31,14,0.003070736917689846,0.013777203357616667,0.22288535909518983
73,5,10,2,33,week10_percentage,0.256410256,9,496,61.74566713,40.0,31,15,0.0021692225773861195,0.013777203357616667,0.15745013854258558
74,6,2,13,43,week1_percentage,0.064935065,0,497,16.06061672,15.0,32,0,6.063845281666851,95.77496177311309,0.06331347117665105
75,6,5,10,83,week1_percentage,0.073593074,0,498,14.78392805,17.0,32,1,4.23108469870544,95.77496177311309,0.044177357217105494
76,6,8,7,11,week1_percentage,0.069264069,0,499,18.59527967,16.0,32,2,6.139127697949504,95.77496177311309,0.06409950559409089
77,6,11,5,4,week1_percentage,0.056277056,0,500,25.93905474,13.0,32,3,12.480257677673542,95.77496177311309,0.13030814574730665
78,6,11,1,114,week1_percentage,0.077922078,0,501,42.9350733,18.0,32,4,10.56019397923195,95.77496177311309,0.11026048754003799
79,6,4,11,1,week1_percentage,0.077922078,0,502,18.0168834,18.0,32,5,4.431383691272377,95.77496177311309,0.046268707491318464
80,6,1,14,78,week1_percentage,0.051948052,0,503,7.399354834,12.0,32,6,3.9670239856753433,95.77496177311309,0.04142026174933965
81,6,3,12,109,week1_percentage,0.051948052,0,504,10.72762205,12.0,32,7,5.751411431988869,95.77496177311309,0.06005130490799593
82,6,11,2,45,week1_percentage,0.090909091,0,505,43.78995885,21.0,32,8,6.490331643479396,95.77496177311309,0.06776647594863805
83,6,7,8,72,week1_percentage,0.082251082,0,506,25.22236606,19.0,32,9,5.2854649187820995,95.77496177311309,0.05518629108203819
84,6,9,6,37,week1_percentage,0.051948052,0,507,28.20379887,12.0,32,10,15.120932718396126,95.77496177311309,0.15787980948733749
85,6,6,9,79,week1_percentage,0.064935065,0,508,17.37263067,15.0,32,11,6.559209173283873,95.77496177311309,0.06848563603525488
86,6,11,4,16,week1_percentage,0.095238095,0,509,30.80566674,22.0,32,12,3.7903583577530715,95.77496177311309,0.03957567079726195
87,6,11,3,9,week1_percentage,0.090909091,0,510,33.08932518,21.0,32,13,4.904336517254653,95.77496177311309,0.0512068752256234
74,6,2,13,43,week2_percentage,0.067226891,1,511,7.669857219,16.0,32,0,2.616055747804994,66.50677213152858,0.03933517841809093
75,6,5,10,83,week2_percentage,0.075630252,1,512,13.79825773,18.0,32,1,3.5367131132571368,66.50677213152858,0.053178240349158405
76,6,8,7,11,week2_percentage,0.06302521,1,513,16.06807779,15.0,32,2,6.242972354216693,66.50677213152858,0.09386972415185242
77,6,11,5,4,week2_percentage,0.079831933,1,514,27.92485437,19.0,32,3,6.1270316715120785,66.50677213152858,0.09212643276980606
78,6,11,1,114,week2_percentage,0.100840336,1,515,43.65397294,24.0,32,4,3.881129549381186,66.50677213152858,0.05835690749966913
79,6,4,11,1,week2_percentage,0.06302521,1,516,14.8111024,15.0,32,5,5.754596413282146,66.50677213152858,0.08652647285153821
81,6,3,12,109,week2_percentage,0.075630252,1,517,11.33676428,18.0,32,7,2.9057931570452777,66.50677213152858,0.04369168828850349
82,6,11,2,45,week2_percentage,0.100840336,1,518,41.45600227,24.0,32,8,3.6857152871390064,66.50677213152858,0.05541864638761705
83,6,7,8,72,week2_percentage,0.088235294,1,519,23.55973629,21.0,32,9,3.6935867007966685,66.50677213152858,0.055537001457414976
84,6,9,6,37,week2_percentage,0.06302521,1,520,27.83223088,15.0,32,10,10.813729570574612,66.50677213152858,0.16259591653596722
85,6,6,9,79,week2_percentage,0.050420168,1,521,14.36745323,12.0,32,11,7.845369146890029,66.50677213152858,0.11796346289930389
86,6,11,4,16,week2_percentage,0.088235294,1,522,26.38724185,21.0,32,12,4.136869970366942,66.50677213152858,0.06220223652090002
87,6,11,3,9,week2_percentage,0.084033613,1,523,28.28051258,20.0,32,13,5.267209449261815,66.50677213152858,0.0791980918701783
75,6,5,10,83,week3_percentage,0.080495356,2,524,12.90805928,26.0,32,1,1.5919705852980877,27.15867840866463,0.05861738046834376
76,6,8,7,11,week3_percentage,0.077399381,2,525,16.25648451,25.0,32,2,2.3478672219621184,27.15867840866463,0.08644998061514883
77,6,11,5,4,week3_percentage,0.074303406,2,526,23.92251064,24.0,32,3,4.02103020395793,27.15867840866463,0.1480569173305234
78,6,11,1,114,week3_percentage,0.099071207,2,527,39.51377325,32.0,32,4,1.6592582696536011,27.15867840866463,0.061094956267247376
79,6,4,11,1,week3_percentage,0.068111455,2,528,13.88525548,22.0,32,5,3.1030190054217233,27.15867840866463,0.1142551547880822
81,6,3,12,109,week3_percentage,0.061919505,2,529,6.399768683,20.0,32,7,1.8549759785952116,27.15867840866463,0.06830140814228298
82,6,11,2,45,week3_percentage,0.105263158,2,530,37.76410906,34.0,32,8,1.053809594901798,27.15867840866463,0.03880194680480452
83,6,7,8,72,week3_percentage,0.083591331,2,531,20.79572767,27.0,32,9,2.1766383125219604,27.15867840866463,0.0801452220822178
84,6,9,6,37,week3_percentage,0.074303406,2,532,27.17757637,24.0,32,10,4.568159968603669,27.15867840866463,0.16820258702817645
85,6,6,9,79,week3_percentage,0.07120743,2,533,14.78325334,23.0,32,11,2.874055558887288,27.15867840866463,0.10582457348036335
86,6,11,4,16,week3_percentage,0.099071207,2,534,25.78252804,32.0,32,12,1.0826572444064388,27.15867840866463,0.03986413580644008
87,6,11,3,9,week3_percentage,0.105263158,2,535,29.57300825,34.0,32,13,0.8252364644548039,27.15867840866463,0.03038573718636923
75,6,5,10,83,week4_percentage,0.0875,3,536,13.46336005,21.0,32,1,2.1435684178638192,32.77408874745124,0.06540436362339805
76,6,8,7,11,week4_percentage,0.075,3,537,15.37925011,18.0,32,2,3.986920807054756,32.77408874745124,0.12164856322251856
77,6,11,5,4,week4_percentage,0.075,3,538,22.12817717,18.0,32,3,5.736514417169267,32.77408874745124,0.1750320035248999
78,6,11,1,114,week4_percentage,0.1125,3,539,38.35916183,27.0,32,4,1.839499271759667,32.77408874745124,0.056126633632269045
79,6,4,11,1,week4_percentage,0.0875,3,540,8.602109299,21.0,32,5,1.3695845429276088,32.77408874745124,0.04178863838080374
82,6,11,2,45,week4_percentage,0.1,3,541,34.11507088,24.0,32,8,3.0948494065568357,32.77408874745124,0.09442976219430402
83,6,7,8,72,week4_percentage,0.091666667,3,542,20.53522235,22.0,32,9,2.733204966995022,32.77408874745124,0.08339530011212216
84,6,9,6,37,week4_percentage,0.0875,3,543,27.66837231,21.0,32,10,4.405218967416221,32.77408874745124,0.13441163845505255
85,6,6,9,79,week4_percentage,0.079166667,3,544,15.11615111,19.0,32,11,3.3588448127443433,32.77408874745124,0.10248476589621588
86,6,11,4,16,week4_percentage,0.1,3,545,23.67356783,24.0,32,12,2.147617620595678,32.77408874745124,0.06552791252701703
87,6,11,3,9,week4_percentage,0.104166667,3,546,26.47565988,25.0,32,13,1.9582655163680205,32.77408874745124,0.059750418431399104
75,6,5,10,83,week5_percentage,0.091666667,4,547,8.716887465,22.0,32,1,1.1602036593518863,21.585054221290726,0.05375032406485701
76,6,8,7,11,week5_percentage,0.1,4,548,16.6253881,24.0,32,2,1.508221181074154,21.585054221290726,0.06987340247616791
77,6,11,5,4,week5_percentage,0.0875,4,549,22.56683061,21.0,32,3,3.592977177111037,21.585054221290726,0.16645671306987278
78,6,11,1,114,week5_percentage,0.116666667,4,550,36.49734765,28.0,32,4,1.3917652630486737,21.585054221290726,0.0644781916589251
82,6,11,2,45,week5_percentage,0.1125,4,551,33.44484864,27.0,32,8,1.603835219081279,21.585054221290726,0.07430304332982927
83,6,7,8,72,week5_percentage,0.1,4,552,20.09914885,24.0,32,9,1.8233536465312483,21.585054221290726,0.08447297040990323
84,6,9,6,37,week5_percentage,0.075,4,553,23.03500475,18.0,32,10,5.971600635369349,21.585054221290726,0.2766544190321827
85,6,6,9,79,week5_percentage,0.1,4,554,16.36676475,24.0,32,11,1.4847594000893027,21.585054221290726,0.06878645681717997
86,6,11,4,16,week5_percentage,0.116666667,4,555,24.57888896,28.0,32,12,0.937274790127346,21.585054221290726,0.043422396836179905
87,6,11,3,9,week5_percentage,0.1,4,556,23.27062255,24.0,32,13,2.1110632495064485,21.585054221290726,0.09780208230490203
76,6,8,7,11,week6_percentage,0.099378882,5,557,16.26860685,32.0,32,2,0.6764566363972346,5.0953612696520905,0.13275930804479008
77,6,11,5,4,week6_percentage,0.096273292,5,558,22.45650456,31.0,32,3,1.135539939725216,5.0953612696520905,0.22285759137207364
78,6,11,1,114,week6_percentage,0.130434783,5,559,36.27100133,42.0,32,4,0.15148899068462915,5.0953612696520905,0.029730765429116034
82,6,11,2,45,week6_percentage,0.121118012,5,560,31.81906696,39.0,32,8,0.2826525800132327,5.0953612696520905,0.05547252982761163
83,6,7,8,72,week6_percentage,0.114906832,5,561,21.21687645,37.0,32,9,0.3021729147549235,5.0953612696520905,0.05930353094974084
84,6,9,6,37,week6_percentage,0.090062112,5,562,24.5772062,29.0,32,10,1.8040212269343092,5.0953612696520905,0.3540516818069481
85,6,6,9,79,week6_percentage,0.102484472,5,563,10.00798,33.0,32,11,0.3400696595803017,5.0953612696520905,0.06674103004349317
86,6,11,4,16,week6_percentage,0.118012422,5,564,22.95648737,38.0,32,12,0.25901444014940483,5.0953612696520905,0.05083338088156608
87,6,11,3,9,week6_percentage,0.127329193,5,565,26.63356047,41.0,32,13,0.1439448814128389,5.0953612696520905,0.02825018164466038
76,6,8,7,11,week7_percentage,0.115248227,6,566,17.99100801,32.5,32,2,0.42498759470080616,2.634622600133039,0.1613087182503277
77,6,11,5,4,week7_percentage,0.124113475,6,567,25.59551825,35.0,32,3,0.3323540850368103,2.634622600133039,0.12614865029246602
78,6,11,1,114,week7_percentage,0.131205674,6,568,35.12037091,37.0,32,4,0.27367100435264174,2.634622600133039,0.10387484125385638
82,6,11,2,45,week7_percentage,0.127659574,6,569,31.89849878,36.0,32,8,0.3220058018267184,2.634622600133039,0.12222084552469042
83,6,7,8,72,week7_percentage,0.129432624,6,570,11.85566414,36.5,32,9,0.10524281906900361,2.634622600133039,0.039946070098878385
84,6,9,6,37,week7_percentage,0.113475177,6,571,27.648235,32.0,32,10,0.7322423272101726,2.634622600133039,0.27793063309074967
86,6,11,4,16,week7_percentage,0.127659574,6,572,23.73421583,36.0,32,12,0.23958980802755953,2.634622600133039,0.09093894814971264
87,6,11,3,9,week7_percentage,0.131205674,6,573,26.24735483,37.0,32,13,0.20452915990932688,2.634622600133039,0.07763129333931884
76,6,8,7,11,week8_percentage,0.138339921,7,574,12.94821635,35.0,32,2,0.10218818751564715,1.9862141774011015,0.05144872525749321
77,6,11,5,4,week8_percentage,0.14229249,7,575,27.77237574,36.0,32,3,0.16554904366056034,1.9862141774011015,0.083349039365521
78,6,11,1,114,week8_percentage,0.158102767,7,576,38.10870386,40.0,32,4,0.06831212680005266,1.9862141774011015,0.034393132209657735
82,6,11,2,45,week8_percentage,0.130434783,7,577,30.95583761,33.0,32,8,0.418203867761187,1.9862141774011015,0.21055325881743203
84,6,9,6,37,week8_percentage,0.110671937,7,578,25.2083837,28.0,32,10,1.1369649524344816,1.9862141774011015,0.5724281728379184
86,6,11,4,16,week8_percentage,0.154150198,7,579,27.12413231,39.0,32,12,0.06644146800898736,1.9862141774011015,0.03345131092353994
87,6,11,3,9,week8_percentage,0.166007905,7,580,30.45933046,42.0,32,13,0.02855453122018527,1.9862141774011015,0.014376360588437633
77,6,11,5,4,week9_percentage,0.14479638,8,581,28.40663019,32.0,32,3,0.27613605421091114,0.708264586175583,0.3898769747926595
78,6,11,1,114,week9_percentage,0.185520362,8,582,43.88406442,41.0,32,4,0.021823157876891645,0.708264586175583,0.03081215452932664
82,6,11,2,45,week9_percentage,0.194570136,8,583,45.24592606,43.0,32,8,0.01052077701424588,0.708264586175583,0.01485430334877384
84,6,9,6,37,week9_percentage,0.135746606,8,584,17.20368789,30.0,32,10,0.2930903349849067,0.708264586175583,0.41381475327957157
86,6,11,4,16,week9_percentage,0.171945701,8,585,30.15977805,38.0,32,12,0.04383040808458677,0.708264586175583,0.06188422934041905
87,6,11,3,9,week9_percentage,0.167420814,8,586,30.80836301,37.0,32,13,0.06286385400404079,0.708264586175583,0.08875758470924942
77,6,11,5,4,week10_percentage,0.178947368,9,587,32.08121147,25.5,32,3,0.33457729907761835,0.7421004807099706,0.45085174821275803
78,6,11,1,114,week10_percentage,0.210526316,9,588,49.14673468,30.0,32,4,0.08883459945026095,0.7421004807099706,0.119706969284365
82,6,11,2,45,week10_percentage,0.2,9,589,42.84483047,28.5,32,8,0.14335732278383265,0.7421004807099706,0.19317777916904474
86,6,11,4,16,week10_percentage,0.207017544,9,590,34.91540059,29.5,32,12,0.07776300006623078,0.7421004807099706,0.10478769666317235
87,6,11,3,9,week10_percentage,0.203508772,9,591,35.67860958,29.0,32,13,0.09756825933202781,0.7421004807099706,0.13147580667065983
77,6,11,5,4,week11_percentage,0.182130584,10,592,24.42392921,26.5,32,3,0.19575388081372605,0.5543507275929678,0.3531227994661503
78,6,11,1,114,week11_percentage,0.206185567,10,593,48.53374352,30.0,32,4,0.09992776427268837,0.5543507275929678,0.1802609057745485
82,6,11,2,45,week11_percentage,0.206185567,10,594,47.67888719,30.0,32,8,0.09816767169305758,0.5543507275929678,0.17708585342587885
86,6,11,4,16,week11_percentage,0.202749141,10,595,24.44147317,29.5,32,12,0.0617403093119911,0.5543507275929678,0.11137409267968697
87,6,11,3,9,week11_percentage,0.202749141,10,596,39.0970962,29.5,32,13,0.09876110150150463,0.5543507275929678,0.17815634865373534
88,7,2,12,106,week1_percentage,0.068825911,0,597,12.4443101,17.0,33,0,3.8621460920219013,63.90054904392642,0.06043995160928885
89,7,3,10,31,week1_percentage,0.060728745,0,598,11.05551336,15.0,33,1,4.445970032263134,63.90054904392642,0.069576397993183
90,7,3,10,91,week1_percentage,0.064777328,0,599,10.65101814,16.0,33,2,3.7780886726150085,63.90054904392642,0.05912451033899381
91,7,9,3,15,week1_percentage,0.093117409,0,600,43.18060932,23.0,33,3,5.0717763906680915,63.90054904392642,0.07936984058120782
92,7,7,6,28,week1_percentage,0.089068826,0,601,24.16694388,22.0,33,4,3.4057717708470916,63.90054904392642,0.053298004818486004
93,7,9,5,26,week1_percentage,0.08097166,0,602,28.01453422,20.0,33,5,5.547183130087626,63.90054904392642,0.08680963173374912
94,7,9,4,101,week1_percentage,0.085020243,0,603,34.11668694,21.0,33,6,5.722246738226063,63.90054904392642,0.0895492577738649
95,7,9,2,40,week1_percentage,0.072874494,0,604,40.37806059,18.0,33,7,10.875860396410966,63.90054904392642,0.1701997957628611
96,7,2,12,7,week1_percentage,0.072874494,0,605,7.775278555,18.0,33,8,2.0942770126094357,63.90054904392642,0.03277400654523001
97,7,4,9,13,week1_percentage,0.072874494,0,606,13.8308348,18.0,33,9,3.7253455528242,63.90054904392642,0.0582991164952797
98,7,5,8,88,week1_percentage,0.076923077,0,607,15.83612152,19.0,33,10,3.6720681790651257,63.90054904392642,0.0574653619414268
99,7,6,7,48,week1_percentage,0.076923077,0,608,21.92605155,19.0,33,11,5.0841966631547155,63.90054904392642,0.07956420937259467
100,7,9,1,54,week1_percentage,0.085020243,0,609,39.44307064,21.0,33,12,6.61561841313306,63.90054904392642,0.10352991503383424
88,7,2,12,106,week2_percentage,0.073643411,1,610,7.171717413,19.0,33,0,1.7698952154886485,52.69099439250779,0.033590089462048806
89,7,3,10,31,week2_percentage,0.058139535,1,611,11.26496057,15.0,33,1,4.709605038917902,52.69099439250779,0.08938159344336775
90,7,3,10,91,week2_percentage,0.058139535,1,612,10.7637133,15.0,33,2,4.500045790674936,52.69099439250779,0.08540445748950991
91,7,9,3,15,week2_percentage,0.093023256,1,613,38.11666455,24.0,33,3,4.088153627343024,52.69099439250779,0.07758733108905465
92,7,7,6,28,week2_percentage,0.085271318,1,614,21.47129091,22.0,33,4,3.2895400096485887,52.69099439250779,0.06243078248142406
93,7,9,5,26,week2_percentage,0.081395349,1,615,25.28789865,21.0,33,5,4.576907895227756,52.69099439250779,0.0868631907216113
94,7,9,4,101,week2_percentage,0.085271318,1,616,31.03986637,22.0,33,6,4.755507377095134,52.69099439250779,0.09025275442080719
95,7,9,2,40,week2_percentage,0.081395349,1,617,40.16319755,21.0,33,7,7.269218313012619,52.69099439250779,0.13795940647584817
96,7,2,12,7,week2_percentage,0.065891473,1,618,5.161895833,17.0,33,8,1.6839612089866278,52.69099439250779,0.03195918445650122
97,7,4,9,13,week2_percentage,0.07751938,1,619,13.76318728,20.0,33,9,2.920076572523109,52.69099439250779,0.05541889285236793
98,7,5,8,88,week2_percentage,0.081395349,1,620,15.39084148,21.0,33,10,2.7856195114895734,52.69099439250779,0.052867089406945504
99,7,6,7,48,week2_percentage,0.073643411,1,621,19.82768969,19.0,33,11,4.893239805142418,52.69099439250779,0.0928667196654424
100,7,9,1,54,week2_percentage,0.085271318,1,622,35.56785264,22.0,33,12,5.449224026957454,52.69099439250779,0.10341850803507112
89,7,3,10,31,week3_percentage,0.072327044,2,623,8.028893466,23.0,33,1,1.5212383490095893,16.600723296040726,0.09163687159175798
90,7,3,10,91,week3_percentage,0.066037736,2,624,7.699928411,21.0,33,2,1.924023517773271,16.600723296040726,0.11589998119131055
91,7,9,3,15,week3_percentage,0.108490566,2,625,37.54422187,34.5,33,3,0.8892249494935184,16.600723296040726,0.053565434085971336
92,7,7,6,28,week3_percentage,0.081761006,2,626,19.19462799,26.0,33,4,2.2906698637140073,16.600723296040726,0.13798614812526463
93,7,9,5,26,week3_percentage,0.094339623,2,627,25.23347327,30.0,33,5,1.4888183140212128,16.600723296040726,0.08968394252895572
94,7,9,4,101,week3_percentage,0.097484277,2,628,30.41260253,31.0,33,6,1.481188035444661,16.600723296040726,0.0892243072202718
95,7,9,2,40,week3_percentage,0.088050314,2,629,35.7899786,28.0,33,7,3.0412211682648502,16.600723296040726,0.183198112156365
97,7,4,9,13,week3_percentage,0.09591195,2,630,14.83832516,30.5,33,9,0.7960437729804918,16.600723296040726,0.04795235477302054
98,7,5,8,88,week3_percentage,0.088050314,2,631,15.5071038,28.0,33,10,1.3177021663555926,16.600723296040726,0.07937618999226766
99,7,6,7,48,week3_percentage,0.097484277,2,632,21.42847019,31.0,33,11,1.0436329357871161,16.600723296040726,0.06286671473140105
100,7,9,1,54,week3_percentage,0.110062893,2,633,38.0050997,35.0,33,12,0.806960223196415,16.600723296040726,0.04860994360341366
91,7,9,3,15,week4_percentage,0.108843537,3,634,34.27175978,32.0,33,3,1.0526686392132936,6.476265016019518,0.16254255139489202
92,7,7,6,28,week4_percentage,0.098639456,3,635,20.41304232,29.0,33,4,1.1683935860232997,6.476265016019518,0.1804116389822208
93,7,9,5,26,week4_percentage,0.12244898,3,636,28.85469211,36.0,33,5,0.3513787202424413,6.476265016019518,0.05425638379116361
94,7,9,4,101,week4_percentage,0.112244898,3,637,31.25216025,33.0,33,6,0.7695163085682843,6.476265016019518,0.11882100356684434
95,7,9,2,40,week4_percentage,0.108843537,3,638,38.62932602,32.0,33,7,1.186512753247364,6.476265016019518,0.18320941936632265
97,7,4,9,13,week4_percentage,0.108843537,3,639,9.905461796,32.0,33,9,0.304249593732843,6.476265016019518,0.04697917595716964
98,7,5,8,88,week4_percentage,0.108843537,3,640,16.69362501,32.0,33,10,0.5127503120825653,6.476265016019518,0.0791737692658098
99,7,6,7,48,week4_percentage,0.108843537,3,641,21.9387216,32.0,33,11,0.673855219603529,6.476265016019518,0.10404997601807502
100,7,9,1,54,week4_percentage,0.12244898,3,642,37.52321608,36.0,33,12,0.4569398833058973,6.476265016019518,0.0705560816575021
91,7,9,3,15,week5_percentage,0.133663366,4,643,36.88134447,27.0,33,3,0.9987956970397748,9.399158166827895,0.10626437807640984
92,7,7,6,28,week5_percentage,0.118811881,4,644,22.20279791,24.0,33,4,1.2823998032870967,9.399158166827895,0.136437729903623
93,7,9,5,26,week5_percentage,0.126237624,4,645,27.84599406,25.5,33,5,1.1136352945221468,9.399158166827895,0.11848245074249937
94,7,9,4,101,week5_percentage,0.118811881,4,646,30.17489423,24.0,33,6,1.7428559491293838,9.399158166827895,0.18542681357149424
95,7,9,2,40,week5_percentage,0.128712871,4,647,40.43547411,26.0,33,7,1.4235771529168806,9.399158166827895,0.15145794204645469
98,7,5,8,88,week5_percentage,0.118811881,4,648,11.58843552,24.0,33,10,0.6693303921196302,9.399158166827895,0.07121173835353398
99,7,6,7,48,week5_percentage,0.126237624,4,649,23.13142352,25.5,33,11,0.9250870911236456,9.399158166827895,0.09842233471381741
100,7,9,1,54,week5_percentage,0.128712871,4,650,35.31987944,26.0,33,12,1.2434767866893368,9.399158166827895,0.13229661259216743
91,7,9,3,15,week6_percentage,0.155339806,5,651,39.85807884,32.0,33,3,0.27649883371189143,4.363737653739759,0.06336284526062874
92,7,7,6,28,week6_percentage,0.150485437,5,652,26.58774913,31.0,33,4,0.25042445110895056,4.363737653739759,0.05738760461329172
93,7,9,5,26,week6_percentage,0.13592233,5,653,28.46701173,28.0,33,5,0.6331301268738415,4.363737653739759,0.14508895289139204
94,7,9,4,101,week6_percentage,0.13592233,5,654,32.21039222,28.0,33,6,0.7163860368038989,4.363737653739759,0.16416798938175173
95,7,9,2,40,week6_percentage,0.116504854,5,655,33.89535429,24.0,33,7,2.0691987755620302,4.363737653739759,0.47418037924179746
99,7,6,7,48,week6_percentage,0.150485437,5,656,15.17558735,31.0,33,11,0.14293568492007522,4.363737653739759,0.03275533413370489
100,7,9,1,54,week6_percentage,0.155339806,5,657,39.66562204,32.0,33,12,0.27516374475907124,4.363737653739759,0.06305689447743351
91,7,9,3,15,week7_percentage,0.1875,6,658,46.24893332,30.0,33,3,0.16679969799196162,2.5691230610731126,0.06492475993823746
92,7,7,6,28,week7_percentage,0.15,6,659,17.06944471,24.0,33,4,0.4664007695854464,2.5691230610731126,0.18154084428740158
93,7,9,5,26,week7_percentage,0.159375,6,660,31.44883615,25.5,33,5,0.5402622960665223,2.5691230610731126,0.21029054787311624
94,7,9,4,101,week7_percentage,0.16875,6,661,38.62009537,27.0,33,6,0.40556373009075314,2.5691230610731126,0.1578607643346406
95,7,9,2,40,week7_percentage,0.1625,6,662,42.4612522,26.0,33,7,0.6210100256134935,2.5691230610731126,0.24172062250459114
100,7,9,1,54,week7_percentage,0.171875,6,663,41.67237203,27.5,33,12,0.3690865417249355,2.5691230610731126,0.14366246106201291
91,7,9,3,15,week8_percentage,0.207142857,7,664,47.33584771,29.0,33,3,0.11649872329893005,0.8556324028134429,0.13615510926872967
93,7,9,5,26,week8_percentage,0.192857143,7,665,35.91065536,27.0,33,5,0.19669345997696358,0.8556324028134429,0.2298807984950162
94,7,9,4,101,week8_percentage,0.189285714,7,666,40.09710562,26.5,33,6,0.2658648270505689,0.8556324028134429,0.31072318693911893
95,7,9,2,40,week8_percentage,0.203571429,7,667,52.45495158,28.5,33,7,0.15852689898268835,0.8556324028134429,0.1852745389976221
100,7,9,1,54,week8_percentage,0.207142857,7,668,47.96555149,29.0,33,12,0.11804849350429203,0.8556324028134429,0.13796636629951312
91,7,9,3,15,week9_percentage,0.206185567,8,669,51.69081791,30.0,33,3,0.10642797139776326,0.6237421532924174,0.17062815273263826
93,7,9,5,26,week9_percentage,0.192439863,8,670,26.60368426,28.0,33,5,0.12156982963508864,0.6237421532924174,0.19490398234812795
94,7,9,4,101,week9_percentage,0.202749141,8,671,28.84449376,29.5,33,6,0.07286254614456192,0.6237421532924174,0.11681517075598885
95,7,9,2,40,week9_percentage,0.195876289,8,672,52.63986822,28.5,33,7,0.19809660704597104,0.6237421532924174,0.3175937460701026
100,7,9,1,54,week9_percentage,0.202749141,8,673,49.39939772,29.5,33,12,0.12478519906903256,0.6237421532924174,0.2000589480931423
101,8,2,13,23,week1_percentage,0.054878049,0,674,11.58833512,9.0,34,0,7.071669269568971,206.63825133453577,0.03422245989741916
102,8,8,8,25,week1_percentage,0.073170732,0,675,22.81072211,12.0,34,1,9.479977182943353,206.63825133453577,0.04587716515078227
103,8,11,5,30,week1_percentage,0.073170732,0,676,27.79504723,12.0,34,2,11.551427976219944,206.63825133453577,0.0559016924582798
104,8,2,13,10,week1_percentage,0.06097561,0,677,11.61729831,10.0,34,3,6.31380888324267,206.63825133453577,0.030554889244687647
105,8,11,3,58,week1_percentage,0.06097561,0,678,34.62474961,10.0,34,4,18.81797693698641,206.63825133453577,0.09106724827302742
106,8,9,7,6,week1_percentage,0.054878049,0,679,26.06515348,9.0,34,5,15.906007460294669,206.63825133453577,0.07697513581134469
107,8,11,1,92,week1_percentage,0.091463415,0,680,155.5694579,15.0,34,6,39.4542227250191,206.63825133453577,0.19093378147661985
108,8,4,11,39,week1_percentage,0.085365854,0,681,19.1554714,14.0,34,7,5.797729825946952,206.63825133453577,0.028057389125698474
109,8,3,12,71,week1_percentage,0.079268293,0,682,19.73471515,13.0,34,8,7.041994687028717,206.63825133453577,0.034078853462750816
110,8,6,10,95,week1_percentage,0.06097561,0,683,21.05048773,10.0,34,9,11.440590822382422,206.63825133453577,0.05536530990025049
111,8,11,2,2,week1_percentage,0.079268293,0,684,104.0557277,13.0,34,10,37.1305020644449,206.63825133453577,0.17968842566487214
112,8,7,9,47,week1_percentage,0.073170732,0,685,26.5545827,12.0,34,11,11.035899560067994,206.63825133453577,0.05340685709830892
113,8,10,6,113,week1_percentage,0.091463415,0,686,27.37847175,15.0,34,12,6.943498658904457,206.63825133453577,0.033602194240713555
114,8,11,4,29,week1_percentage,0.06097561,0,687,34.32109424,10.0,34,13,18.652945281485227,206.63825133453577,0.09026859819524485
101,8,2,13,23,week2_percentage,0.053956835,1,688,8.35474019,15.0,34,0,3.7190807971621194,103.62290674163361,0.035890527626628206
102,8,8,8,25,week2_percentage,0.068345324,1,689,20.2434111,19.0,34,1,5.524916901443186,103.62290674163361,0.053317524813491696
103,8,11,5,30,week2_percentage,0.075539568,1,690,25.70285057,21.0,34,2,5.260736178630397,103.62290674163361,0.05076808153767741
104,8,2,13,10,week2_percentage,0.064748201,1,691,8.21319975,18.0,34,3,2.56068542721594,103.62290674163361,0.024711576887150838
105,8,11,3,58,week2_percentage,0.079136691,1,692,34.91853859,22.0,34,4,6.122745933656295,103.62290674163361,0.059086799687277036
106,8,9,7,6,week2_percentage,0.057553957,1,693,24.05680467,16.0,34,5,9.578821646360923,103.62290674163361,0.0924392293901204
107,8,11,1,92,week2_percentage,0.079136691,1,694,128.2968233,22.0,34,6,22.49604035221725,103.62290674163361,0.21709524524637552
108,8,4,11,39,week2_percentage,0.075539568,1,695,16.81467236,21.0,34,7,3.441546492096677,103.62290674163361,0.03321221726271004
109,8,3,12,71,week2_percentage,0.075539568,1,696,17.95612006,21.0,34,8,3.6751725327200946,103.62290674163361,0.035466796370454294
110,8,6,10,95,week2_percentage,0.064748201,1,697,20.0004281,18.0,34,9,6.235670181253073,103.62290674163361,0.060176561122732
111,8,11,2,2,week2_percentage,0.075539568,1,698,90.59058363,21.0,34,10,18.54164616674203,103.62290674163361,0.1789338549725547
112,8,7,9,47,week2_percentage,0.079136691,1,699,25.3284362,22.0,34,11,4.441181848138247,103.62290674163361,0.04285907419304103
113,8,10,6,113,week2_percentage,0.079136691,1,700,23.29641554,22.0,34,12,4.084879816738698,103.62290674163361,0.03942062566266031
114,8,11,4,29,week2_percentage,0.071942446,1,701,33.47285453,20.0,34,13,7.939782467258687,103.62290674163361,0.07662188522712653
102,8,8,8,25,week3_percentage,0.081712062,2,702,20.29350044,21.0,34,1,3.6486139560648065,68.1523116378572,0.05353617314483104
103,8,11,5,30,week3_percentage,0.081712062,2,703,24.13163918,21.0,34,2,4.338681527870915,68.1523116378572,0.06366154608115843
105,8,11,3,58,week3_percentage,0.093385214,2,704,34.54251311,24.0,34,4,3.672768338867642,68.1523116378572,0.053890590804663116
106,8,9,7,6,week3_percentage,0.070038911,2,705,24.07932702,18.0,34,5,6.82541588247455,68.1523116378572,0.10014944054638894
107,8,11,1,92,week3_percentage,0.085603113,2,706,116.0334682,22.0,34,6,17.647783282957825,68.1523116378572,0.2589462170664633
108,8,4,11,39,week3_percentage,0.085603113,2,707,16.66734394,22.0,34,7,2.534972696400368,68.1523116378572,0.03719569645517707
109,8,3,12,71,week3_percentage,0.070038911,2,708,9.362695113,18.0,34,8,2.653906725630617,68.1523116378572,0.03894081744039372
110,8,6,10,95,week3_percentage,0.085603113,2,709,21.11882934,22.0,34,9,3.2120088209350897,68.1523116378572,0.04712985874936758
111,8,11,2,2,week3_percentage,0.089494163,2,710,88.65188344,23.0,34,10,11.317515038303736,68.1523116378572,0.16606208602933273
112,8,7,9,47,week3_percentage,0.073929961,2,711,22.18477666,19.0,34,11,5.445214004862881,68.1523116378572,0.07989771548465242
113,8,10,6,113,week3_percentage,0.093385214,2,712,23.42356481,24.0,34,12,2.4905346910812027,68.1523116378572,0.036543656865451975
114,8,11,4,29,week3_percentage,0.089494163,2,713,34.19092528,23.0,34,13,4.364896672407565,68.1523116378572,0.06404620133211968
102,8,8,8,25,week4_percentage,0.084677419,3,714,19.23310443,21.0,34,1,3.2491947109369796,50.67614412534553,0.06411684959495377
103,8,11,5,30,week4_percentage,0.096774194,3,715,24.25051224,24.0,34,2,2.3770425393659185,50.67614412534553,0.04690653916932578
105,8,11,3,58,week4_percentage,0.096774194,3,716,31.34434481,24.0,34,4,3.0723821519542196,50.67614412534553,0.060627780684236715
106,8,9,7,6,week4_percentage,0.072580645,3,717,22.33449969,18.0,34,5,6.0477175976968764,50.67614412534553,0.11934052406864412
107,8,11,1,92,week4_percentage,0.088709677,3,718,105.2675945,22.0,34,6,14.95271267541881,50.67614412534553,0.2950641358670431
108,8,4,11,39,week4_percentage,0.092741935,3,719,9.744512946,23.0,34,7,1.1544682482357818,50.67614412534553,0.022781296173210182
110,8,6,10,95,week4_percentage,0.084677419,3,720,19.68167565,21.0,34,9,3.3249752611236216,50.67614412534553,0.06561223862848406
111,8,11,2,2,week4_percentage,0.096774194,3,721,83.11207915,24.0,34,10,8.146671118510659,50.67614412534553,0.16075949066606518
112,8,7,9,47,week4_percentage,0.092741935,3,722,23.11246004,23.0,34,11,2.7382180518063937,50.67614412534553,0.05403367006442942
113,8,10,6,113,week4_percentage,0.100806452,3,723,22.5413637,25.0,34,12,1.8133767376411982,50.67614412534553,0.03578363683621783
114,8,11,4,29,week4_percentage,0.092741935,3,724,32.06944556,23.0,34,13,3.79938503265507,50.67614412534553,0.07497383824738983
102,8,8,8,25,week5_percentage,0.092651757,4,725,17.74106476,29.0,34,1,1.2080180511106986,14.34906046059363,0.08418795463495608
103,8,11,5,30,week5_percentage,0.095846645,4,726,21.66748039,30.0,34,2,1.2219075301572957,14.34906046059363,0.08515592595856583
105,8,11,3,58,week5_percentage,0.102236422,4,727,29.35878041,32.0,34,4,1.1140768889387322,14.34906046059363,0.07764110354111939
106,8,9,7,6,week5_percentage,0.076677316,4,728,20.84277922,24.0,34,5,3.3093506234676,14.34906046059363,0.23063186837604904
107,8,11,1,92,week5_percentage,0.111821086,4,729,112.2695271,35.0,34,6,2.2415429871849706,14.34906046059363,0.15621531412045053
110,8,6,10,95,week5_percentage,0.095846645,4,730,18.68354943,30.0,34,9,1.0536328787503773,14.34906046059363,0.07342870159645196
111,8,11,2,2,week5_percentage,0.111821086,4,731,80.12960574,35.0,34,10,1.5998460174541302,14.34906046059363,0.11149482726396871
112,8,7,9,47,week5_percentage,0.092651757,4,732,20.92730095,29.0,34,11,1.4249740728992226,14.34906046059363,0.09930783111637057
113,8,10,6,113,week5_percentage,0.10543131,4,733,20.29525722,33.0,34,12,0.6257239336366621,14.34906046059363,0.0436073104127666
114,8,11,4,29,week5_percentage,0.115015974,4,734,34.56063418,36.0,34,13,0.549987476993941,14.34906046059363,0.03832916297930127
102,8,8,8,25,week6_percentage,0.105882353,5,735,19.03299702,36.0,34,1,0.4208029740961889,11.268299623505726,0.03734396387706908
103,8,11,5,30,week6_percentage,0.105882353,5,736,22.06919472,36.0,34,2,0.48793065875675257,11.268299623505726,0.0433011789763672
105,8,11,3,58,week6_percentage,0.114705882,5,737,29.61871994,39.0,34,4,0.3378602920203434,11.268299623505726,0.029983254200621826
106,8,9,7,6,week6_percentage,0.079411765,5,738,20.21769457,27.0,34,5,2.368935113044345,11.268299623505726,0.21023004288089173
107,8,11,1,92,week6_percentage,0.105882353,5,739,98.49025063,36.0,34,6,2.17753359289829,11.268299623505726,0.19324420415267843
110,8,6,10,95,week6_percentage,0.082352941,5,740,10.09323108,28.0,34,9,1.006000592929414,11.268299623505726,0.08927705390713006
111,8,11,2,2,week6_percentage,0.102941176,5,741,68.63662037,35.0,34,10,1.8699001934092785,11.268299623505726,0.1659434214465382
112,8,7,9,47,week6_percentage,0.094117647,5,742,20.58570884,32.0,34,11,1.0129150737871033,11.268299623505726,0.08989067628927418
113,8,10,6,113,week6_percentage,0.114705882,5,743,21.18418795,39.0,34,12,0.24164771271343605,11.268299623505726,0.02144491367706959
114,8,11,4,29,week6_percentage,0.094117647,5,744,27.33014326,32.0,34,13,1.3447734198505745,11.268299623505726,0.11934129059235972
102,8,8,8,25,week7_percentage,0.105421687,6,745,18.24997024,35.0,34,1,0.4558481197564035,5.156497939706291,0.08840265720776534
103,8,11,5,30,week7_percentage,0.096385542,6,746,20.23245376,32.0,34,2,0.925844109253272,5.156497939706291,0.17954901176708452
105,8,11,3,58,week7_percentage,0.114457831,6,747,27.38857705,38.0,34,4,0.3537122507015037,5.156497939706291,0.06859544109924551
106,8,9,7,6,week7_percentage,0.087349398,6,748,20.7669591,29.0,34,5,1.649101636461319,5.156497939706291,0.319810393748601
107,8,11,1,92,week7_percentage,0.123493976,6,749,104.5973228,41.0,34,6,0.6615729251890713,5.156497939706291,0.12829888287063948
111,8,11,2,2,week7_percentage,0.129518072,6,750,75.03426393,43.0,34,10,0.2861233594556366,5.156497939706291,0.055487922772627714
112,8,7,9,47,week7_percentage,0.102409639,6,751,11.09501941,34.0,34,11,0.34115054431904673,5.156497939706291,0.06615934851677228
113,8,10,6,113,week7_percentage,0.126506024,6,752,21.92095252,42.0,34,12,0.10797990948118771,5.156497939706291,0.020940551270216958
114,8,11,4,29,week7_percentage,0.114457831,6,753,29.04970868,38.0,34,13,0.37516508508885127,5.156497939706291,0.07275579074704726
102,8,8,8,25,week8_percentage,0.122719735,7,754,12.12044225,37.0,34,1,0.12928490736268197,2.7152326857935614,0.04761466965211374
103,8,11,5,30,week8_percentage,0.124378109,7,755,23.11264008,37.5,34,2,0.21788248307292696,2.7152326857935614,0.08024449772312903
105,8,11,3,58,week8_percentage,0.129353234,7,756,28.31267236,39.0,34,4,0.18241579038332542,2.7152326857935614,0.06718237863655213
106,8,9,7,6,week8_percentage,0.112769486,7,757,23.76737007,34.0,34,5,0.5138371515666675,2.7152326857935614,0.18924240057035557
107,8,11,1,92,week8_percentage,0.126036484,7,758,95.39614035,38.0,34,6,0.7934630770063481,2.7152326857935614,0.29222654881765625
111,8,11,2,2,week8_percentage,0.127694859,7,759,69.58146456,38.5,34,10,0.5097912996335026,2.7152326857935614,0.18775234339981053
113,8,10,6,113,week8_percentage,0.131011609,7,760,21.32183476,39.5,34,12,0.12060592075453029,2.7152326857935614,0.04441826344591225
114,8,11,4,29,week8_percentage,0.126036484,7,761,29.81067402,38.0,34,13,0.24795205601357856,2.7152326857935614,0.0913188977544705
103,8,11,5,30,week9_percentage,0.133333333,8,762,23.59773405,36.0,34,2,0.19420338449198762,1.3535345584878338,0.14347870416323266
105,8,11,3,58,week9_percentage,0.144444444,8,763,29.36352778,39.0,34,4,0.10502257378767331,1.3535345584878338,0.07759135009083501
106,8,9,7,6,week9_percentage,0.107407407,8,764,13.77154289,29.0,34,5,0.6112737101510466,1.3535345584878338,0.45161293172592537
107,8,11,1,92,week9_percentage,0.155555556,8,765,107.9554554,42.0,34,6,0.15698348661581912,1.3535345584878338,0.11598040525186204
111,8,11,2,2,week9_percentage,0.148148148,8,766,74.57902653,40.0,34,10,0.19907640205214353,1.3535345584878338,0.14707892074403428
113,8,10,6,113,week9_percentage,0.155555556,8,767,24.62492059,42.0,34,12,0.03580834222348964,1.3535345584878338,0.0264554325554086
114,8,11,4,29,week9_percentage,0.155555556,8,768,35.18663084,42.0,34,13,0.05116665916567388,1.3535345584878338,0.037802255468702015
103,8,11,5,30,week10_percentage,0.165697674,9,769,28.43502215,28.5,34,2,0.2528997410391962,2.438236510635837,0.10372239933903937
105,8,11,3,58,week10_percentage,0.165697674,9,770,33.09873265,28.5,34,4,0.29437856147091446,2.438236510635837,0.12073421105245741
107,8,11,1,92,week10_percentage,0.171511628,9,771,110.7669236,29.5,34,6,0.7031642170958601,2.438236510635837,0.28839048797300254
111,8,11,2,2,week10_percentage,0.168604651,9,772,83.44951359,29.0,34,10,0.6279510523503377,2.438236510635837,0.25754312578420957
113,8,10,6,113,week10_percentage,0.168604651,9,773,17.08877982,29.0,34,12,0.12859172941468325,2.438236510635837,0.05273964558144912
114,8,11,4,29,week10_percentage,0.159883721,9,774,35.01364424,27.5,34,13,0.43125120926484534,2.438236510635837,0.17687013026984194
103,8,11,5,30,week11_percentage,0.196387528,10,775,27.36432742,28.9998,34,2,0.09200072805608694,0.8756237509486502,0.10506879005556144
105,8,11,3,58,week11_percentage,0.200903118,10,776,47.68837981,29.666600000000003,34,4,0.12301798902159337,0.8756237509486502,0.14049183669163356
107,8,11,1,92,week11_percentage,0.200903118,10,777,130.6742949,29.666600000000003,34,6,0.3370902731327801,0.8756237509486502,0.384971596267891
111,8,11,2,2,week11_percentage,0.203160913,10,778,102.9945749,30.0,34,10,0.23220119250959198,0.8756237509486502,0.26518375301951935
114,8,11,4,29,week11_percentage,0.198645323,10,779,30.98326121,29.3332,34,13,0.09131356822859782,0.8756237509486502,0.10428402396539468
