contestant_id,season_idx,season,weeks_participated,placement,celebrity_name,week_idx,judge_rank,score_sum,vote_rank,total_rank,obs_id,estimated_strength,strength_lower_95,strength_upper_95,strength_std,implied_audience_score,implied_audience_score_lower,implied_audience_score_upper
0,0,1,6,2,56,0,1,0.739940073,1,2,0,6.550124041,0.5608199,30.6952412,11.17968183,8.252867586,0.706608355,38.67465098
1,0,1,6,1,66,0,3,-2.085285661,6,9,1,4.108790928,0.347758442,19.22429012,6.702792184,8.218264247,0.695574641,38.45177304
2,0,1,3,5,32,0,2,-0.067267279,4,6,2,3.311003522,0.293652169,13.89756737,3.939023635,5.256181438,0.466169567,22.06223435
3,0,1,4,4,89,0,1,0.739940073,1,2,3,2.522403842,0.219778363,10.81252876,3.414753093,3.178117663,0.27691105,13.62330966
4,0,1,5,3,55,0,1,0.739940073,1,2,4,7.102779424,0.617233042,33.13695554,10.37377407,8.949189011,0.777686428,41.75110342
5,0,1,2,6,108,0,2,-0.067267279,4,6,5,2.855186546,0.224979074,12.1777218,3.884395728,4.532577035,0.35715179,19.33199854
0,0,1,6,2,56,1,1,1.437277734,1,2,6,5.108285766,0.605433114,21.91860903,7.080146469,6.436214911,0.762819039,27.61648129
1,0,1,6,1,66,1,5,-0.780236484,5,10,7,2.299319266,0.28730136,9.665237787,3.225676703,7.300893982,0.912251204,30.68946424
2,0,1,3,5,32,1,6,-1.51940789,6,12,8,1.120092881,0.109746635,3.806637111,1.046319404,4.481115659,0.439059449,15.22907739
3,0,1,4,4,89,1,2,0.944496797,2,4,9,1.597700739,0.212202369,5.890024849,1.714537332,2.536332236,0.336868911,9.350349244
4,0,1,5,3,55,1,3,0.205325391,3,6,10,2.979154544,0.426325055,11.69112388,3.331703417,5.958803868,0.852720915,23.38418944
5,0,1,2,6,108,1,4,-0.287455547,4,8,11,0.563154913,0.071535927,1.777849788,0.461373197,1.41921858,0.1802792,4.480396768
0,0,1,6,2,56,2,2,0.629889779,2,4,12,3.003279736,0.445466394,11.23411073,3.676979187,4.767673333,0.707172969,17.83402642
1,0,1,6,1,66,2,4,-0.044992127,4,8,13,2.477035883,0.376944261,9.679458114,3.026568382,6.242430401,0.949945188,24.39340665
2,0,1,3,5,32,2,5,-1.84467721,5,10,14,0.606987589,0.068709973,1.802396627,0.466903026,1.92733219,0.218170758,5.72304459
3,0,1,4,4,89,2,1,1.07981105,1,2,15,1.72023197,0.265318575,5.803537346,1.613775538,2.167416461,0.334289711,7.312201258
4,0,1,5,3,55,2,3,0.179968508,3,6,16,2.405478619,0.395877009,8.084571862,2.262281325,4.811356743,0.791819767,16.17048642
0,0,1,6,2,56,3,3,-0.784464541,3,6,17,1.891034517,0.305958061,6.560289496,1.888322187,3.782383099,0.611966936,13.12166853
1,0,1,6,1,66,3,1,1.176696811,1,2,18,4.961074475,0.667587097,19.26233118,7.090199103,6.250735172,0.841130318,24.26968827
3,0,1,4,4,89,3,2,0.784464541,2,4,19,0.595763558,0.079496152,1.696002241,0.433857873,0.945768053,0.126199261,2.692384782
4,0,1,5,3,55,3,4,-1.176696811,4,8,20,1.566993561,0.29179399,4.920999211,1.342489324,3.949013539,0.735356192,12.40151396
0,0,1,6,2,56,4,1,1.382189481,1,2,21,2.958772571,0.540396999,9.712878236,2.993362736,3.727923028,0.680876401,12.23779847
1,0,1,6,1,66,4,2,-0.431934213,2,4,22,3.234550545,0.558610548,11.19287213,4.180938526,5.134813183,0.886788061,17.76856061
4,0,1,5,3,55,4,3,-0.950255268,3,6,23,1.061507066,0.145663387,3.129705286,0.816524359,2.123190428,0.291350966,6.259930356
0,0,1,6,2,56,5,2,-1,2,4,24,1.650279415,0.19677447,5.772767849,1.910176894,2.619800302,0.312377293,9.164205054
1,0,1,6,1,66,5,1,1,1,2,25,3.411365648,0.393921462,13.07720754,4.545670975,4.298170357,0.49632368,16.4767051
6,1,2,2,9,103,0,2,0.89043824,2,4,26,5.153590078,0.404563508,23.48522068,7.540481235,8.181267198,0.642240091,37.28252785
7,1,2,5,6,105,0,5,0.127205463,6,11,27,2.314052145,0.254213492,9.764230114,2.852993453,7.347674432,0.807189233,31.00378879
8,1,2,6,5,34,0,7,-0.381616388,8,15,28,1.077757123,0.111064341,4.294453468,1.276735039,5.432608027,0.559837664,21.64688303
9,1,2,7,4,73,0,6,-0.127205463,7,13,29,1.836237325,0.206380879,7.548393588,2.247973895,7.346169209,0.825660624,30.19858914
10,1,2,8,3,100,0,3,0.636027314,4,7,30,7.728940018,0.620760487,39.84811032,13.86626417,15.45916367,1.24162407,79.70283866
11,1,2,8,2,49,0,4,0.381616388,5,9,31,5.272847152,0.434784183,24.70491897,8.37662845,13.28821338,1.095708793,62.25938763
12,1,2,3,8,35,0,2,0.89043824,2,4,32,3.210516943,0.238960512,16.14697797,5.092243569,5.096660106,0.379347167,25.63314878
13,1,2,4,7,76,0,9,-1.908081942,10,19,33,0.872196923,0.076303925,3.423221948,1.033316849,6.979313796,0.610583487,27.39259854
14,1,2,8,1,27,0,1,1.144849165,1,2,34,17.30156345,1.059778713,87.35954787,50.32828209,21.79920736,1.335274467,110.0691798
15,1,2,1,10,67,0,8,-1.653671017,9,17,35,0.225727923,0.010290464,0.96998458,0.308085993,1.433600379,0.065354845,6.160382128
6,1,2,2,9,103,1,7,-1.307574978,8,15,36,0.408239058,0.04289212,1.31115546,0.367225183,2.057794595,0.216204623,6.609089862
7,1,2,5,6,105,1,5,-0.055641488,5,10,37,2.060134258,0.272325792,7.619619016,2.456578084,6.541423816,0.864700159,24.1941306
8,1,2,6,5,34,1,5,-0.055641488,5,10,38,1.68705453,0.223704784,6.090313548,1.833906887,5.356805576,0.710316716,19.33821639
9,1,2,7,4,73,1,6,-0.556414884,7,13,39,1.496110187,0.201325587,5.564544998,1.580269395,5.985434693,0.805436101,22.26187681
10,1,2,8,3,100,1,1,1.697065396,1,2,40,12.86902932,1.071075917,61.0507671,26.90293821,16.21440972,1.349508446,76.92127565
11,1,2,8,2,49,1,4,0.194745209,4,8,41,4.447441856,0.483174081,19.96570869,6.194061934,11.20809207,1.217657199,50.3160038
12,1,2,3,8,35,1,3,0.445131907,3,6,42,1.915826462,0.18018702,8.304214811,2.800866031,3.831971106,0.360403966,16.6098088
13,1,2,4,7,76,1,8,-1.557961675,9,17,43,1.000432796,0.110862482,3.654080515,1.056350576,6.353759061,0.704088774,23.20710325
14,1,2,8,1,27,1,2,1.196292001,2,4,44,8.999290022,0.800810241,40.94223943,17.87273389,14.28627329,1.271277392,64.99535186
7,1,2,5,6,105,2,2,0.767365737,3,5,45,3.735333745,0.551094757,14.48770938,4.034677538,5.929800969,0.874856826,22.99907826
8,1,2,6,5,34,2,4,-0.177084401,5,9,46,1.705708852,0.289300782,5.55040489,1.542345958,4.298592873,0.729073005,13.98769249
9,1,2,7,4,73,2,3,0.531253202,4,7,47,2.865569533,0.464855904,10.3498398,2.88215986,5.731614984,0.929789012,20.70139851
10,1,2,8,3,100,2,1,1.003478271,1,2,48,10.035313,0.976884046,46.22138328,18.25507177,12.64405207,1.230830841,58.23690567
11,1,2,8,2,49,2,5,-0.885422004,7,12,49,2.307132109,0.324556713,8.864268869,2.847923314,7.325701646,1.030545948,28.14619448
12,1,2,3,8,35,2,4,-0.177084401,5,9,50,0.513668516,0.058627009,1.573165924,0.428025074,1.294506866,0.147747162,3.964568642
13,1,2,4,7,76,2,6,-2.065984676,8,14,51,1.29884495,0.208532872,4.116173359,1.174935489,5.19624269,0.834270028,16.46742802
14,1,2,8,1,27,2,1,1.003478271,1,2,52,10.01555057,1.004444992,45.1219454,23.89436996,12.61915227,1.265556417,56.8516624
7,1,2,5,6,105,3,3,0.386963736,4,7,53,2.263008373,0.394033956,7.394804692,2.19104841,4.526392589,0.788133353,14.79083752
8,1,2,6,5,34,3,5,-0.250388299,6,11,54,1.165197452,0.191645347,3.450357002,1.010305208,3.699783318,0.608520261,10.95571678
9,1,2,7,4,73,3,2,0.546301744,2,4,55,3.458121127,0.591771321,11.86400008,3.59393821,5.489729008,0.939430421,18.8339688
10,1,2,8,3,100,3,2,0.546301744,2,4,56,5.76360946,0.702909852,23.49910836,10.52884935,9.149666214,1.115861609,37.30457438
11,1,2,8,2,49,3,4,0.227625727,5,9,57,2.746944931,0.411525501,10.67267208,3.272705646,6.922633888,1.037094099,26.89642613
13,1,2,4,7,76,3,6,-2.321782413,7,13,58,0.567395573,0.069349883,1.583728127,0.448840057,2.269959242,0.277445604,6.335964659
14,1,2,8,1,27,3,1,0.864977762,1,2,59,8.019179852,0.898960685,33.16108337,18.77124033,10.10381316,1.13265084,41.78150344
7,1,2,5,6,105,4,6,-1.185187437,6,12,60,0.514074837,0.059969787,1.510472259,0.432469132,2.056640874,0.239918987,6.042892519
8,1,2,6,5,34,4,4,-0.436648003,4,8,61,1.319857051,0.220917277,3.911398563,1.126415265,3.326199607,0.55673829,9.857198057
9,1,2,7,4,73,4,3,-0.062378286,3,6,62,2.169683794,0.368385392,7.31790705,2.0888429,4.339727931,0.736831966,14.63702947
10,1,2,8,3,100,4,1,1.808970299,1,2,63,6.526468989,0.778137403,26.01860998,12.85048409,8.223063264,0.98041883,32.78230177
11,1,2,8,2,49,4,5,-0.81091772,5,10,64,1.866118033,0.269291856,6.801529977,2.047319983,5.925375443,0.855066679,21.59650033
14,1,2,8,1,27,4,2,0.686161148,2,4,65,4.683254,0.595883593,18.49174785,10.16273278,7.43461388,0.945958607,29.355445
8,1,2,6,5,34,5,3,-1.147638084,4,7,66,0.833260775,0.103245214,2.488957891,0.676459904,1.66665994,0.206507575,4.978329151
9,1,2,7,4,73,5,2,0.127515343,3,5,67,2.386328799,0.44536746,7.605250462,2.135029567,3.788270552,0.707015912,12.07325092
10,1,2,8,3,100,5,1,1.083880412,1,2,68,5.465811976,0.755156652,22.04178254,8.905698484,6.886682177,0.951464097,27.77167448
11,1,2,8,2,49,5,3,-1.147638084,4,7,69,2.708183585,0.406872671,9.810324995,2.981686351,5.416816948,0.813812917,19.6222793
14,1,2,8,1,27,5,1,1.083880412,1,2,70,5.436212475,0.732926958,21.71672273,11.34666127,6.849388111,0.923455662,27.36211344
9,1,2,7,4,73,6,2,0.34299717,3,5,71,1.104849705,0.138233227,3.532530968,0.958805794,1.753936676,0.219443718,5.607853807
10,1,2,8,3,100,6,1,0.685994341,1,2,72,4.867716031,0.614353383,18.15067711,8.867977732,6.133107648,0.774058185,22.86905314
11,1,2,8,2,49,6,3,-1.714985851,4,7,73,2.520793193,0.35880514,9.010653546,2.620596113,5.042005042,0.717669871,18.02280359
14,1,2,8,1,27,6,1,0.685994341,1,2,74,4.774819397,0.610409907,19.2138092,10.20684493,6.016061984,0.769089578,24.20855272
10,1,2,8,3,100,7,2,0.539171766,2,4,75,2.929961403,0.245003913,11.37715838,4.94628297,4.651281291,0.388940999,18.06111298
11,1,2,8,2,49,7,3,-1.40182718,3,6,76,2.021574955,0.169585548,8.758089721,2.59322283,4.043485655,0.339199262,17.517634
14,1,2,8,1,27,7,1,0.862655414,1,2,77,3.971763696,0.315977954,16.54954818,9.213721633,5.004247197,0.398118294,20.85170127
16,2,28,8,7,64,0,7,-0.498493,9,16,78,1.558110497,0.119551755,6.771738679,2.048830929,7.853906423,0.60261984,34.13403736
17,2,28,10,5,42,0,1,1.61277147,1,2,79,16.04628371,1.169199508,89.2205028,27.05410378,20.21761022,1.473139846,112.413901
18,2,28,11,2,65,0,6,-0.146615588,7,13,80,3.90988818,0.28064336,19.56701959,6.833880886,15.64215026,1.122759886,78.28107773
19,2,28,2,11,90,0,7,-0.498493,9,16,81,1.417257923,0.081773173,5.951522056,1.989257696,7.143916385,0.412190824,29.99960363
20,2,28,4,10,69,0,9,-1.906002646,12,21,82,0.968804118,0.056614624,4.216158361,1.440569197,7.752363901,0.453029836,33.73767027
21,2,28,6,9,93,0,4,0.557139235,4,8,83,2.788142261,0.188205097,13.35495219,4.266878504,7.026456147,0.474299637,33.65609683
22,2,28,9,6,96,0,8,-1.554125235,11,19,84,2.162206218,0.132316441,10.01354378,3.091595058,13.73219412,0.840343086,63.59612037
23,2,28,2,12,75,0,5,0.205261823,5,10,85,2.006376774,0.104002,9.162899694,3.114339639,6.370730819,0.330231468,29.09441947
24,2,28,11,4,70,0,3,0.909016647,3,6,86,18.09822898,1.06106801,93.79364238,42.43735355,36.19946374,2.122312243,187.6028621
25,2,28,11,3,3,0,6,-0.146615588,7,13,87,4.820033966,0.357801965,23.61053339,8.227277266,19.28333806,1.431445568,94.45781926
26,2,28,7,8,63,0,5,0.205261823,5,10,88,3.89207901,0.279863527,17.92165899,6.552361317,12.35829084,0.888634287,56.9055956
27,2,28,11,1,36,0,2,1.260894058,2,4,89,22.57752171,1.285644316,122.6658465,49.68556647,35.84156578,2.040946119,194.7306734
16,2,28,8,7,64,1,2,0.883541262,2,4,90,7.198825037,0.751406537,32.7008134,13.8756623,11.42805505,1.192849559,51.91217927
17,2,28,10,5,42,1,3,0.56225353,3,6,91,6.369083327,0.687370756,28.28638769,9.972775985,12.73922444,1.37485567,56.57747322
18,2,28,11,2,65,1,3,0.56225353,3,6,92,8.496620396,0.802614988,39.11634671,14.2585489,16.99465192,1.605363276,78.2391899
19,2,28,2,11,90,1,7,-1.044185128,10,17,93,0.542336965,0.049503974,1.808088872,0.526888086,2.73373665,0.24953274,9.113962606
20,2,28,4,10,69,1,8,-2.008048322,12,20,94,1.200060925,0.139544221,4.101926695,1.17392416,7.621599377,0.886246796,26.05137898
21,2,28,6,9,93,1,5,-0.080321933,8,13,95,1.45458094,0.179472798,5.416281006,1.633297238,4.618645782,0.569869477,17.19800029
22,2,28,9,6,96,1,6,-0.722897396,9,15,96,3.230600059,0.391607681,13.15297157,3.97721157,12.92454649,1.56669089,52.62062448
23,2,28,2,12,75,1,7,-1.044185128,10,17,97,0.450829965,0.03128838,1.620654511,0.456688177,2.27248091,0.157714109,8.16916958
24,2,28,11,4,70,1,4,0.240965799,6,10,98,8.306455528,0.748660787,39.80255755,17.93201712,20.93327386,1.886715847,100.3072652
25,2,28,11,3,3,1,3,0.56225353,3,6,99,10.56746078,0.938482144,53.81877442,17.90092238,21.13667662,1.877120151,107.6464871
26,2,28,7,8,63,1,4,0.240965799,6,10,100,3.448786223,0.454713883,14.38341102,4.192715201,8.691358938,1.145934052,36.24793763
27,2,28,11,1,36,1,1,1.847404456,1,2,101,23.41708722,1.611539589,130.8647628,45.3332215,29.50449776,2.030468852,164.8838331
16,2,28,8,7,64,2,1,1.064742266,1,2,102,7.549985145,0.794682838,33.0765186,9.854571722,9.512648508,1.001265349,41.67495554
17,2,28,10,5,42,2,2,0.811232203,3,5,103,6.138130047,0.711275851,25.37639558,7.632047209,9.7442135,1.12914254,40.28474706
18,2,28,11,2,65,2,4,0.050702013,6,10,104,4.139857944,0.439418609,17.25535064,7.002387766,10.43294336,1.10738811,43.48557326
20,2,28,4,10,69,2,7,-1.977378494,10,17,105,1.104300503,0.098464808,3.933681234,1.180094955,5.5664042,0.496327695,19.8283526
21,2,28,6,9,93,2,2,0.811232203,3,5,106,2.960756206,0.282505643,11.8977212,3.87379578,4.700167702,0.448474581,18.88750069
22,2,28,9,6,96,2,6,-1.216848304,9,15,107,2.481518294,0.227178373,9.568252974,3.19626894,9.927721778,0.90886442,38.27936858
24,2,28,11,4,70,2,4,0.050702013,6,10,108,6.277728069,0.573333543,28.51129304,11.24061215,15.82063498,1.444869961,71.85191125
25,2,28,11,3,3,2,1,1.064742266,1,2,109,16.0842974,1.358977819,80.55618737,29.32964166,20.26550579,1.712252153,101.4972455
26,2,28,7,8,63,2,5,-0.96333824,8,13,110,1.786764358,0.20264445,6.74511313,1.930416594,5.673408361,0.643445069,21.41736321
27,2,28,11,1,36,2,3,0.304212076,5,8,111,7.956510888,0.737263708,37.62623186,12.87719496,15.9143432,1.474649861,75.25871273
16,2,28,8,7,64,3,4,-0.505246733,8,12,112,1.862168743,0.322348792,6.375585389,1.733929665,4.692890745,0.812357993,16.06724728
17,2,28,10,5,42,3,3,-0.045931521,6,9,113,3.192327318,0.52680633,11.44980107,3.261390746,6.385184822,1.053700153,22.90150373
18,2,28,11,2,65,3,1,0.872698903,1,2,114,10.44071758,1.140897995,47.24920764,20.79959612,13.15484396,1.437481187,59.53191905
20,2,28,4,10,69,3,6,-1.88319237,10,16,115,0.628393243,0.073031734,1.883015238,0.49252447,2.513990446,0.292175455,7.533311938
21,2,28,6,9,93,3,2,0.643041297,5,7,116,2.165201475,0.297700635,7.83665378,2.167987416,3.437233373,0.472596462,12.44060112
22,2,28,9,6,96,3,5,-1.653534764,9,14,117,2.668320738,0.358602818,9.451548008,2.752430077,8.472562773,1.138650555,30.01094758
24,2,28,11,4,70,3,1,0.872698903,1,2,118,16.14576541,1.411515153,79.17244117,30.71729432,20.34295278,1.778446879,99.75378625
25,2,28,11,3,3,3,1,0.872698903,1,2,119,12.67473387,1.320996516,59.60986247,20.31537057,15.96960602,1.664397385,75.10579933
26,2,28,7,8,63,3,3,-0.045931521,6,9,120,2.77796281,0.458660145,9.720235839,2.823084218,5.556386987,0.917396464,19.44208602
27,2,28,11,1,36,3,1,0.872698903,1,2,121,14.06340744,1.360343436,63.6785804,25.0124893,17.71927352,1.71397277,80.23220459
16,2,28,8,7,64,4,4,0.045834925,5,9,122,1.732448703,0.209586049,5.874960239,1.664705236,4.365980534,0.528182224,14.80561127
17,2,28,10,5,42,4,2,0.870863572,2,4,123,4.295151458,0.550734585,15.5555315,4.651429434,6.818505391,0.874285056,24.69423406
18,2,28,11,2,65,4,2,0.870863572,2,4,124,5.929891555,0.645966307,23.38633641,12.47923486,9.413637198,1.025464362,37.12555016
21,2,28,6,9,93,4,4,0.045834925,5,9,125,1.036210015,0.09749212,3.590918555,1.029880474,2.611374726,0.245691949,9.049549627
22,2,28,9,6,96,4,7,-2.016736693,9,16,126,1.306084264,0.120496251,4.757659361,1.352125447,6.583527686,0.607380725,23.9817468
24,2,28,11,4,70,4,5,-0.366679399,7,12,127,2.975153994,0.320629654,12.00696289,4.477228057,9.446832466,1.018076587,38.125007
25,2,28,11,3,3,4,1,1.283377896,1,2,128,10.18330662,1.127930605,45.4109691,15.29209019,12.8305175,1.421142847,57.21581952
26,2,28,7,8,63,4,6,-1.191708046,8,14,129,0.958365882,0.102819971,3.246607733,0.875100508,3.834100219,0.411348193,12.98858782
27,2,28,11,1,36,4,3,0.458349249,4,7,130,5.428754354,0.603206758,22.7675016,8.36495406,10.85841032,1.206513697,45.53878445
16,2,28,8,7,64,5,1,0.912870929,1,2,131,4.081801596,0.636121074,14.89905576,4.058190452,5.142890101,0.801484515,18.77215357
17,2,28,10,5,42,5,1,0.912870929,1,2,132,5.073533789,0.753017448,17.54081317,5.636582471,6.392428951,0.948768794,22.10065147
18,2,28,11,2,65,5,2,0.365148372,4,6,133,4.309215615,0.613873528,15.95534755,7.53653704,6.840832085,0.97451743,25.3289376
21,2,28,6,9,93,5,1,0.912870929,1,2,134,0.768106008,0.096290922,2.172252223,0.555266331,0.967779715,0.121322317,2.736942057
22,2,28,9,6,96,5,5,-2.373464416,9,14,135,1.983205311,0.272254607,6.911212779,1.928617885,6.29715583,0.864474129,21.94476971
24,2,28,11,4,70,5,2,0.365148372,4,6,136,6.55158152,0.749436654,28.3747713,10.38712364,10.40056314,1.189722391,45.04463532
25,2,28,11,3,3,5,3,-0.182574186,6,9,137,3.596031394,0.550515849,14.02724848,4.233844306,7.192660021,1.101123129,28.05682662
26,2,28,7,8,63,5,3,-0.182574186,6,9,138,2.047033772,0.351535158,6.420571391,1.728468383,4.094407518,0.703128699,12.84220912
27,2,28,11,1,36,5,4,-0.730296743,8,12,139,2.864953501,0.431403569,10.80936478,4.017748199,7.220029776,1.087189237,27.24090828
16,2,28,8,7,64,6,5,-0.645497224,7,12,140,1.059387701,0.139286027,3.423272582,0.948226679,3.363811805,0.442266776,10.86971721
17,2,28,10,5,42,6,1,0.903696114,1,2,141,4.252303485,0.566943061,15.46880608,4.736412008,5.357714966,0.714323268,19.49001386
18,2,28,11,2,65,6,3,0.129099445,5,8,142,2.65265384,0.390055915,10.0668672,3.785645177,5.305748236,0.780176612,20.13540632
22,2,28,9,6,96,6,6,-2.194690563,8,14,143,1.447713725,0.163780304,5.055242429,1.514297647,5.791816689,0.655230024,20.22432818
24,2,28,11,4,70,6,1,0.903696114,1,2,144,8.642237102,0.91223601,41.27626056,13.08746619,10.88883783,1.149377165,52.00626901
25,2,28,11,3,3,6,1,0.903696114,1,2,145,6.946570956,0.747302647,29.87889712,10.05952764,8.752373226,0.941568396,37.64609342
26,2,28,7,8,63,6,4,-0.387298335,6,10,146,0.55330823,0.068572895,1.666423876,0.436918026,1.394403746,0.172812,4.199589974
27,2,28,11,1,36,6,2,0.387298335,4,6,147,4.935530818,0.617511316,20.18506781,6.636213833,7.835100536,0.980292377,32.0435717
16,2,28,8,7,64,7,5,-0.386527506,5,10,148,0.491061572,0.045857998,1.67416602,0.452844362,1.559239087,0.145610219,5.315881445
17,2,28,10,5,42,7,1,1.089224295,1,2,149,3.676237723,0.411744209,14.22246114,4.680868466,4.631897496,0.518779556,17.91967416
18,2,28,11,2,65,7,4,0.597307028,4,8,150,2.040991933,0.24363708,7.767591371,3.206232576,5.14354684,0.613994946,19.57527093
22,2,28,9,6,96,7,7,-1.862230117,7,14,151,1.124526596,0.080243148,4.15126784,1.252800252,5.668357075,0.404478486,20.92513286
24,2,28,11,4,70,7,6,-0.878395582,6,12,152,1.671853944,0.161067585,6.852986561,2.066040491,6.688526474,0.644377344,27.41649904
25,2,28,11,3,3,7,3,0.59735622,3,6,153,3.284237153,0.349554284,14.39019782,4.703127679,6.569019756,0.699166623,28.78278558
27,2,28,11,1,36,7,2,0.843265662,2,4,154,4.909742626,0.521894151,21.01386677,7.653084854,7.794162066,0.828501187,33.35928086
17,2,28,10,5,42,8,3,0.268672278,3,6,155,1.933477562,0.189911753,7.344966497,2.301216859,3.867276239,0.379855047,14.69115285
18,2,28,11,2,65,8,2,0.483610101,2,4,156,3.294164232,0.319299635,13.95799941,6.971598857,5.229449252,0.506884637,22.15816955
22,2,28,9,6,96,8,6,-2.09564377,6,12,157,0.64780403,0.045353995,2.435336551,0.678276273,2.591646491,0.18144611,9.742964125
24,2,28,11,4,70,8,5,0.053734456,5,10,158,2.047380479,0.164671598,8.423996215,2.92160869,6.500927487,0.522872094,26.74822247
25,2,28,11,3,3,8,1,1.128423568,1,2,159,5.420993907,0.503966995,23.48173787,9.157876602,6.830213385,0.634976201,29.58595473
27,2,28,11,1,36,8,4,0.161203367,4,8,160,2.423124361,0.230985519,10.3762677,3.20129439,6.106566837,0.582111481,26.1494512
17,2,28,10,5,42,9,4,-1.4509525,5,9,161,0.780784047,0.04685248,3.345856719,0.990300299,1.967670353,0.118073922,8.431964122
18,2,28,11,2,65,9,2,0.72547625,2,4,162,3.063576584,0.260165215,13.96571504,6.265454807,4.863393913,0.413009399,22.17041802
24,2,28,11,4,70,9,3,-0.362738125,3,6,163,3.281286616,0.237450112,15.98362802,5.434117866,6.563118191,0.474939659,31.96991061
25,2,28,11,3,3,9,1,1.4509525,1,2,164,4.944156594,0.382057055,23.51244267,9.428586888,6.229419389,0.48137505,29.62464143
27,2,28,11,1,36,9,3,-0.362738125,3,6,165,2.986114204,0.243062618,14.25444897,4.426345483,5.972724344,0.486165605,28.51126533
18,2,28,11,2,65,10,2,0.447213595,2,4,166,2.642192864,0.129721592,12.92403778,5.611842933,4.194451923,0.205931591,20.5167669
24,2,28,11,4,70,10,4,-1.341640786,4,8,167,2.125231272,0.082104016,10.95155243,3.819805176,5.355840176,0.206912063,27.59923839
25,2,28,11,3,3,10,1,1.341640786,1,2,168,4.444764036,0.181584886,22.62502821,8.948224367,5.600206777,0.228788953,28.50653832
27,2,28,11,1,36,10,3,-0.447213595,3,6,169,2.587005365,0.113602402,13.76139264,4.439594852,5.174440382,0.227223671,27.52507079
28,3,29,4,13,8,0,4,0.221948381,6,10,170,4.846778171,0.332447964,24.19427211,7.376207654,12.21446795,0.83780913,60.97249571
29,3,29,5,12,50,0,4,0.221948381,6,10,171,6.135561274,0.469024227,29.83449633,10.32488159,15.46235744,1.181997852,75.18654377
30,3,29,8,8,20,0,7,-1.442664475,13,20,172,2.052946916,0.146027476,9.024285984,3.106581467,10.34820894,0.736074966,45.48836414
31,3,29,10,5,99,0,1,1.220716094,1,2,173,39.46967174,2.231944186,234.6799125,79.85897687,49.73004672,2.812151298,295.6863459
32,3,29,11,4,61,0,1,1.220716094,1,2,174,33.89973782,1.702499797,203.8284689,78.13980277,42.71217547,2.145074704,256.8148869
33,3,29,2,15,17,0,8,-1.775587046,14,22,175,0.928616272,0.048469777,4.035733467,1.437235922,5.897651576,0.307832058,25.6309851
34,3,29,6,11,110,0,5,-0.11097419,11,16,176,3.616992658,0.234470982,16.23218546,5.192830696,11.48482523,0.744501997,51.5411091
35,3,29,10,6,57,0,4,0.221948381,6,10,177,7.996518071,0.622740272,38.27251837,14.07604395,20.15219394,1.5693809,96.45138119
36,3,29,11,2,86,0,2,0.887793523,3,5,178,31.02274596,1.155596116,174.0679413,90.56911925,49.24826579,1.834496041,276.3309299
37,3,29,9,7,0,0,4,0.221948381,6,10,179,7.160305784,0.560166414,35.48982277,11.08935242,18.0448377,1.411687202,89.43865128
38,3,29,11,3,85,0,6,-0.443896762,12,18,180,5.894749134,0.290409473,33.04568222,22.45173396,23.58291272,1.161830826,132.2046828
39,3,29,11,1,62,0,2,0.887793523,3,5,181,25.61067431,1.354625203,143.824715,63.52667345,40.65666195,2.150452513,228.3201429
40,3,29,3,14,14,0,9,-2.108509618,15,24,182,0.70626148,0.038531342,3.046508695,1.041469222,5.651499514,0.308327533,24.37814167
41,3,29,7,10,84,0,3,0.554870952,5,8,183,8.665799057,0.658385993,43.98079347,14.65902458,17.33303734,1.316881331,87.96889133
42,3,29,7,9,46,0,4,0.221948381,6,10,184,6.503718174,0.492737956,33.26414253,10.09864794,16.39015741,1.241759322,83.82966753
28,3,29,4,13,8,1,5,-0.096523418,6,11,185,3.112693843,0.278513802,13.59964874,4.340885198,9.883554701,0.884348585,43.18216923
29,3,29,5,12,50,1,3,0.86871076,4,7,186,7.104721937,0.67113733,33.75977222,10.90433421,14.21062383,1.342386123,67.52515129
30,3,29,8,8,20,1,5,-0.096523418,6,11,187,4.326698393,0.47871166,20.40892507,5.94268375,13.73831235,1.520025134,64.80326608
31,3,29,10,5,99,1,7,-1.544374685,14,21,188,2.484617625,0.278230995,10.65073165,3.286849364,12.52411454,1.402468056,53.68672498
32,3,29,11,4,61,1,2,1.351327849,2,4,189,17.34007518,1.315103915,90.72636425,32.38285984,27.52717739,2.087712907,144.0270989
33,3,29,2,15,17,1,7,-1.544374685,14,21,190,0.504975461,0.042185243,1.717737962,0.503460199,2.545409984,0.212641501,8.658534323
34,3,29,6,11,110,1,5,-0.096523418,6,11,191,4.2368845,0.435362243,19.21997021,6.224303749,13.45313154,1.382380265,61.02804726
35,3,29,10,6,57,1,5,-0.096523418,6,11,192,4.800033584,0.504553139,21.48897105,7.31836254,15.24126589,1.602078072,68.23267291
36,3,29,11,2,86,1,2,1.351327849,2,4,193,26.632132,1.312582594,146.2427202,74.40417967,42.27821473,2.083710337,232.1586993
37,3,29,9,7,0,1,4,0.386093671,5,9,194,5.942272586,0.638749204,26.06392936,8.358251432,14.97524654,1.609725347,65.68425839
38,3,29,11,3,85,1,5,-0.096523418,6,11,195,9.104015811,0.655240712,46.78998226,27.41329735,28.90744892,2.080547508,148.569494
39,3,29,11,1,62,1,1,1.833944938,1,2,196,28.62549053,1.889656965,150.8215927,57.76702485,36.06685636,2.380884487,190.0285591
40,3,29,3,14,14,1,6,-1.061757596,12,18,197,1.542156889,0.136280629,6.153411972,1.864556612,6.169652089,0.545213053,24.61773592
41,3,29,7,10,84,1,6,-1.061757596,12,18,198,1.999970755,0.229053363,8.037386907,2.408398458,8.001211703,0.916365624,32.15488728
42,3,29,7,9,46,1,5,-0.096523418,6,11,199,3.978217609,0.444070316,18.42827361,5.403130915,12.63180169,1.410030503,58.51421937
28,3,29,4,13,8,2,8,-1.534440367,13,21,200,0.799069746,0.06421173,2.799504985,0.821184768,5.074900247,0.407809361,17.77968519
29,3,29,5,12,50,2,5,-0.021611836,9,14,201,2.328506782,0.283457665,9.411635021,2.713056943,7.393571394,0.900046545,29.88421421
30,3,29,8,8,20,2,3,0.583519576,4,7,202,6.369235763,0.737477087,26.97479058,8.058841331,12.73952934,1.475076656,53.95406117
31,3,29,10,5,99,2,7,-0.626743248,11,18,203,2.322890412,0.302543059,9.243158486,2.789355153,11.70890252,1.52501692,46.59162618
32,3,29,11,4,61,2,6,-0.324177542,10,16,204,2.719157454,0.328852055,11.54599146,3.984012743,10.87843629,1.315626694,46.19163645
34,3,29,6,11,110,2,3,0.583519576,4,7,205,6.075593163,0.698082736,26.59824701,7.703642061,12.15219537,1.396281411,53.20091148
35,3,29,10,6,57,2,1,1.188650988,1,2,206,14.80862098,1.471658378,68.95679731,21.94541616,18.65820973,1.854224691,86.88252526
36,3,29,11,2,86,2,1,1.188650988,1,2,207,27.93548749,1.448565797,153.7586331,68.86862596,35.19748294,1.825129057,193.7291007
37,3,29,9,7,0,2,4,0.28095387,7,11,208,3.968036721,0.506487778,15.85536431,4.552941178,9.999933076,1.276410537,39.95743819
38,3,29,11,3,85,2,7,-0.626743248,11,18,209,2.893340932,0.289358553,12.29817812,9.793982652,14.58435007,1.458558303,61.99094375
39,3,29,11,1,62,2,2,0.886085282,3,5,210,13.78939759,1.208980679,64.07760834,22.06889239,21.89051602,1.919243444,101.7224939
40,3,29,3,14,14,2,9,-2.442137485,14,23,211,0.331324287,0.028028335,1.117171417,0.321573607,2.651254674,0.224282541,8.939598012
41,3,29,7,10,84,2,4,0.28095387,7,11,212,3.384275892,0.411383693,13.62425163,3.902604595,8.528785091,1.036736725,34.33476404
42,3,29,7,9,46,2,3,0.583519576,4,7,213,5.722737382,0.63852065,24.39510629,7.305693593,11.4464252,1.277147347,48.79426415
28,3,29,4,13,8,3,5,-1.08012345,10,15,214,0.669563103,0.075203346,2.072442882,0.542952429,2.126024558,0.238788785,6.58050667
29,3,29,5,12,50,3,5,-1.08012345,10,15,215,1.916272016,0.268028972,7.068544368,1.86382926,6.084626452,0.85105672,22.4443355
30,3,29,8,8,20,3,4,-0.578637562,8,12,216,3.020275613,0.458073586,10.96335403,3.2388681,7.611460308,1.15440091,27.62897985
31,3,29,10,5,99,3,1,2.430277762,1,2,217,16.95703293,1.805748467,76.90849354,23.10551245,21.3651141,2.275163477,96.90131202
32,3,29,11,4,61,3,3,0.424334212,3,6,218,7.427118174,0.864206045,32.99936244,10.73274616,14.85546985,1.728555619,66.00420544
34,3,29,6,11,110,3,4,-0.578637562,8,12,219,2.898212876,0.426342999,10.38580389,2.839326599,7.303847429,1.074435988,26.17348356
35,3,29,10,6,57,3,3,0.424334212,3,6,220,6.095089205,0.816343677,24.62489273,7.589885694,12.19119069,1.632822933,49.2538752
36,3,29,11,2,86,3,3,0.424334212,3,6,221,11.12861619,0.86118933,56.08482665,23.2280299,22.25908064,1.722521686,112.1789679
37,3,29,9,7,0,3,3,0.424334212,3,6,222,5.607829482,0.771829511,21.65827347,6.627523404,11.21659032,1.543787209,43.32014397
38,3,29,11,3,85,3,5,-1.08012345,10,15,223,4.178740787,0.457432064,17.68408975,14.49710373,13.26851121,1.452457277,56.15125586
39,3,29,11,1,62,3,2,0.9258201,2,4,224,11.9734674,1.206296483,52.7168889,19.74865607,19.00774695,1.914982313,83.68747755
41,3,29,7,10,84,3,3,0.424334212,3,6,225,4.782920787,0.662704159,19.11581636,5.301136641,9.566635926,1.32551838,38.23480749
42,3,29,7,9,46,3,5,-1.08012345,10,15,226,1.97642878,0.285414797,7.006551758,1.918132551,6.275638706,0.906260911,22.247494
29,3,29,5,12,50,4,6,-1.695430299,11,17,227,0.5508082,0.065320917,1.649919986,0.422210642,2.203598729,0.261327065,6.600776073
30,3,29,8,8,20,4,6,-1.695430299,11,17,228,1.356530727,0.223441784,4.324125178,1.167223654,5.427024123,0.89391558,17.29937345
31,3,29,10,5,99,4,4,0.028736107,5,9,229,4.796131848,0.727639941,17.92937084,5.405531149,12.08683308,1.833740771,45.18418581
32,3,29,11,4,61,4,4,0.028736107,5,9,230,4.020817951,0.577549417,16.48933794,5.341933006,10.13294817,1.455494474,41.55512851
34,3,29,6,11,110,4,5,-1.005763736,10,15,231,1.714967608,0.246786493,5.757743136,1.563914656,5.445436339,0.783606717,18.28222502
35,3,29,10,6,57,4,1,1.752902512,1,2,232,9.291439616,1.113076927,39.19094959,10.91825651,11.70680438,1.402427868,49.37886909
36,3,29,11,2,86,4,3,0.718402669,3,6,233,9.1140085,0.750557279,45.48695594,19.04337499,18.22953066,1.501239212,90.98146641
37,3,29,9,7,0,4,4,0.028736107,5,9,234,3.058181817,0.485070932,10.57159979,2.955722337,7.706988531,1.222437491,26.64171173
38,3,29,11,3,85,4,4,0.028736107,5,9,235,6.02243467,0.642395883,25.14264153,13.50321652,15.1772647,1.61891542,63.36250149
39,3,29,11,1,62,4,2,1.06323595,2,4,236,9.621561274,1.088759959,40.14884085,14.49704619,15.27412201,1.728394383,63.7358404
41,3,29,7,10,84,4,3,0.718402669,3,6,237,3.823736058,0.558908972,13.79133821,3.932877629,7.648107166,1.117910768,27.5849669
42,3,29,7,9,46,4,4,0.028736107,5,9,238,2.741090035,0.441673098,9.797106001,2.700144422,6.90787884,1.113069696,24.68989357
30,3,29,8,8,20,5,4,-0.128168267,7,11,239,2.217637367,0.371408794,7.692497741,2.021645909,5.588714725,0.935995139,19.38602589
31,3,29,10,5,99,5,7,-2.242944676,11,18,240,1.421540978,0.223161939,4.762257163,1.281750684,7.165505809,1.124883625,24.00492276
32,3,29,11,4,61,5,1,0.929219937,1,2,241,9.364243475,1.03354805,40.93663127,12.48016009,11.79853404,1.302224988,51.57835107
34,3,29,6,11,110,5,6,-1.185556472,10,16,242,0.556698723,0.067702747,1.683356459,0.439726411,2.227164736,0.270855966,6.734544176
35,3,29,10,6,57,5,5,-0.833093737,9,14,243,1.745851329,0.257319267,5.730029026,1.615647421,5.543499611,0.817050817,18.19422603
36,3,29,11,2,86,5,2,0.576757203,5,7,244,8.453229628,0.650302731,45.58895503,16.2307779,13.41940846,1.032348386,72.37196143
37,3,29,9,7,0,5,1,0.929219937,1,2,245,6.98738677,0.862023959,26.61131276,7.822776701,8.803799353,1.086112193,33.52908115
38,3,29,11,3,85,5,4,-0.128168267,7,11,246,4.269019341,0.49546472,17.63198887,9.628763395,10.75844573,1.248631095,44.43474723
39,3,29,11,1,62,5,1,0.929219937,1,2,247,10.65200685,1.194899656,45.4466577,15.02818444,13.42105913,1.5055209,57.26078559
41,3,29,7,10,84,5,1,0.929219937,1,2,248,6.046540765,0.807723243,23.4536727,6.666956427,7.618374855,1.017695684,29.55059385
42,3,29,7,9,46,5,3,0.224294468,6,9,249,2.72233541,0.415958663,9.42848408,2.746704765,5.445122947,0.831986408,18.85853405
30,3,29,8,8,20,6,3,0,5,8,250,2.831257738,0.516639268,9.654997884,2.589542579,5.662985694,1.03336434,19.31159928
31,3,29,10,5,99,6,2,0.5,2,4,251,6.72090559,0.961296113,26.02917297,7.453461079,10.66936322,1.526046937,41.32102395
32,3,29,11,4,61,6,3,0,5,8,252,3.694255645,0.616138669,14.46462379,4.103432017,7.389124835,1.232379666,28.93164989
35,3,29,10,6,57,6,2,0.5,2,4,253,4.801774751,0.742111657,18.67210071,5.044054352,7.62276426,1.178094039,29.64175318
36,3,29,11,2,86,6,1,2,1,2,254,11.69693675,0.987863593,59.8441897,21.68285426,14.73762474,1.244664586,75.40104131
37,3,29,9,7,0,6,3,0,5,8,255,2.969747645,0.501819932,10.30843619,3.262767629,5.939988509,1.003723206,20.61858442
38,3,29,11,3,85,6,2,0.5,2,4,256,8.622354297,0.896201123,37.34267176,17.57350827,13.687892,1.422709362,59.28107803
39,3,29,11,1,62,6,5,-1,9,14,257,2.244713477,0.378316596,8.228717806,2.759171052,7.127507413,1.201246562,26.12816636
41,3,29,7,10,84,6,6,-2,10,16,258,0.631015624,0.069596527,2.083478049,0.553340343,2.524481713,0.278432346,8.335296359
42,3,29,7,9,46,6,4,-0.5,8,12,259,0.840795501,0.109570802,2.632357103,0.693361492,2.118906485,0.276131691,6.633858683
30,3,29,8,8,20,7,4,-0.40449442,5,9,260,0.764892829,0.084925388,2.616223521,0.706942638,1.927622559,0.214022263,6.593200104
31,3,29,10,5,99,7,5,-0.404602292,7,12,261,2.158553398,0.291877859,7.78561351,2.282468042,6.853928353,0.926782695,24.72120321
32,3,29,11,4,61,7,2,0.674121409,3,5,262,4.538464884,0.543608466,19.58311299,5.483124255,7.204762761,0.862972421,31.08797508
35,3,29,10,6,57,7,1,1.213591132,1,2,263,5.603627704,0.67444864,22.87550732,6.608377092,7.06032392,0.84977556,28.82213096
36,3,29,11,2,86,7,1,1.213591132,1,2,264,10.41897499,0.722817694,54.13242412,21.97308754,13.12744926,0.910718435,68.20446843
37,3,29,9,7,0,7,4,-0.40449442,5,9,265,2.071827135,0.274816594,7.647923016,2.084354326,5.221255284,0.692571097,19.27369218
38,3,29,11,3,85,7,6,-2.022579972,8,14,266,1.906148017,0.206451964,7.752722577,2.60448195,7.625858421,0.825945015,31.01604084
39,3,29,11,1,62,7,3,0.134867431,4,7,267,3.894553358,0.473869006,15.52340363,5.507704517,7.789753528,0.947816712,31.0493854
31,3,29,10,5,99,8,2,0.615416331,3,5,268,4.840254716,0.531517884,20.20139897,6.598600238,7.683850779,0.843778757,32.06949724
32,3,29,11,4,61,8,3,-0.677035511,5,8,269,2.857848641,0.305174138,12.26771935,3.538839687,5.716171916,0.61039896,24.53747614
35,3,29,10,6,57,8,1,1.046319775,1,2,270,5.007249854,0.518212007,21.24446841,6.523457129,6.308914115,0.652924288,26.76709382
36,3,29,11,2,86,8,2,0.615416331,3,5,271,6.139856135,0.405627638,34.07411291,11.09631593,9.746953645,0.643929385,54.09227703
37,3,29,9,7,0,8,4,-1.107852792,6,10,272,0.882095888,0.068264354,3.495651979,0.970901413,2.222988463,0.172034438,8.809466318
38,3,29,11,3,85,8,5,-1.538583909,7,12,273,2.352504561,0.214812505,10.34992785,4.324775442,7.469770139,0.682081583,32.86352054
39,3,29,11,1,62,8,1,1.046319775,1,2,274,6.893192535,0.682448074,31.1007301,13.05000428,8.685118768,0.859854494,39.18554912
31,3,29,10,5,99,9,3,-0.654653671,4,7,275,1.542435993,0.129395699,6.685232125,2.040743743,3.085128155,0.258812889,13.37157454
32,3,29,11,4,61,9,2,0,3,5,276,4.12157858,0.438583328,18.92472929,5.753249203,6.542960369,0.696246179,30.04279824
35,3,29,10,6,57,9,3,-0.654653671,4,7,277,1.354798504,0.107625792,5.695809478,1.711747626,2.709822014,0.215269459,11.39256492
36,3,29,11,2,86,9,1,1.309307341,1,2,278,8.373267001,0.581723132,46.02676901,16.88229071,10.54994736,0.732945506,57.99170026
38,3,29,11,3,85,9,4,-1.309307341,6,10,279,3.288349066,0.325937324,15.04933159,4.740294223,8.287037874,0.821401529,37.92613812
39,3,29,11,1,62,9,1,1.309307341,1,2,280,6.496608437,0.656531984,32.08522373,10.69549445,8.185440284,0.827201363,40.42596771
32,3,29,11,4,61,10,1,0.577350269,1,2,281,4.796781456,0.264740938,25.37831259,8.442854688,6.043733211,0.333561913,31.97555528
36,3,29,11,2,86,10,1,0.577350269,1,2,282,7.25917048,0.239400391,45.09246887,15.66818261,9.146234848,0.30163394,56.81452327
38,3,29,11,3,85,10,2,-1.732050808,4,6,283,4.369653581,0.181885233,25.08103661,9.49235174,6.936776686,0.288740794,39.81586796
39,3,29,11,1,62,10,1,0.577350269,1,2,284,5.724900512,0.286903347,30.39529542,11.938636,7.213122313,0.361485572,38.29673252
43,4,30,2,15,74,0,9,-3.064338984,15,24,285,0.722344065,0.03435178,3.290565156,1.155282765,5.78019225,0.274882709,26.3310798
44,4,30,4,13,12,0,6,-0.107520666,9,15,286,4.558475425,0.30467271,22.40205949,8.440585324,18.23693013,1.21889325,89.62312081
45,4,30,9,6,81,0,4,0.430082664,5,9,287,9.209692949,0.688281955,47.66338421,14.96448547,23.20954155,1.73455388,120.1175004
46,4,30,4,12,77,0,6,-0.107520666,9,15,288,5.470995276,0.374795726,28.72074866,8.584950313,21.88761577,1.499431902,114.9020753
47,4,30,7,9,82,0,6,-0.107520666,9,15,289,4.983996603,0.387621747,25.07409009,8.137623851,19.93929754,1.550744505,100.3130184
48,4,30,9,5,102,0,2,0.967685995,2,4,290,32.42353493,1.832030157,191.6536483,60.74046747,51.47200276,2.908327593,304.2480451
49,4,30,10,1,41,0,8,-0.913925662,14,22,291,4.022161295,0.263062975,21.51832884,7.25193188,25.5447881,1.67071568,136.6631296
50,4,30,10,3,22,0,6,-0.107520666,9,15,292,18.08219671,0.931574251,101.5450984,36.30107671,72.34079978,3.726915899,406.2478555
51,4,30,5,11,80,0,3,0.69888433,4,7,293,9.864206071,0.67972577,55.78592306,18.01420857,19.7300504,1.35956443,111.5811111
52,4,30,8,7,52,0,7,-0.645123997,13,20,294,3.154674509,0.230825804,14.96952331,4.660486481,15.90164397,1.163514571,75.45628856
53,4,30,8,8,87,0,5,0.161280999,7,12,295,6.837512223,0.450502429,35.54231037,12.34057354,21.71075265,1.430454015,112.8554193
54,4,30,10,2,53,0,1,1.23648766,1,2,296,54.21752099,1.950905599,353.6963127,158.0975398,68.31168674,2.458055066,445.6417644
55,4,30,3,14,21,0,5,0.161280999,7,12,297,5.065949069,0.30415958,27.77477999,9.091527752,16.08561178,0.965780126,88.1916344
56,4,30,6,10,68,0,4,0.430082664,5,9,298,9.008749353,0.642452866,48.44907215,16.04010518,22.70313935,1.619059025,122.0975291
57,4,30,10,4,5,0,2,0.967685995,2,4,299,32.74112514,1.600350469,202.4888322,71.48610257,51.97617371,2.540538653,321.4487795
43,4,30,2,15,74,1,11,-2.659289981,15,26,300,0.281799021,0.014458453,1.08485287,0.373304059,3.579714241,0.18366682,13.78096794
44,4,30,4,13,12,1,9,-0.664822495,13,22,301,1.32569097,0.130905133,5.556655204,1.87567835,10.60817004,1.04750198,44.46431681
45,4,30,9,6,81,1,5,0.332411248,5,10,302,5.6062778,0.526515645,26.19145321,8.220781128,17.801286,1.671814334,83.16418949
46,4,30,4,12,77,1,10,-0.914130931,14,24,303,1.184879743,0.108788143,5.006848473,1.572128158,11.94614556,1.096819317,50.47984067
47,4,30,7,9,82,1,6,0.083102812,8,14,304,4.186645808,0.410766535,19.51062328,6.692249694,16.74936464,1.643339032,78.05545504
48,4,30,9,5,102,1,4,0.581719683,4,8,305,12.47005624,1.000722355,68.09885613,20.45698191,31.42605188,2.521941523,171.6173644
49,4,30,10,1,41,1,7,-0.166205624,9,16,306,5.811076666,0.496231725,29.71180884,10.00185744,29.29166606,2.501335779,149.7671486
50,4,30,10,3,22,1,8,-0.41551406,10,18,307,8.001351184,0.515608515,39.5900937,16.5144421,50.81666435,3.274635029,251.4370957
51,4,30,5,11,80,1,3,1.080336555,3,6,308,8.071849466,0.629608189,40.81884655,12.52317968,16.14503951,1.259320944,81.64447233
52,4,30,8,7,52,1,5,0.332411248,5,10,309,7.436305074,0.682199466,36.73341777,11.15098852,23.61206456,2.166148065,116.637473
53,4,30,8,8,87,1,5,0.332411248,5,10,310,6.25592059,0.508244296,30.43298418,11.3129737,19.86405875,1.613798386,96.63207468
54,4,30,10,2,53,1,2,1.329644991,2,4,311,28.22928742,1.406883011,166.4626231,81.37929718,44.81368127,2.233411206,264.2575714
55,4,30,3,14,21,1,8,-0.41551406,10,18,312,1.603782345,0.112047863,7.274397842,2.556984052,10.1856383,0.711617143,46.19977613
56,4,30,6,10,68,1,8,-0.41551406,10,18,313,1.810209989,0.180202778,8.179915587,2.547522895,11.49666241,1.144469711,51.95072872
57,4,30,10,4,5,1,1,1.578953426,1,2,314,33.31435966,1.946106857,195.1846481,63.26657159,41.9746248,2.452008863,245.9240536
44,4,30,4,13,12,2,6,-1.199250702,12,18,315,2.529948151,0.322483291,9.782286351,3.028525299,10.12147338,1.290147405,39.13564428
45,4,30,9,6,81,2,2,0.899438027,4,6,316,9.793442556,1.096365751,45.88716927,13.00260643,15.54698164,1.740468493,72.84537324
46,4,30,4,12,77,2,5,-0.67457852,10,15,317,4.035784308,0.523335005,16.31077689,4.803732675,12.81458987,1.661715032,51.79065586
47,4,30,7,9,82,2,3,0.374765844,5,8,318,8.504141142,0.98479586,37.97318487,11.4110563,17.00969466,1.969755276,75.95267636
48,4,30,9,5,102,2,4,-0.149906338,7,11,319,7.599115083,0.884125934,34.32736318,10.12047769,19.15069028,2.228104423,86.50911233
49,4,30,10,1,41,2,6,-1.199250702,12,18,320,4.937930134,0.558876082,22.82805283,8.299355326,19.75500106,2.235875619,91.32737719
50,4,30,10,3,22,2,7,-1.723922885,14,21,321,6.085517324,0.543456684,29.00763714,10.03339564,30.67502831,2.739380778,146.2176579
51,4,30,5,11,80,2,3,0.374765844,5,8,322,5.52925857,0.649002496,24.44874771,7.501042173,11.05943545,1.298112778,48.9015559
52,4,30,8,7,52,2,5,-0.67457852,10,15,323,4.189262045,0.563653284,17.23781666,5.066005932,13.30191875,1.789735304,54.73423103
53,4,30,8,8,87,2,1,1.424110209,1,2,324,17.18565664,1.462764184,79.92356421,29.07906498,21.65316989,1.843018398,100.7001682
54,4,30,10,2,53,2,1,1.424110209,1,2,325,30.82919517,1.820549198,162.2584499,95.49709048,38.84342708,2.293811746,204.4384951
55,4,30,3,14,21,2,4,-0.149906338,7,11,326,1.061090422,0.11225458,3.710153753,1.028789111,2.674076364,0.282895136,9.350036767
56,4,30,6,10,68,2,4,-0.149906338,7,11,327,4.618534912,0.632195517,18.76156493,5.744934875,11.63926729,1.593209264,47.28141569
57,4,30,10,4,5,2,1,1.424110209,1,2,328,25.66191264,2.048422721,142.9874301,42.00564581,32.33287884,2.580922342,180.1578595
44,4,30,4,13,12,3,10,-2.075715563,13,23,329,0.520682795,0.047177598,1.815112958,0.522034663,5.24960655,0.475652024,18.30025682
45,4,30,9,6,81,3,1,1.510805631,1,2,330,12.77055817,1.412000228,58.86456695,17.63577457,16.09034041,1.779058051,74.16675983
46,4,30,4,12,77,3,9,-1.221781945,12,21,331,0.658488455,0.068325234,2.11302305,0.584645816,5.269220096,0.546738056,16.90839594
47,4,30,7,9,82,3,5,0.144511843,7,12,332,3.617088706,0.565313866,13.74946562,3.979217973,11.48513021,1.795008055,43.65787401
48,4,30,9,5,102,3,3,0.656872014,4,7,333,9.654362246,1.131794814,42.33524174,12.97553811,19.3103279,2.263777597,84.67751456
49,4,30,10,1,41,3,6,-0.197061604,9,15,334,4.609935612,0.591258955,20.02943555,6.466046674,18.44280507,2.365428624,80.13104879
50,4,30,10,3,22,3,8,-1.050995222,11,19,335,4.682570518,0.507019467,19.92499733,8.008254913,29.73905392,3.220085895,126.5438647
51,4,30,5,11,80,3,4,0.315298567,6,10,336,3.188715491,0.444143521,12.99589261,3.594966183,8.035949199,1.119295461,32.7512232
52,4,30,8,7,52,3,5,0.144511843,7,12,337,3.975299025,0.643108063,14.93983083,4.344502799,12.62253449,2.042023419,47.43757101
53,4,30,8,8,87,3,2,0.998445461,2,4,338,9.827528458,1.066448856,42.14330588,14.75636265,15.60109263,1.692975752,66.90203155
54,4,30,10,2,53,3,2,0.998445461,2,4,339,16.87413232,1.373809905,83.54578285,41.68769004,26.78749827,2.180908016,132.6280054
56,4,30,6,10,68,3,7,-0.880208498,10,17,340,1.655433489,0.27210533,5.597689138,1.536886468,8.34447861,1.371590657,28.21605192
57,4,30,10,4,5,3,3,0.656872014,4,7,341,9.178530553,1.070515478,42.10594553,12.73241138,18.35858549,2.141208747,84.21888407
45,4,30,9,6,81,4,3,0.310630372,3,6,342,5.468321273,0.861056653,21.33951046,5.795947486,10.93755073,1.722256311,42.68256501
47,4,30,7,9,82,4,5,-0.931891116,9,14,343,2.802634588,0.478251753,9.457091494,2.711139632,8.899041685,1.518564821,30.02854949
48,4,30,9,5,102,4,3,0.310630372,3,6,344,8.401079081,1.094882799,35.62611149,10.06253743,16.80355342,2.189947436,71.2581398
49,4,30,10,1,41,4,6,-2.174412605,11,17,345,3.441600258,0.517243948,12.9470939,4.155700568,13.76868747,2.069319423,51.79697703
50,4,30,10,3,22,4,5,-0.931891116,9,14,346,8.879008003,0.843239243,39.24505119,14.07281341,28.19299479,2.677488247,124.6125157
51,4,30,5,11,80,4,3,0.310630372,3,6,347,1.139185795,0.159235685,3.447835041,0.864432152,2.278560787,0.318497816,6.896242702
52,4,30,8,7,52,4,4,-0.310630372,8,12,348,4.083505436,0.649231555,15.94248248,4.238137969,10.29092822,1.636142143,40.17698653
53,4,30,8,8,87,4,3,0.310630372,3,6,349,5.868303032,0.813234059,22.26701578,7.882971421,11.73758068,1.62660318,44.53772968
54,4,30,10,2,53,4,1,1.55315186,1,2,350,18.82650582,1.561611036,90.55066012,57.28852781,23.72056754,1.967561076,114.0898406
56,4,30,6,10,68,4,3,0.310630372,3,6,351,5.116712151,0.81621239,19.03039637,5.912667666,10.23427409,1.632560337,38.06395334
57,4,30,10,4,5,4,2,1.242521488,2,4,352,11.20261795,1.302824541,50.19818563,15.62421884,17.78403199,2.068219537,79.68906399
45,4,30,9,6,81,5,4,-0.960768923,8,12,353,2.600611539,0.40752276,9.038265661,2.434385534,6.553856019,1.027006706,22.77752402
47,4,30,7,9,82,5,4,-0.960768923,8,12,354,2.997112044,0.458308992,10.23376648,2.852236796,7.553085309,1.154994161,25.79033086
48,4,30,9,5,102,5,3,-0.160128154,5,8,355,5.957304505,0.809666259,22.40698208,6.764345071,11.91559841,1.619466988,44.81768553
49,4,30,10,1,41,5,1,1.441153384,1,2,356,18.97112035,1.817378531,87.27352894,27.96812924,23.90277547,2.289816845,109.9607998
50,4,30,10,3,22,5,3,-0.160128154,5,8,357,15.9778294,1.276950797,69.97304885,34.49488727,31.95831241,2.554113671,139.9577189
52,4,30,8,7,52,5,2,0.640512615,3,5,358,7.642446966,1.001519826,29.89720812,9.015324847,12.13229996,1.589901637,47.46148692
53,4,30,8,8,87,5,3,-0.160128154,5,8,359,4.178259174,0.588491678,15.50467101,4.609846471,8.357212278,1.177081093,31.01191706
54,4,30,10,2,53,5,1,1.441153384,1,2,360,15.36735127,1.297942206,71.32527889,43.1772669,19.36218527,1.635349971,89.86670765
56,4,30,6,10,68,5,5,-1.761409692,10,15,361,0.92113212,0.109590869,2.790791719,0.734606196,2.924816946,0.347977475,8.861437715
57,4,30,10,4,5,5,2,0.640512615,3,5,362,8.418672228,0.968188535,35.1467424,10.98281078,13.36454897,1.536988581,55.79506449
45,4,30,9,6,81,6,3,0.559016994,3,6,363,3.827892516,0.518354911,14.70379093,3.901555492,7.656420772,1.036795911,29.41002389
47,4,30,7,9,82,6,6,-1.453444185,9,15,364,0.853408726,0.087133702,2.764175532,0.725315893,3.414201868,0.348592694,11.05853851
48,4,30,9,5,102,6,5,-0.782623792,6,11,365,3.072919272,0.413799537,11.05030891,3.307467701,9.757260833,1.313913468,35.08739957
49,4,30,10,1,41,6,5,-0.782623792,6,11,366,4.110457074,0.525477262,16.66660891,5.084773978,13.05169393,1.668517216,52.92050848
50,4,30,10,3,22,6,4,-0.111803399,5,9,367,10.49893726,0.91946564,46.06009631,20.63151486,26.45859333,2.317164763,116.0770207
52,4,30,8,7,52,6,3,0.559016994,3,6,368,5.120495399,0.650771221,20.10742165,6.074948964,10.24184122,1.301650524,40.21818276
53,4,30,8,8,87,6,1,1.900657781,1,2,369,7.607995283,0.84484209,31.39594048,9.813665752,9.585738725,1.064463796,39.55750119
54,4,30,10,2,53,6,2,0.894427191,2,4,370,9.275196742,0.817199839,40.9075433,22.33897243,14.72427215,1.297295699,64.94027213
57,4,30,10,4,5,6,5,-0.782623792,6,11,371,2.915328372,0.420589382,10.85418434,3.296500625,9.256871666,1.335472864,34.46465669
45,4,30,9,6,81,7,1,0.970725343,1,2,372,6.294010804,0.85732224,24.66165683,7.134305221,7.930176197,1.080188235,31.07260061
48,4,30,9,5,102,7,1,0.970725343,1,2,373,9.646652243,1.1022843,40.48662362,13.00382776,12.15435664,1.388829633,51.01136127
49,4,30,10,1,41,7,5,-0.970725343,7,12,374,3.743019162,0.556346996,14.38142667,4.266762553,11.88498982,1.766536076,45.66450296
50,4,30,10,3,22,7,3,-0.138675049,5,8,375,11.83826444,1.019063317,56.69516914,23.49782355,23.67849499,2.038295882,113.3997543
52,4,30,8,7,52,7,6,-1.802775638,8,14,376,1.14008269,0.11458608,4.35265359,1.140052242,4.561088177,0.458420445,17.41350605
53,4,30,8,8,87,7,4,-0.693375245,6,10,377,1.368249626,0.144743447,5.072678756,1.340632723,3.448154757,0.364771016,12.78376478
54,4,30,10,2,53,7,2,0.693375245,4,6,378,6.948955371,0.749992232,29.49248065,15.40958841,11.03138972,1.190604366,46.81898654
57,4,30,10,4,5,7,1,0.970725343,1,2,379,9.556381041,0.997880639,42.00014288,15.17620112,12.0406189,1.257285622,52.91832882
45,4,30,9,6,81,8,4,-1.010152545,5,9,380,1.532445598,0.127551634,6.034895282,1.714928481,3.861948491,0.321445564,15.20866695
48,4,30,9,5,102,8,3,-0.101015254,3,6,381,2.165759576,0.199040057,8.333063929,2.376082525,4.331878843,0.398113171,16.66751182
49,4,30,10,1,41,8,3,-0.101015254,3,6,382,6.809135743,0.821769833,29.29577628,9.460429842,13.61940235,1.643676146,58.59641804
50,4,30,10,3,22,8,5,-1.313198308,6,11,383,6.628868011,0.633867938,28.5818486,12.86087296,21.04825688,2.01268379,90.75427215
54,4,30,10,2,53,8,1,1.414213562,1,2,384,10.24857187,0.893125581,45.27662766,27.45390535,12.91274884,1.125298867,57.04655523
57,4,30,10,4,5,8,2,1.111167799,2,4,385,6.525373443,0.775769383,27.90079234,9.517689889,10.3589581,1.231525308,44.29219897
49,4,30,10,1,41,9,1,0.904534034,1,2,386,10.80284197,0.585559894,54.64000858,20.26819198,13.61110473,0.737779657,68.84400249
50,4,30,10,3,22,9,3,-1.507556723,4,7,387,9.700250543,0.428045486,48.89463538,20.25210332,19.40211211,0.856162063,97.79739124
54,4,30,10,2,53,9,1,0.904534034,1,2,388,8.593193791,0.40372316,42.61478798,26.95788741,10.82704542,0.508673387,53.69275456
57,4,30,10,4,5,9,2,-0.301511345,3,5,389,4.992746887,0.313223195,23.49935165,9.977460591,7.925930413,0.497238355,37.3049606
58,5,31,1,16,44,0,10,-1.352833107,15,25,390,0.443858984,0.031283839,1.939657871,0.589241001,4.475056702,0.315408628,19.55593839
59,5,31,3,14,19,0,8,-0.662024712,10,18,391,1.921052912,0.139940674,8.881120354,2.87764202,12.20062696,0.888764671,56.40408747
60,5,31,5,12,97,0,3,0.949861543,3,6,392,11.06932191,0.624614232,62.67532785,21.97909352,22.14048223,1.249332201,125.3610649
61,5,31,5,11,60,0,7,-0.201485782,9,16,393,5.103332892,0.42035777,26.36721797,8.507197891,25.7241698,2.118880912,132.9082007
62,5,31,9,6,107,0,8,-0.662024712,10,18,394,3.962868734,0.359647295,18.7602563,6.229810087,25.16822042,2.284123702,119.1465823
63,5,31,9,5,24,0,4,0.719592078,6,10,395,16.14462976,1.062512901,86.62455377,28.24846051,40.68642214,2.677661182,218.3043659
64,5,31,10,3,112,0,2,1.180131008,2,4,396,46.66898695,2.168821626,282.973134,107.254196,74.08650016,3.442980323,449.2167176
65,5,31,4,13,94,0,9,-0.892294177,12,21,397,1.173086673,0.060994933,5.497323742,1.87095139,9.38703151,0.488081035,43.98954686
66,5,31,6,10,51,0,9,-0.892294177,12,21,398,2.310906287,0.223660145,10.31200461,3.715015313,18.49185625,1.789726942,82.51659011
67,5,31,7,9,59,0,5,0.489322613,7,12,399,9.312220796,0.727561277,47.0966879,16.79671397,29.56855004,2.310182768,149.5433585
68,5,31,8,8,38,0,6,0.028783683,8,14,400,4.409146177,0.378255385,22.25151212,7.363314285,17.63951393,1.513272835,89.02083132
69,5,31,10,1,18,0,1,1.870939403,1,2,401,58.86986538,2.24460653,361.6074857,159.4357573,74.17343562,2.828105293,455.6094937
70,5,31,2,15,104,0,9,-0.892294177,12,21,402,1.560013072,0.110720388,7.735915038,2.453183673,12.48321389,0.885983786,61.90273905
71,5,31,8,7,111,0,11,-1.583102572,16,27,403,1.633711872,0.165599312,7.652289756,2.311358539,20.7531653,2.103620566,97.2076147
72,5,31,10,4,98,0,3,0.949861543,3,6,404,26.71517922,1.558861751,148.0884033,53.54407895,53.43479533,3.117982399,296.2014013
73,5,31,10,2,33,0,3,0.949861543,3,6,405,31.67007786,1.555297249,181.2857844,77.20829179,63.34541551,3.110852803,362.6016769
59,5,31,3,14,19,1,10,-2.019956806,15,25,406,0.800048689,0.048466674,3.297274025,1.027319441,8.06621782,0.488648701,33.24363986
60,5,31,5,12,97,1,4,0.166594376,6,10,407,5.043755316,0.400108346,25.22145653,7.762105593,12.71087421,1.008321486,63.56112484
61,5,31,5,11,60,1,8,-1.082863442,13,21,408,2.328670963,0.239674681,10.78857044,3.281642317,14.78941343,1.522176386,68.51832277
62,5,31,9,6,107,1,2,0.791323285,4,6,409,21.33507773,1.677283143,111.5867569,32.33326427,33.86919971,2.662668421,177.1427413
63,5,31,9,5,24,1,3,0.47895883,5,8,410,16.95448919,1.35014889,86.45780338,28.11050864,33.91179419,2.700522014,172.9299658
64,5,31,10,3,112,1,1,1.416052194,1,2,411,47.9046358,2.491128208,276.4474055,95.59504637,60.35772966,3.138711743,348.3115462
65,5,31,4,13,94,1,6,-0.458134533,11,17,412,1.812706369,0.124413807,8.269117905,2.669635428,7.25202975,0.497737884,33.08196522
66,5,31,6,10,51,1,7,-0.770498988,12,19,413,2.809348933,0.308686817,12.58347739,3.737269788,14.1609749,1.55598552,63.42904058
67,5,31,7,9,59,1,5,-0.145770079,9,14,414,6.03992641,0.58634755,27.00333287,8.963230995,19.17822506,1.86179508,85.74210347
68,5,31,8,8,38,1,4,0.166594376,6,10,415,6.373222662,0.579031993,28.58490202,9.675265243,16.06129292,1.459230744,72.03741478
69,5,31,10,1,18,1,1,1.416052194,1,2,416,43.32812177,2.199626068,249.0807352,108.8750041,54.59152369,2.771431895,313.8307478
70,5,31,2,15,104,1,9,-1.395227897,14,23,417,0.456197854,0.040023277,1.833450561,0.529344816,3.650492095,0.32026599,14.67125881
71,5,31,8,7,111,1,5,-0.145770079,9,14,418,8.494664411,0.77121011,40.87719,11.43838927,26.97261106,2.448778355,129.7949505
72,5,31,10,4,98,1,4,0.166594376,6,10,419,12.17952187,0.961263441,59.636986,32.98319744,30.69387008,2.422500282,150.2924269
73,5,31,10,2,33,1,1,1.416052194,1,2,420,47.10791652,2.524504827,263.01906,109.0200246,59.35389847,3.180764812,331.3924227
59,5,31,3,14,19,2,10,-1.450705892,13,23,421,0.339933968,0.027403585,1.222498576,0.353525103,3.427268203,0.276287293,12.3254246
60,5,31,5,12,97,2,6,-0.238175594,9,15,422,2.004484676,0.174993831,8.340924117,2.770477885,8.019270386,0.700091582,33.36923778
61,5,31,5,11,60,2,5,0.06495698,7,12,423,5.718001037,0.60918419,25.61189734,7.900597536,18.15603426,1.934306928,81.32395962
62,5,31,9,6,107,2,7,-0.541308169,10,17,424,2.942284222,0.385600229,11.99048059,3.273485349,14.83105659,1.94367994,60.43994488
63,5,31,9,5,24,2,3,0.671222129,5,8,425,12.91995687,1.256996066,60.09369861,17.66354443,25.84205951,2.514200895,120.1973776
64,5,31,10,3,112,2,1,1.277487278,1,2,426,37.29728187,2.524740374,195.6223918,72.1917336,46.99293124,3.181061591,246.4755914
65,5,31,4,13,94,2,9,-1.147573318,12,21,427,0.738579291,0.041700164,2.963558651,0.946593031,5.910106422,0.33368443,23.71437599
66,5,31,6,10,51,2,8,-0.844440743,11,19,428,1.914288891,0.241780658,7.779455433,2.27956659,12.1576686,1.535551464,49.40740213
67,5,31,7,9,59,2,5,0.06495698,7,12,429,5.410313226,0.616743212,23.20804496,7.025750818,17.17905115,1.958308649,73.69114776
68,5,31,8,8,38,2,2,0.974354704,4,6,430,9.39013135,0.876158093,41.40224409,14.79104091,14.90672957,1.390891274,65.72560416
69,5,31,10,1,18,2,1,1.277487278,1,2,431,33.28974008,2.118980674,192.54564,71.61028753,41.94360521,2.669822253,242.5990197
71,5,31,8,7,111,2,11,-1.753838467,14,25,432,1.188063499,0.137471582,4.557657964,1.295998224,15.09206035,1.746311892,57.89627332
72,5,31,10,4,98,2,4,0.368089555,6,10,433,9.198902043,0.857039083,41.73443231,14.10711664,23.18234716,2.159842279,105.1758235
73,5,31,10,2,33,2,1,1.277487278,1,2,434,34.72303233,2.406440854,185.4190288,66.69610531,43.74949028,3.032009409,233.6198037
60,5,31,5,12,97,3,3,0.134433214,6,9,435,4.036414682,0.400079046,17.82457438,5.001711826,8.073499735,0.800224537,35.65210908
61,5,31,5,11,60,3,6,-1.030654644,11,17,436,2.71714223,0.355633697,10.79154761,2.986388796,10.87037406,1.422771055,43.17335981
62,5,31,9,6,107,3,6,-1.030654644,11,17,437,2.913876685,0.398801653,11.44955991,3.136843349,11.65744258,1.595471555,45.80584618
63,5,31,9,5,24,3,5,-0.73938268,9,14,438,4.672955563,0.586419661,18.34228054,5.296482221,14.83776248,1.862024051,58.2411706
64,5,31,10,3,112,3,1,1.299521073,1,2,439,28.90679784,2.225865933,149.9593305,53.18358782,36.42129117,2.804492968,188.9421468
65,5,31,4,13,94,3,7,-1.904470539,13,20,440,0.577351457,0.037546549,2.081366369,0.59519822,2.91023283,0.189259414,10.49146176
66,5,31,6,10,51,3,4,-0.15683875,8,12,441,4.860414765,0.625182688,19.8688931,5.807084078,12.24883382,1.575536085,50.07201678
67,5,31,7,9,59,3,2,0.716977144,4,6,442,11.39681384,1.286575246,48.82663177,14.08717307,18.09231581,2.04242396,77.51173742
68,5,31,8,8,38,3,2,0.716977144,4,6,443,7.477381858,0.814772922,30.23679395,9.933823791,11.87026092,1.293442995,48.00057567
69,5,31,10,1,18,3,1,1.299521073,1,2,444,26.52148367,1.946231518,137.2160535,64.37484792,33.41590046,2.45216593,172.8861795
71,5,31,8,7,111,3,5,-0.73938268,9,14,445,5.238239697,0.640130242,21.17211014,5.915504565,16.63267613,2.032568118,67.22656299
72,5,31,10,4,98,3,3,0.134433214,6,9,446,9.427678785,0.981110285,41.1376558,13.46363836,18.85692333,1.962383513,82.28214378
73,5,31,10,2,33,3,1,1.299521073,1,2,447,26.95833279,2.206901545,139.5101614,48.35238687,33.96631109,2.780598675,175.7766543
60,5,31,5,12,97,4,3,0.806698469,4,7,448,0.766424872,0.111651714,2.1907605,0.576215989,1.532977033,0.223321972,4.381884844
61,5,31,5,11,60,4,8,-0.729870043,10,18,449,0.672154774,0.081896327,2.062533893,0.533082929,4.26886194,0.520124425,13.09917414
62,5,31,9,6,107,4,6,-0.422556341,7,13,450,3.209507977,0.56220301,11.14072453,3.019599232,12.84016415,2.249185542,44.57029949
63,5,31,9,5,24,4,9,-1.190840597,11,20,451,1.632402138,0.317149921,5.11380416,1.375259708,13.06247071,2.537831494,40.9206258
64,5,31,10,3,112,4,2,1.114012172,2,4,452,16.13051173,1.616463615,72.89535785,28.5692203,25.60700881,2.566118094,115.7205736
66,5,31,6,10,51,4,6,-0.422556341,7,13,453,2.858815318,0.489228555,10.43098847,2.9143607,11.43716053,1.957239238,41.73088371
67,5,31,7,9,59,4,7,-0.576213192,9,16,454,2.213314589,0.418453053,7.808724814,2.215800555,11.15656797,2.109279878,39.36113267
68,5,31,8,8,38,4,4,0.499384767,5,9,455,3.592216339,0.585070797,13.10892908,4.03718899,9.0528202,1.474449261,33.03608881
69,5,31,10,1,18,4,1,1.421325874,1,2,456,20.65076862,1.719611848,101.065535,50.07681338,26.01905825,2.166635134,127.3381195
71,5,31,8,7,111,4,10,-1.959124854,12,22,457,1.458625896,0.26986954,4.356441147,1.15321157,14.70609771,2.720867516,43.92233082
72,5,31,10,4,98,4,5,0.345727915,6,11,458,4.784219546,0.67967532,18.46427732,7.873927932,15.1910525,2.158133289,58.62853981
73,5,31,10,2,33,4,2,1.114012172,2,4,459,15.47598283,1.539375093,69.89523168,26.67075321,24.56795143,2.443740919,110.9579065
62,5,31,9,6,107,5,4,-0.166205624,5,9,460,4.868015196,0.754231879,17.95165414,4.811472,12.26798782,1.900755673,45.24034242
63,5,31,9,5,24,5,4,-0.166205624,5,9,461,5.369174867,0.84153255,19.68063452,5.125483875,13.53097089,2.120763938,49.59758236
64,5,31,10,3,112,5,4,-0.166205624,5,9,462,6.653021808,0.780367431,28.87228093,9.435891112,16.76642065,1.96662043,72.76164445
66,5,31,6,10,51,5,5,-0.831028119,9,14,463,1.113125062,0.135261261,3.303062443,0.858630376,3.534440905,0.429487171,10.48802098
67,5,31,7,9,59,5,4,-0.166205624,5,9,464,4.567018595,0.714658728,17.07936813,4.623995931,11.50943994,1.80102654,43.04207603
68,5,31,8,8,38,5,3,0.498616871,3,6,465,4.414617086,0.688994855,16.60556272,4.914275059,8.829967356,1.378104139,33.21388332
69,5,31,10,1,18,5,1,1.828261862,1,2,466,17.00571153,1.427299995,79.06498416,44.30119013,21.42644698,1.798335084,99.61839516
71,5,31,8,7,111,5,6,-2.16067311,10,16,467,2.863972042,0.492210649,9.494002253,2.485568414,11.45779085,1.969169598,37.98231637
72,5,31,10,4,98,5,3,0.498616871,3,6,468,8.20764919,1.003481838,32.2948119,19.96199821,16.41666151,2.007130336,64.59498736
73,5,31,10,2,33,5,2,0.831028119,2,4,469,12.81957599,1.300108293,57.88821574,23.40924949,20.35093496,2.063907522,91.89690166
62,5,31,9,6,107,6,1,1.253256627,1,2,470,11.42144989,1.223459386,46.12848452,13.76463064,14.39052344,1.5415049,58.11985733
63,5,31,9,5,24,6,3,0.147441956,4,7,471,6.075936709,0.83889509,23.04393211,6.518634996,12.15288251,1.677929505,46.09169138
64,5,31,10,3,112,6,2,0.810930759,3,5,472,10.74409466,1.048785689,45.47409687,25.56255381,17.05613134,1.664935671,72.18962538
67,5,31,7,9,59,6,6,-0.737209781,8,14,473,0.862679659,0.102686216,2.697681411,0.691974767,3.451291761,0.410813086,10.79251785
68,5,31,8,8,38,6,5,-0.516046847,7,12,474,1.942413613,0.268450851,6.534153333,1.826412656,6.167632335,0.852396286,20.74751491
69,5,31,10,1,18,6,1,1.253256627,1,2,475,14.13999491,1.180103174,66.27847209,30.10696867,17.81577035,1.486877985,83.50795353
71,5,31,8,7,111,6,7,-2.064187386,9,16,476,2.115715817,0.322552157,6.876469498,1.885690138,10.66460567,1.625875996,34.66194989
72,5,31,10,4,98,6,3,0.147441956,4,7,477,6.165722373,0.75364842,24.86497159,8.653556301,12.33246876,1.507422007,49.73407277
73,5,31,10,2,33,6,4,-0.294883912,6,10,478,4.958677882,0.601003848,18.91552306,8.159106277,12.49646877,1.514602481,47.66940882
62,5,31,9,6,107,7,4,-0.050315461,5,9,479,4.003862358,0.629248077,14.82845401,4.127907603,10.09021802,1.585781357,37.36949987
63,5,31,9,5,24,7,4,-0.050315461,5,9,480,4.267497614,0.680598148,15.04917493,4.454219126,10.75461079,1.715189755,37.92574331
64,5,31,10,3,112,7,1,1.157255592,1,2,481,13.38459943,1.255588221,58.44544259,25.26753144,16.86400534,1.581985817,73.63868161
68,5,31,8,8,38,7,5,-0.855362829,7,12,482,1.108475765,0.106720067,3.855765666,1.042914633,3.519678265,0.338861988,12.2429872
69,5,31,10,1,18,7,1,1.157255592,1,2,483,11.95368652,1.1188057,54.42770594,23.00233324,15.06111814,1.409645869,68.57651052
71,5,31,8,7,111,7,6,-2.062933882,8,14,484,1.421547931,0.146878886,4.870594476,1.34987674,5.687136131,0.587613123,19.48561369
72,5,31,10,4,98,7,2,0.553470066,3,5,485,7.674257777,0.90356449,30.87471076,12.47353219,12.18279927,1.434398626,49.01326155
73,5,31,10,2,33,7,3,0.150946382,4,7,486,6.530950385,0.808466952,26.09029577,11.51186485,13.06298544,1.617068174,52.18492464
62,5,31,9,6,107,8,4,-1.532848349,6,10,487,2.160103623,0.183657771,8.22035402,2.506645059,5.443722723,0.462839823,20.71628763
63,5,31,9,5,24,8,3,-0.797081141,5,8,488,2.657110832,0.256421423,10.44762637,3.243287238,5.314662959,0.512885433,20.8969879
64,5,31,10,3,112,8,2,-0.061313934,3,5,489,8.884903001,0.975544907,39.12572595,16.39884392,14.10468516,1.54866674,62.11165682
69,5,31,10,1,18,8,1,1.226278679,1,2,490,10.98997493,1.065539325,51.35424952,20.18477626,13.84688401,1.342532585,64.70409089
72,5,31,10,4,98,8,2,-0.061313934,3,5,491,7.414822416,0.905749205,31.86958979,11.11701664,11.7709485,1.437866836,50.59262099
73,5,31,10,2,33,8,1,1.226278679,1,2,492,12.07014381,1.212035589,50.9193138,26.3593894,15.20784919,1.52711142,64.15609106
64,5,31,10,3,112,9,2,-1,3,5,493,7.353885646,0.41006623,34.99950691,25.8804605,11.67421205,0.650975601,55.56132978
69,5,31,10,1,18,9,1,1,1,2,494,9.333939875,0.490573516,45.96714394,22.10695275,11.76035284,0.618101007,57.91657531
72,5,31,10,4,98,9,2,-1,3,5,495,5.83769666,0.372950848,27.34049576,11.04777581,9.267278824,0.592055343,43.40273435
73,5,31,10,2,33,9,1,1,1,2,496,10.46289233,0.606843878,48.56735731,29.83704307,13.18278317,0.764596539,61.19272955
74,6,32,2,13,43,0,7,-0.444400903,9,16,497,4.066748579,0.261394458,19.56896876,7.804372454,20.49909994,1.317600785,98.64053274
75,6,32,5,10,83,0,5,0.148133634,7,12,498,6.18406113,0.51639999,32.13411014,10.31898555,19.63588761,1.639694685,102.0335604
76,6,32,8,7,11,0,6,-0.148133634,8,14,499,5.657766135,0.440660235,29.84549827,14.84827127,22.63482329,1.762933694,119.401821
77,6,32,11,5,4,0,8,-1.036935441,11,19,500,4.88170247,0.377265383,26.50416322,8.99364786,31.00374301,2.39601636,168.3282155
78,6,32,11,1,114,0,4,0.444400903,5,9,501,39.37087345,1.39693631,177.5513562,228.9869348,99.219369,3.520448674,447.4509195
79,6,32,4,11,1,0,4,0.444400903,5,9,502,11.62170207,0.744732447,66.53815369,20.84483662,29.28809663,1.876815956,167.6842052
80,6,32,1,14,78,0,9,-1.33320271,12,21,503,0.679197991,0.045358511,2.806951377,0.881150295,5.434937664,0.362958493,22.46120565
81,6,32,3,12,109,0,9,-1.33320271,12,21,504,1.203396178,0.062873135,5.582912316,1.74987538,9.629567962,0.503110397,44.67442604
82,6,32,11,2,45,0,2,1.33320271,2,4,505,40.59817347,1.882476884,243.571042,103.5218224,64.44915095,2.988411214,386.6663328
83,6,32,7,8,72,0,3,0.740668172,4,7,506,14.05699916,0.918099744,79.25188623,27.32489407,28.11633292,1.836351967,158.5169347
84,6,32,9,6,37,0,9,-1.33320271,12,21,507,3.951784378,0.330854517,19.547511,6.930834625,31.62215147,2.647495576,156.4190489
85,6,32,6,9,79,0,7,-0.444400903,9,16,508,3.9511882,0.316652137,19.22185411,7.359545019,19.91659927,1.596135997,96.89084551
86,6,32,11,4,16,0,1,1.629469979,1,2,509,82.94367119,3.001943866,588.9079669,234.1471488,104.5053699,3.782316957,741.9980815
87,6,32,11,3,9,0,2,1.33320271,2,4,510,45.4848489,1.927659445,271.5610985,126.2899833,72.20669411,3.06013803,431.1002377
74,6,32,2,13,43,1,6,-0.656217959,9,15,511,0.961779405,0.102185228,3.653273189,1.105851768,3.847756579,0.408808797,14.61551982
75,6,32,5,10,83,1,5,-0.087495728,7,12,512,4.737536828,0.512236657,22.62646587,6.574672375,15.0428236,1.626475097,71.8444937
76,6,32,8,7,11,1,7,-0.940579074,10,17,513,3.052008005,0.362636048,13.00550185,4.248122309,15.38413696,1.827925295,65.55632271
77,6,32,11,5,4,1,4,0.196865388,6,10,514,14.92601415,1.066386225,85.64148459,29.29767361,37.61536322,2.687422428,215.8269125
78,6,32,11,1,114,1,1,1.618670965,1,2,515,77.95188222,3.23218628,401.6529021,300.7910595,98.21593577,4.072412251,506.0649533
79,6,32,4,11,1,1,7,-0.940579074,10,17,516,3.060207243,0.302132132,13.37257509,4.15146186,15.42546653,1.522945579,67.40661436
81,6,32,3,12,109,1,5,-0.087495728,7,12,517,2.913753868,0.265259546,13.09934762,4.146307814,9.251872237,0.842263122,41.59359234
82,6,32,11,2,45,1,1,1.618670965,1,2,518,43.72118302,2.319023861,258.7390162,102.3208043,55.08676354,2.921867852,325.9997562
83,6,32,7,8,72,1,2,0.765587619,3,5,519,15.05151831,1.135235794,80.5076525,27.7329856,23.8941187,1.802174255,127.8050071
84,6,32,9,6,37,1,7,-0.940579074,10,17,520,5.689313515,0.603192247,26.76171931,8.993094324,28.67789932,3.040487481,134.8967481
85,6,32,6,9,79,1,8,-1.793662421,13,21,521,2.09174147,0.212745704,8.300133667,4.038466868,13.28467177,1.351150174,52.71423499
86,6,32,11,4,16,1,2,0.765587619,3,5,522,37.64610975,2.083513195,229.1094675,95.20304708,59.76278247,3.307554132,363.7087433
87,6,32,11,3,9,1,3,0.481226503,5,8,523,19.66704313,1.203900052,104.1193361,52.73728399,39.33735258,2.408000048,208.2559644
75,6,32,5,10,83,2,4,-0.196585351,6,10,524,4.952409471,0.52577481,21.66423642,6.649636572,12.48067162,1.325016193,54.59649936
76,6,32,8,7,11,2,5,-0.411042097,7,12,525,4.433278171,0.46690722,18.28473926,7.555805458,14.07672888,1.482543188,58.05846312
77,6,32,11,5,4,2,6,-0.625498843,8,14,526,5.821724402,0.566043586,27.64692868,9.321755183,23.29076528,2.264550394,110.606082
78,6,32,11,1,114,2,2,1.090155126,3,5,527,41.85007568,2.049125214,169.5024997,213.9017054,66.43653185,3.252963594,269.0833419
79,6,32,4,11,1,2,8,-1.054412335,11,19,528,1.752110394,0.161005638,7.050881494,2.086750914,11.12767128,1.022548476,44.78022149
81,6,32,3,12,109,2,9,-1.483325827,12,21,529,0.46144935,0.030382455,1.796438446,0.50481599,3.692514534,0.243120196,14.37508812
82,6,32,11,2,45,2,1,1.519068618,1,2,530,33.5716746,2.148850242,189.2076618,70.12213575,42.29883028,2.707456591,238.3933142
83,6,32,7,8,72,2,3,0.017871396,5,8,531,7.698435313,0.715819219,35.98657205,11.51813109,15.39814919,1.431757323,71.97912078
84,6,32,9,6,37,2,6,-0.625498843,8,14,532,6.432535422,0.701455411,27.33219407,10.01100338,25.73441515,2.806287657,109.3469345
85,6,32,6,9,79,2,7,-0.839955589,10,17,533,2.203547809,0.256852465,8.750384694,2.813658936,11.10733695,1.294706141,44.10772066
86,6,32,11,4,16,2,2,1.090155126,3,5,534,29.19950866,1.877506324,153.6141904,74.14882748,46.35389675,2.980520504,243.8608266
87,6,32,11,3,9,2,1,1.519068618,1,2,535,35.73514458,2.095820367,198.6243827,89.88180362,45.0247071,2.640641286,250.2579676
75,6,32,5,10,83,3,5,-0.293235846,6,11,536,3.334834606,0.469778291,12.64097595,3.689498045,10.58890527,1.491659532,40.13815159
76,6,32,8,7,11,3,7,-1.368433946,10,17,537,2.115899957,0.31617935,7.454320502,2.367218578,10.66553386,1.59375284,37.57470076
77,6,32,11,5,4,3,7,-1.368433946,10,17,538,3.313882545,0.47443693,13.40021144,4.394439923,16.70415767,2.39147561,67.54591981
78,6,32,11,1,114,3,1,1.857160355,1,2,539,47.64310712,2.65964035,203.1529248,211.1224651,60.02821504,3.351029613,255.963731
79,6,32,4,11,1,3,5,-0.293235846,6,11,540,0.990566253,0.128730434,3.131272974,0.911005485,3.145287086,0.408750217,9.942547931
82,6,32,11,2,45,3,3,0.781962255,3,6,541,12.95190353,1.136633498,65.00111337,23.91293354,25.90595812,2.273455769,130.0130222
83,6,32,7,8,72,3,4,0.065163521,5,9,542,4.9237471,0.629109769,19.57917364,7.146052622,12.40843897,1.585432805,49.34188867
84,6,32,9,6,37,3,5,-0.293235846,6,11,543,7.62905421,0.934013098,31.97714108,10.85655246,24.22408962,2.965717162,101.5351458
85,6,32,6,9,79,3,6,-1.010034579,9,15,544,2.587127496,0.379015533,8.985145133,3.643291774,10.35022875,1.516313933,35.94654983
86,6,32,11,4,16,3,3,0.781962255,3,6,545,17.14589952,1.451540565,82.99870721,36.7004707,34.29464665,2.903322203,166.0111989
87,6,32,11,3,9,3,2,1.140361622,2,4,546,19.47018797,1.526884319,94.48194527,56.57719812,30.90870786,2.423911954,149.9890422
75,6,32,5,10,83,4,4,-0.666666667,8,12,547,1.355270615,0.170164331,4.478578479,1.32728505,3.415446077,0.428834722,11.28656013
76,6,32,8,7,11,4,3,0,4,7,548,6.114674387,0.854211598,24.2746229,7.961227011,12.23036431,1.708565065,48.55327735
77,6,32,11,5,4,4,5,-1,9,14,549,4.697249605,0.692182432,18.25924353,6.490837006,14.91490194,2.197846392,57.97750803
78,6,32,11,1,114,4,1,1.333333333,1,2,550,35.93889412,2.312829917,156.9529395,125.7946473,45.28142254,2.914063755,197.7537858
82,6,32,11,2,45,4,2,1,3,5,551,13.50334262,1.300947001,62.76179423,24.01592776,21.43640692,2.065238963,99.63365355
83,6,32,7,8,72,4,3,0,4,7,552,5.545716765,0.739902052,21.7930449,6.627446631,11.09235457,1.479926988,43.58970921
84,6,32,9,6,37,4,6,-2,10,16,553,3.926226221,0.620286058,14.1144286,5.102558048,15.70751328,2.481556319,56.46709135
85,6,32,6,9,79,4,3,0,4,7,554,5.946510717,0.798705321,25.46138554,8.301700694,11.89400904,1.597543292,50.92699973
86,6,32,11,4,16,4,1,1.333333333,1,2,555,26.67469098,2.24138778,139.9161294,57.38045883,33.60893492,2.824049811,176.2881561
87,6,32,11,3,9,4,3,0,4,7,556,10.05436773,1.064926071,45.95071511,17.16891019,20.1104053,2.130029006,91.90906175
76,6,32,8,7,11,5,7,-0.860277179,7,14,557,1.744776782,0.234003157,6.145643697,1.763838496,8.79482784,1.179530528,30.97810496
77,6,32,11,5,4,5,8,-1.087997609,8,16,558,2.119331488,0.270808356,7.977417654,2.436865333,13.45989626,1.719906675,50.66466225
78,6,32,11,1,114,5,1,1.416927118,1,2,559,27.78406166,1.897210767,125.5779433,82.0348072,35.00669307,2.390401945,158.2226736
82,6,32,11,2,45,5,3,0.733765829,3,6,560,8.500091423,0.892017485,38.15350356,12.94830647,17.00159455,1.784183117,76.3133437
83,6,32,7,8,72,5,5,0.27832497,5,10,561,2.729512673,0.320852849,10.31281901,3.269234874,8.666861945,1.018785284,32.74569101
84,6,32,9,6,37,5,9,-1.543438468,9,18,562,1.822200061,0.247554915,6.416234279,1.977774294,14.58123238,1.980932733,51.34266268
85,6,32,6,9,79,5,6,-0.632556749,6,12,563,0.744998775,0.084056421,2.516916579,0.656819678,2.980490041,0.336281526,10.06933843
86,6,32,11,4,16,5,4,0.506045399,4,8,564,7.80190124,0.793237301,33.18604273,15.04370528,19.66173595,1.999054062,83.63284658
87,6,32,11,3,9,5,2,1.189206689,2,4,565,12.46666317,1.087099169,57.70937066,24.21844722,19.79068977,1.725757896,91.61298707
76,6,32,8,7,11,6,5,-1.496910398,7,12,566,2.527065728,0.380938979,8.782413263,2.486362069,8.024044002,1.209573261,27.88628316
77,6,32,11,5,4,6,4,-0.136082763,6,10,567,4.984562503,0.693917205,20.38918657,6.374444849,12.56170115,1.74875539,51.38321934
78,6,32,11,1,114,6,1,0.952579344,1,2,568,22.76655029,1.713090992,100.3418137,61.08866014,28.68484991,2.158419144,126.4262625
82,6,32,11,2,45,6,3,0.40824829,4,7,569,6.694754523,0.723968296,29.33496971,9.713645338,13.39062092,1.448056829,58.67481141
83,6,32,7,8,72,6,2,0.680413817,3,5,570,1.342255788,0.159934762,4.400146908,1.152223171,2.130816204,0.253894664,6.985184506
84,6,32,9,6,37,6,6,-1.769075925,8,14,571,3.243896665,0.492999652,11.49115893,3.264375441,12.97774175,1.972326132,45.97226991
86,6,32,11,4,16,6,3,0.40824829,4,7,572,8.153101573,0.904252459,35.1881668,12.59945341,16.30755722,1.808655098,70.38217768
87,6,32,11,3,9,6,1,0.952579344,1,2,573,14.29425437,1.277506306,68.14773669,27.5479304,18.01013048,1.609601638,85.86314454
76,6,32,8,7,11,7,5,-0.260377822,5,10,574,1.04602906,0.095913519,3.814823975,1.037960414,3.321394892,0.304548586,12.11298744
77,6,32,11,5,4,7,4,-0.032547228,4,8,575,4.843956826,0.512356645,20.04348522,6.33121742,12.20735781,1.291200792,50.51201007
78,6,32,11,1,114,7,2,0.878775149,2,4,576,13.46583968,1.024923925,60.13021216,33.80753681,21.37687142,1.627055386,95.45604615
82,6,32,11,2,45,7,6,-0.71603901,6,12,577,2.682309721,0.248760786,10.51743554,3.89292859,10.73102088,0.995208409,42.07672942
84,6,32,9,6,37,7,7,-1.855191981,7,14,578,2.44564547,0.282949138,9.483102061,2.578130199,12.32766913,1.426250612,47.80110034
86,6,32,11,4,16,7,3,0.650944555,3,6,579,7.488588987,0.709314731,33.26234259,11.62678187,14.97842169,1.418747265,66.53020942
87,6,32,11,3,9,7,1,1.334436338,1,2,580,12.54624322,0.969623703,60.72965826,24.78612255,15.80771347,1.221683128,76.51669267
77,6,32,11,5,4,8,5,-1.051249179,5,10,581,3.548092562,0.356803773,15.45897255,4.926908806,11.26605079,1.132938151,49.08597137
78,6,32,11,1,114,8,2,0.906249292,2,4,582,11.70798608,0.763186427,56.74292667,25.91443142,18.58629829,1.211550005,90.07876793
82,6,32,11,2,45,8,1,1.341248952,1,2,583,10.29240703,0.777107966,49.4273046,19.2762586,12.96797921,0.979121786,62.27622523
84,6,32,9,6,37,8,6,-1.486248839,6,12,584,1.413848687,0.118288651,5.405789944,1.592029402,5.656334041,0.473233188,21.62675112
86,6,32,11,4,16,8,3,0.253749802,3,6,585,6.748686008,0.596993682,31.18930135,11.48417438,13.49849284,1.194086514,62.38378264
87,6,32,11,3,9,8,4,0.036249972,4,8,586,4.342300609,0.387637009,19.60809505,6.852730261,10.9431234,0.976892207,49.41477411
77,6,32,11,5,4,9,5,-1.897366596,5,10,587,2.768572082,0.140883563,13.51918798,4.470182774,8.790885003,0.447339336,42.92668688
78,6,32,11,1,114,9,1,0.948683298,1,2,588,14.0167276,0.70041546,75.980979,30.84324373,17.66045897,0.882492608,95.73268459
82,6,32,11,2,45,9,4,0,4,8,589,3.426417479,0.166877138,16.53198823,5.444570031,8.634986995,0.420550597,41.6626124
86,6,32,11,4,16,9,2,0.632455532,2,4,590,8.194908464,0.426524845,40.71667686,16.95152647,13.00932647,0.67710347,64.63727378
87,6,32,11,3,9,9,3,0.316227766,3,6,591,4.998579702,0.272626882,26.01013939,10.78457566,9.997989573,0.545299042,52.02459857
77,6,32,11,5,4,10,3,-1.971054913,5,8,592,4.209125156,0.19496872,20.52250358,9.691465458,8.418949368,0.38996982,41.04841556
78,6,32,11,1,114,10,1,0.682288239,1,2,593,12.96447901,0.533063178,69.01875136,36.10474945,16.33467213,0.671636109,86.96058462
82,6,32,11,2,45,10,1,0.682288239,1,2,594,8.023284951,0.333216431,41.76737584,15.31563942,10.1089854,0.419838016,52.62505261
86,6,32,11,4,16,10,2,0.303239217,3,5,595,6.727807551,0.287640271,34.30400747,13.02029993,10.68032001,0.456625747,54.45723211
87,6,32,11,3,9,10,2,0.303239217,3,5,596,6.065983823,0.245820626,33.35238825,14.88143397,9.629682167,0.390237523,52.94654713
88,7,33,2,12,106,0,7,-0.887625365,11,18,597,2.523912412,0.119080194,12.83826594,3.972388269,12.72218623,0.600242862,64.71334323
89,7,33,3,10,31,0,9,-1.775250729,13,22,598,1.479976439,0.089144836,7.026332949,2.284691568,11.84276131,0.713336365,56.22466804
90,7,33,3,10,91,0,8,-1.331438047,12,20,599,1.934412368,0.118161916,9.322760424,2.714235348,12.28547301,0.750447553,59.20894813
91,7,33,9,3,15,0,1,1.775250729,1,2,600,81.6027299,3.238323466,456.9730466,235.8744024,102.8158429,4.080144834,575.7658971
92,7,33,7,6,28,0,2,1.331438047,2,4,601,36.53296261,1.971590342,216.157173,67.18009165,57.99567371,3.129877841,343.1471193
93,7,33,9,5,26,0,4,0.443812682,5,9,602,21.20029979,1.135342321,126.3638743,38.71886578,53.42732288,2.861200143,318.4522661
94,7,33,9,4,101,0,3,0.887625365,3,6,603,39.00490144,1.809904223,227.0907281,79.03517301,78.01628085,3.620109036,454.2191716
95,7,33,9,2,40,0,6,-0.443812682,8,14,604,13.77283596,0.672800549,78.74974462,37.05539464,55.10049383,2.691649173,315.051296
96,7,33,2,12,7,0,6,-0.443812682,8,14,605,2.323692334,0.065106044,13.1765581,5.17431474,9.296313083,0.26046743,52.71498628
97,7,33,4,9,13,0,6,-0.443812682,8,14,606,3.083361374,0.189099756,15.30638558,4.503956749,12.33549393,0.756524654,61.23571116
98,7,33,5,8,88,0,5,0,6,11,607,7.803387218,0.538304235,38.9725864,12.94171232,24.77763903,1.709245953,123.7473742
99,7,33,6,7,48,0,5,0,6,11,608,10.49394639,0.68211363,55.40155949,16.61674319,33.32081421,2.165875515,175.9133315
100,7,33,9,1,54,0,3,0.887625365,3,6,609,34.41803582,1.647320217,208.6459053,78.78361124,68.84178783,3.294914023,417.3264628
88,7,33,2,12,106,1,5,-0.318606445,9,14,610,1.210140965,0.108077626,4.781373069,1.325501087,3.842489828,0.343172565,15.18201425
89,7,33,3,10,31,1,7,-1.824746006,12,19,611,2.539258409,0.288768023,10.56838459,3.088505956,12.79954019,1.455581637,53.2716414
90,7,33,3,10,91,1,7,-1.824746006,12,19,612,2.470899268,0.282257117,10.06939232,2.89202631,12.45496495,1.422762371,50.75639061
91,7,33,9,3,15,1,1,1.564068005,1,2,613,60.51376861,2.959146511,348.3840166,177.270699,76.24468123,3.728394176,438.9485055
92,7,33,7,6,28,1,2,0.810998225,2,4,614,27.08529849,1.886583412,138.8966717,45.35025274,42.99761151,2.994930283,220.4969288
93,7,33,9,5,26,1,3,0.434463335,5,8,615,20.92580704,1.454800524,108.0933199,38.75014085,41.85508947,2.909842663,216.2045921
94,7,33,9,4,101,1,2,0.810998225,2,4,616,41.46412883,2.376672293,235.4479734,80.10601806,65.8238455,3.772940954,373.7710514
95,7,33,9,2,40,1,3,0.434463335,5,8,617,27.64321075,1.632576802,158.7436679,65.22385973,55.29101251,3.265424744,317.5137
96,7,33,2,12,7,1,6,-1.071676226,11,17,618,0.803478027,0.042759457,3.631164915,1.017389114,3.214445899,0.171066235,14.52707203
97,7,33,4,9,13,1,4,0.057928445,8,12,619,4.288447648,0.47099709,20.1304547,5.856338198,10.80740741,1.186969705,50.7311837
98,7,33,5,8,88,1,3,0.434463335,5,8,620,10.90561158,0.996261161,54.15694506,18.44465698,21.81303438,1.992687781,108.3228846
99,7,33,6,7,48,1,5,-0.318606445,9,14,621,6.56097604,0.655831256,29.26776401,9.455832879,20.83268348,2.082422628,92.93221924
100,7,33,9,1,54,1,2,0.810998225,2,4,622,36.40796458,2.074762373,204.9921521,77.6486825,57.79724073,3.293662298,325.4227722
89,7,33,3,10,31,2,8,-1.427795757,10,18,623,1.03199835,0.099618398,3.793058987,1.008006475,6.554232225,0.632677479,24.08975696
90,7,33,3,10,91,2,9,-1.911049706,11,20,624,0.842592395,0.069699767,3.187746475,0.857328398,6.742418567,0.557737055,25.50832542
91,7,33,9,3,15,2,2,1.350914447,2,4,625,30.98848545,2.0425465,165.1024571,64.20261464,49.1938776,3.242519958,262.098323
92,7,33,7,6,28,2,7,-0.702914834,9,16,626,3.80187195,0.536900511,14.76104926,4.177324178,19.16394671,2.706333334,74.40544164
93,7,33,9,5,26,2,5,0.263593063,6,11,627,9.034361884,0.902037286,41.65788711,13.99086855,28.68628088,2.864186234,132.2738524
94,7,33,9,4,101,2,3,0.505220037,3,6,628,22.9302627,1.724341432,122.5532983,40.38367611,45.86433369,3.448969244,245.1269503
95,7,33,9,2,40,2,6,-0.219660886,7,13,629,8.748707322,0.821266058,43.35285295,17.52601122,35.00064151,3.285609842,173.4402134
97,7,33,4,9,13,2,4,0.38440655,5,9,630,4.171911297,0.504568914,17.3917149,5.385702198,10.5137217,1.271574768,43.82922774
98,7,33,5,8,88,2,6,-0.219660886,7,13,631,3.731629843,0.507271445,15.39209323,4.293047275,14.92899849,2.029422785,61.57859869
99,7,33,6,7,48,2,3,0.505220037,3,6,632,13.3813189,1.333731094,63.84777128,19.88392637,26.76486018,2.667683695,127.7061465
100,7,33,9,1,54,2,1,1.471727934,1,2,633,40.31686264,2.492883673,225.4989264,82.25506885,50.79746991,3.140923551,284.1187081
91,7,33,9,3,15,3,3,-0.324442842,4,7,634,15.94640653,1.584538935,74.54425201,26.26019738,31.89546145,3.169341033,149.1008844
92,7,33,7,6,28,3,4,-1.784435632,9,13,635,6.630319236,0.891408782,26.14323871,8.280002951,16.70920742,2.246458082,65.88412756
93,7,33,9,5,26,3,1,1.622214211,1,2,636,30.01781109,2.304112933,152.2344763,51.89272866,37.8211189,2.903080739,191.8087302
94,7,33,9,4,101,3,2,0.162221421,3,5,637,23.49291919,1.942094762,118.2818722,39.71901487,37.29474914,3.083053936,187.7711627
95,7,33,9,2,40,3,3,-0.324442842,4,7,638,17.91180477,1.598170811,88.44215067,34.54924845,35.82658434,3.196607047,176.8989899
97,7,33,4,9,13,3,3,-0.324442842,4,7,639,2.215134974,0.270938092,7.821563746,2.102261092,4.430637839,0.541921181,15.64442651
98,7,33,5,8,88,3,3,-0.324442842,4,7,640,7.63258228,1.002578724,30.90218051,9.998502315,15.26643219,2.005323957,61.80949329
99,7,33,6,7,48,3,3,-0.324442842,4,7,641,10.07563726,1.250755334,43.96247112,14.43991746,20.1529479,2.501718395,87.93224357
100,7,33,9,1,54,3,1,1.622214211,1,2,642,30.29758258,2.357473863,158.687236,56.91297927,38.17361864,2.970313159,199.9389231
91,7,33,9,3,15,4,1,1.649915823,1,2,643,27.38005463,2.306617984,136.5365391,53.51306036,34.49766203,2.906236993,172.0300212
92,7,33,7,6,28,4,4,-1.178511302,6,10,644,6.518897671,0.954132842,24.57314555,7.197553855,16.42841158,2.40453031,61.92730266
93,7,33,9,5,26,4,3,0.23570226,4,7,645,11.51326473,1.290623884,48.32349455,17.70334819,23.0284416,2.581462116,96.65501472
94,7,33,9,4,101,4,4,-1.178511302,6,10,646,9.35827899,1.14167384,41.9418137,13.17370899,23.58399636,2.877156335,105.6984498
95,7,33,9,2,40,4,2,0.707106781,2,4,647,21.5241339,1.810069327,110.713821,38.10713982,34.1693243,2.873465019,175.7569652
98,7,33,5,8,88,4,4,-1.178511302,6,10,648,2.16581817,0.2670764,7.701794217,1.974668376,5.458124073,0.673064873,19.40945413
99,7,33,6,7,48,4,3,0.23570226,4,7,649,8.442965956,1.102725052,34.79497707,10.338677,16.88733413,2.205633246,69.59573292
100,7,33,9,1,54,4,2,0.707106781,2,4,650,17.27596937,1.726880329,81.85161855,26.92713052,27.42541012,2.741403405,129.9385383
91,7,33,9,3,15,5,1,0.946058996,1,2,651,22.35004545,2.056468966,102.1049113,38.14104104,28.16007216,2.591060256,128.6476878
92,7,33,7,6,28,5,2,0.578147164,3,5,652,10.92601661,1.444553373,43.95900134,12.78201497,17.34493041,2.293212488,69.784428
93,7,33,9,5,26,5,3,-0.525588331,5,8,653,9.381367953,1.195983808,39.53625022,12.87856525,18.76429397,2.392166247,79.07906666
94,7,33,9,4,101,5,3,-0.525588331,5,8,654,10.77126217,1.286550128,47.2713846,14.64488558,21.54431324,2.573313929,94.55062008
95,7,33,9,2,40,5,4,-1.997235659,7,11,655,8.009624961,1.045650647,33.47295549,10.60912046,20.18522489,2.635166261,84.3559015
99,7,33,6,7,48,5,2,0.578147164,3,5,656,3.073810926,0.348264846,10.91924742,2.833831453,4.879640817,0.552866587,17.3341844
100,7,33,9,1,54,5,1,0.946058996,1,2,657,19.80626075,1.94088344,93.19024946,32.67665384,24.95501556,2.445427587,117.4156068
91,7,33,9,3,15,6,1,1.788854382,1,2,658,18.94135215,1.587851072,93.4614356,36.44959659,23.86526884,2.000622365,117.7572894
92,7,33,7,6,28,6,6,-1.431083506,6,12,659,1.784267687,0.167778588,6.495819729,1.72534375,7.138256131,0.671225817,25.98759442
93,7,33,9,5,26,6,5,-0.626099034,5,10,660,4.924887531,0.581696983,19.39394469,6.892531186,15.63770733,1.847028407,61.58045825
94,7,33,9,4,101,6,3,0.178885438,3,6,661,10.0869053,1.023253197,44.92022467,14.29539186,20.17548584,2.046676338,89.84790973
95,7,33,9,2,40,6,4,-0.357770876,4,8,662,7.764538605,0.80594613,34.64986711,11.08537151,19.56757759,2.03108185,87.32186129
100,7,33,9,1,54,6,2,0.447213595,2,4,663,11.91908582,1.207380991,52.60420518,18.03486481,18.9214168,1.916703958,83.50859339
91,7,33,9,3,15,7,1,0.953462589,1,2,664,15.54330324,1.084622608,74.80055744,25.69528292,19.583877,1.36657668,94.24540544
93,7,33,9,5,26,7,3,-0.953462589,4,7,665,6.730389822,0.484260091,29.5549286,11.48738985,13.46189743,0.968600608,59.11476572
94,7,33,9,4,101,7,4,-1.430193884,5,9,666,5.775527506,0.412525431,26.70905321,8.459185136,14.55502874,1.039614044,67.31004862
95,7,33,9,2,40,7,2,0.476731295,3,5,667,11.06433682,0.811101052,50.91436108,17.62464304,17.56451221,1.287613942,80.82598459
100,7,33,9,1,54,7,1,0.953462589,1,2,668,13.8182046,0.996661823,63.62379753,22.57200479,17.41032874,1.255749968,80.16318059
91,7,33,9,3,15,8,1,1.224744871,1,2,669,13.97078521,0.785412333,75.72259586,24.56902155,17.60257359,0.989584922,95.40713322
93,7,33,9,5,26,8,4,-1.496910398,5,9,670,4.248070224,0.261329377,19.57488142,6.834470032,10.70565142,0.658581677,49.33107175
94,7,33,9,4,101,8,2,0.544331054,2,4,671,10.23254745,0.583350424,49.14013865,17.34957066,16.2440558,0.92606234,78.00942612
95,7,33,9,2,40,8,3,-0.816496581,4,7,672,7.17431427,0.42965131,34.55167538,11.43808454,14.34982006,0.859373977,69.10908913
100,7,33,9,1,54,8,2,0.544331054,2,4,673,8.770993423,0.504694649,42.31708343,15.26141033,13.92385496,0.801197168,67.17790149
101,8,34,2,13,23,0,6,-1.34687429,13,19,674,3.657043882,0.175672907,18.29795927,6.556590699,14.63060509,0.702808337,73.20399335
102,8,34,8,8,25,0,4,0.141776241,6,10,675,14.40130514,0.822806203,72.70704912,38.39280359,36.29303299,2.073571276,183.2305688
103,8,34,11,5,30,0,4,0.141776241,6,10,676,19.04581874,0.979520531,102.8048904,45.10815615,47.99776973,2.46851036,259.0807738
104,8,34,2,13,10,0,5,-0.850657446,9,14,677,6.160945875,0.312389682,31.21170725,11.5662656,19.56249109,0.991912686,99.1047085
105,8,34,11,3,58,0,5,-0.850657446,9,14,678,17.26444376,0.90370219,97.3100858,52.25770618,54.81877849,2.869472707,308.9830239
106,8,34,9,7,6,0,6,-1.34687429,13,19,679,8.127294428,0.41006963,42.74784366,16.13560992,32.51457709,1.640550949,171.0197743
107,8,34,11,1,92,0,1,1.630426772,1,2,680,112.8642637,2.966214554,690.8870852,370.9516988,142.2039977,3.737299598,870.4872757
108,8,34,4,11,39,0,2,1.134209928,3,5,681,11.32751124,0.501029503,63.32904077,30.36107252,17.9822987,0.795378789,100.5341512
109,8,34,3,12,71,0,3,0.637993085,4,7,682,21.38975595,0.971725815,124.5302035,44.85593803,42.78306434,1.943613016,249.0810892
110,8,34,6,10,95,0,5,-0.850657446,9,14,683,9.051207158,0.606953363,45.58524971,16.87280939,28.7397687,1.927223514,144.7441772
111,8,34,11,2,2,0,3,0.637993085,4,7,684,50.52775499,1.635900963,305.0413658,163.150052,101.0639017,3.272073618,610.1333931
112,8,34,7,9,47,0,4,0.141776241,6,10,685,14.69459623,0.96354274,79.14918039,24.44351854,37.03216205,2.428244392,199.4655197
113,8,34,10,6,113,0,1,1.630426772,1,2,686,42.73165335,2.263869463,243.5121323,94.52940874,53.83999977,2.85237574,306.8145537
114,8,34,11,4,29,0,5,-0.850657446,9,14,687,14.53266079,0.765921282,79.93101505,33.76250212,46.14470781,2.431985048,253.800277
101,8,34,2,13,23,1,7,-2.176626959,14,21,688,1.576639624,0.100756506,6.647775922,2.173845434,7.94730547,0.507879364,33.50918316
102,8,34,8,8,25,1,4,-0.38411064,10,14,689,9.088388127,0.795557545,41.13125221,20.7028615,22.90383871,2.004901356,103.6557367
103,8,34,11,5,30,1,2,0.51214752,5,7,690,28.22057398,1.601227795,158.4055613,71.84567295,44.79984878,2.541931399,251.4670749
104,8,34,2,13,10,1,5,-0.83223972,11,16,691,2.063779338,0.160922641,8.903580143,2.597564138,6.552997824,0.51096825,28.27101727
105,8,34,11,3,58,1,1,0.960276599,1,2,692,70.90199534,3.242828657,388.4898041,213.699879,89.33338904,4.085821176,489.4800301
106,8,34,9,7,6,1,6,-1.728497879,13,19,693,7.005356194,0.66106809,31.43445455,12.03497341,28.02607879,2.644711543,125.7587017
107,8,34,11,1,92,1,1,0.960276599,1,2,694,81.62415059,3.042515352,516.3060624,210.1677167,102.8428321,3.83343524,650.5228818
108,8,34,4,11,39,1,2,0.51214752,5,7,695,7.924892395,0.669332332,40.12691387,15.22852417,12.58067895,1.062557668,63.70103156
109,8,34,3,12,71,1,2,0.51214752,5,7,696,19.71208049,1.281892706,106.9242232,38.3412018,31.29270956,2.034990479,169.7410207
110,8,34,6,10,95,1,5,-0.83223972,11,16,697,6.941456965,0.70113228,33.7104088,11.16927663,22.0408023,2.226264321,107.0386894
111,8,34,11,2,2,1,2,0.51214752,5,7,698,46.72105866,1.83529241,271.3337346,152.2621862,74.16916342,2.913506383,430.7393
112,8,34,7,9,47,1,1,0.960276599,1,2,699,38.2103542,2.352533114,217.2276482,74.95429079,48.14336212,2.964088033,273.6972622
113,8,34,10,6,113,1,1,0.960276599,1,2,700,32.7401848,2.181267521,180.4743507,69.56422397,41.25118978,2.748300935,227.3897272
114,8,34,11,4,29,1,3,0.06401844,9,12,701,19.94897189,1.260282853,110.2678641,47.2697569,39.90125693,2.520775016,220.5540415
102,8,34,8,8,25,2,4,-0.206372086,8,12,702,7.389018001,0.777875929,31.69177322,12.85532154,18.62122019,1.960341542,79.86710645
103,8,34,11,5,30,2,4,-0.206372086,8,12,703,9.997183843,0.86654877,50.40076072,20.37552109,25.19411397,2.183807841,127.0160207
105,8,34,11,3,58,2,1,1.279506932,1,2,704,53.65471343,2.868805515,311.3947524,148.0548339,67.60257403,3.614568503,392.3436629
106,8,34,9,7,6,2,6,-1.692251104,11,17,705,5.811605034,0.623382426,25.32359105,8.509338085,23.25028109,2.49394385,101.311188
107,8,34,11,1,92,2,3,0.28892092,5,8,706,28.06309937,1.406686081,163.9832209,71.80728771,56.13085948,2.813605787,327.9936763
108,8,34,4,11,39,2,3,0.28892092,5,8,707,4.757240147,0.461137259,21.41907382,7.742752018,9.515270381,0.922351105,42.84170494
109,8,34,3,12,71,2,6,-1.692251104,11,17,708,1.580035288,0.146334025,6.055529492,2.086746999,6.321190851,0.585433318,24.22614097
110,8,34,6,10,95,2,3,0.28892092,5,8,709,12.65136717,1.147600876,61.7650455,21.77327564,25.30483549,2.295392347,123.540349
111,8,34,11,2,2,2,2,0.784213926,3,5,710,41.30925326,1.881296732,238.6622883,123.660216,65.57798225,2.986537736,378.8737407
112,8,34,7,9,47,2,5,-1.196958098,10,15,711,5.512577033,0.570724937,22.72279875,7.226440906,17.50376343,1.812189512,72.15037383
113,8,34,10,6,113,2,1,1.279506932,1,2,712,24.92403027,1.869316889,130.2093967,44.39034874,31.40317958,2.355256887,164.0581007
114,8,34,11,4,29,2,2,0.784213926,3,5,713,30.82892924,1.963023198,159.5049193,76.00548468,48.94058388,3.116277596,253.2122937
102,8,34,8,8,25,3,5,-0.823652691,9,14,714,4.589996317,0.576628816,17.07188353,7.347952318,14.57434684,1.830935755,54.20735326
103,8,34,11,5,30,3,2,0.775202533,2,4,715,20.07443621,1.580312373,102.1306283,38.67087685,31.86794525,2.508728398,162.1312418
105,8,34,11,3,58,3,2,0.775202533,2,4,716,29.5319004,2.046187929,149.031452,76.72773678,46.88156496,3.248300685,236.5857803
106,8,34,9,7,6,3,6,-2.422507916,11,17,717,4.762331018,0.538855989,18.86788398,6.436961828,19.05248793,2.155781946,75.48407084
107,8,34,11,1,92,3,4,-0.29070095,8,12,718,14.05549511,0.817590524,76.16576109,28.09178934,35.42154983,2.060427133,191.9469418
108,8,34,4,11,39,3,3,0.242250792,5,8,719,1.555376744,0.14527226,5.554014224,2.268545923,3.111011806,0.290568647,11.10895086
110,8,34,6,10,95,3,5,-0.823652691,9,14,720,4.88089469,0.587236373,21.14888029,6.554711082,15.49801943,1.86461731,67.15280262
111,8,34,11,2,2,3,2,0.775202533,2,4,721,34.8539638,1.822161039,191.7062083,100.4143025,55.33028169,2.892660477,304.3314834
112,8,34,7,9,47,3,3,0.242250792,5,8,722,10.05388731,1.059440259,45.78759322,13.50045373,20.10944437,2.119056471,91.58279088
113,8,34,10,6,113,3,1,1.308154274,1,2,723,19.21873351,1.76821268,96.65597443,30.34921,24.21475713,2.227870041,121.7822676
114,8,34,11,4,29,3,3,0.242250792,5,8,724,16.17746262,1.310802134,81.27987223,45.70023094,32.35761201,2.621821967,162.5732435
102,8,34,8,8,25,4,6,-0.663676335,8,14,725,2.869026751,0.284607938,11.81865645,4.183461785,11.47801305,1.13862083,47.28247753
103,8,34,11,5,30,4,5,-0.375121407,6,11,726,5.488088591,0.499006888,23.88908407,8.167228011,17.42600671,1.584467385,75.85361141
105,8,34,11,3,58,4,4,0.20198845,5,9,727,10.63162125,0.838869014,50.41479499,20.94575972,26.79297306,2.114051503,127.0513887
106,8,34,9,7,6,4,7,-2.106450977,10,17,728,2.959069204,0.247081397,11.89833733,3.844939331,14.91566399,1.245453502,59.97548193
107,8,34,11,1,92,4,2,1.067653235,2,4,729,29.64270862,1.364041286,170.5017332,67.58245725,47.05747179,2.165400442,270.669614
110,8,34,6,10,95,4,5,-0.375121407,6,11,730,4.589957573,0.417848437,19.63531432,6.236619309,14.57422382,1.326769701,62.34686513
111,8,34,11,2,2,4,2,1.067653235,2,4,731,27.37925578,1.40803779,158.6102997,57.13447055,43.46426546,2.235244404,251.7920949
112,8,34,7,9,47,4,6,-0.663676335,8,14,732,3.083845727,0.274928967,12.37541691,3.501002161,12.33743166,1.099898519,49.50988927
113,8,34,10,6,113,4,3,0.490543378,4,7,733,7.493097204,0.684147967,33.16823076,10.62814392,14.98743887,1.368409559,66.34197014
114,8,34,11,4,29,4,1,1.356208164,1,2,734,29.05512124,2.000015385,138.8435921,70.20858738,36.60817212,2.519931232,174.9368063
102,8,34,8,8,25,5,2,0.506369684,3,5,735,9.126384016,1.027066729,41.20078395,12.20602176,14.4880336,1.630457062,65.40578842
103,8,34,11,5,30,5,2,0.506369684,3,5,736,12.24506677,1.14662028,57.49658365,19.30062946,19.43890795,1.820247002,91.27519005
105,8,34,11,3,58,5,1,1.265924209,1,2,737,26.07506808,2.008548526,127.5497755,57.71882145,32.85343648,2.530682614,160.7070952
106,8,34,9,7,6,5,6,-1.772293892,10,16,738,3.555460501,0.424955947,13.61000884,3.875981262,14.22420408,1.700106109,54.4490772
107,8,34,11,1,92,5,2,0.506369684,3,5,739,22.63626835,1.273971027,131.4633517,51.83945609,35.93482542,2.022414902,208.6966156
110,8,34,6,10,95,5,5,-1.519109051,9,14,740,1.489504239,0.146797945,5.356610448,1.50789597,4.72953569,0.466118929,17.00853186
111,8,34,11,2,2,5,3,0.253184842,6,9,741,13.78313805,0.899377679,74.67136518,44.87718608,27.56856523,1.798904727,149.3551319
112,8,34,7,9,47,5,4,-0.506369684,7,11,742,4.790758145,0.562806054,19.70278595,5.371613476,12.0732907,1.418339413,49.65340665
113,8,34,10,6,113,5,1,1.265924209,1,2,743,12.710994,1.264231727,56.25408404,18.61330918,16.01529219,1.592876254,70.87766642
114,8,34,11,4,29,5,4,-0.506369684,7,11,744,7.163395829,0.711328701,33.17660184,11.8036057,18.05262499,1.792634471,83.60905439
102,8,34,8,8,25,6,5,-0.421329358,6,11,745,3.152428261,0.367678757,12.86941741,3.706628798,10.00972108,1.167468851,40.86350839
103,8,34,11,5,30,6,7,-1.090499514,8,15,746,2.365502916,0.243842948,9.555206071,2.735426514,11.9236977,1.229129577,48.16455219
105,8,34,11,3,58,6,4,0.247840799,4,8,747,8.133409823,0.714760202,37.50262329,14.25798104,20.49717773,1.801282268,94.51115236
106,8,34,9,7,6,6,8,-1.75966967,9,17,748,2.094889405,0.201458913,8.209412019,2.337318542,13.30466434,1.279467644,52.13806086
107,8,34,11,1,92,6,3,0.917010955,3,6,749,14.85127277,0.785685256,83.26100918,32.60116541,29.70501206,1.571500999,166.5358464
111,8,34,11,2,2,6,1,1.363124392,1,2,750,26.75072305,1.303125132,149.0761521,58.55766323,33.70473197,1.64188023,187.8293809
112,8,34,7,9,47,6,6,-0.644386076,7,13,751,0.951559789,0.08850916,3.537885365,0.91599369,3.806871328,0.354095441,14.15389186
113,8,34,10,6,113,6,2,1.140067673,2,4,752,7.861078121,0.734182043,35.44993692,10.95662296,12.47937449,1.165505865,56.27638242
114,8,34,11,4,29,6,4,0.247840799,4,8,753,7.469718621,0.682153499,34.81098664,14.69371684,18.82459553,1.719109427,87.72790202
102,8,34,8,8,25,7,6,-0.435153275,7,13,754,1.063894144,0.083849167,4.3466747,1.150776786,4.256283376,0.335452374,17.38958652
103,8,34,11,5,30,7,5,-0.118678166,6,11,755,3.624470846,0.32324367,15.84207746,4.879182625,11.50857029,1.02637672,50.30242198
105,8,34,11,3,58,7,2,0.830747161,2,4,756,13.54249977,0.923825164,68.68118704,28.88085555,21.49856846,1.46656222,109.0306241
106,8,34,9,7,6,7,7,-2.334003928,8,15,757,2.506646235,0.232042697,10.5416211,3.038093617,12.63515329,1.169648515,53.13673569
107,8,34,11,1,92,7,4,0.197796943,4,8,758,9.517826217,0.522675199,51.21793032,19.73260791,23.9860747,1.3172048,129.075387
111,8,34,11,2,2,7,3,0.514272052,3,6,759,12.41041177,0.651682969,73.05427255,26.0712281,24.82288467,1.30347417,146.120678
113,8,34,10,6,113,7,1,1.14722227,1,2,760,9.547143474,0.751865388,45.55139598,14.80014862,12.02897997,0.947317249,57.3927512
114,8,34,11,4,29,7,4,0.197796943,4,8,761,6.541648789,0.504744227,30.85794205,13.88839998,16.48574716,1.272016579,77.76575094
103,8,34,11,5,30,8,4,-0.583997116,6,10,762,4.285132741,0.335018316,19.49895239,6.043084049,10.79905345,0.844286727,49.1397214
105,8,34,11,3,58,8,3,0.097332853,5,8,763,7.506197346,0.532820382,36.8512021,12.39902287,15.01364133,1.065729255,73.70852449
106,8,34,9,7,6,8,5,-2.173767043,7,12,764,1.773124955,0.129316729,7.607232077,2.118764091,5.630099963,0.410611847,24.15479908
107,8,34,11,1,92,8,1,0.778662821,1,2,765,21.79636695,0.925837107,125.9346749,54.91434012,27.46246166,1.166513948,158.6721396
111,8,34,11,2,2,8,2,0.324442842,4,6,766,13.12840296,0.625354258,77.49139685,30.07402568,20.84119436,0.992742962,123.0167347
113,8,34,10,6,113,8,1,0.778662821,1,2,767,8.649590304,0.637927512,41.89465251,13.59092775,10.89810254,0.803760547,52.78541561
114,8,34,11,4,29,8,1,0.778662821,1,2,768,15.06544519,0.876357489,78.39987466,32.37381432,18.98179691,1.104171809,98.7803865
103,8,34,11,5,30,9,3,-0.267261242,4,7,769,5.706239611,0.391293887,26.93291465,11.08122751,11.41342692,0.782652761,53.87030234
105,8,34,11,3,58,9,3,-0.267261242,4,7,770,7.567297689,0.452053548,38.28043126,13.4630563,15.13585216,0.904182174,76.56722018
107,8,34,11,1,92,9,1,1.33630621,1,2,771,21.23483614,0.719398755,120.4390949,80.4731093,26.75495758,0.906410723,151.7479511
111,8,34,11,2,2,9,2,0.534522484,2,4,772,13.50894574,0.562037011,81.48177068,29.92047209,21.44530181,0.892227533,129.3514089
113,8,34,10,6,113,9,2,0.534522484,2,4,773,2.057286577,0.124106416,9.360574844,3.114239473,3.265919667,0.197017562,14.85980894
114,8,34,11,4,29,9,4,-1.870828693,6,10,774,5.06648974,0.314302907,26.00811252,8.660805962,12.76816771,0.79208139,65.5435932
103,8,34,11,5,30,10,4,-1.568929081,5,9,775,3.469267629,0.122220787,17.96646844,8.279893344,8.742974561,0.308011185,45.27767626
105,8,34,11,3,58,10,2,0.39223227,2,4,776,9.532753465,0.342761813,50.97100724,20.69359227,15.1331406,0.544130584,80.91590974
107,8,34,11,1,92,10,2,0.39223227,2,4,777,14.86090888,0.298140501,83.70343277,91.94375582,23.59152833,0.473294745,132.8782729
111,8,34,11,2,2,10,1,1.372812946,1,2,778,16.47352227,0.378977114,100.858861,47.87219188,20.75591196,0.47749446,127.0777194
114,8,34,11,4,29,10,3,-0.588348405,4,7,779,5.869280456,0.200927632,33.15392035,12.78197268,11.73953569,0.401888634,66.31334694
