season,week,celebrity_name,contestant_id,judge_score_pct,vote_intensity_mean,vote_intensity_std,vote_intensity_lower_95,vote_intensity_upper_95
1,1,66,1,0.1192660550458715,2.5276892154471295,9.378359913065696,3.410410488835348e-06,14.31047503334552
1,1,55,4,0.1834862385321101,2.064500130332585,4.123937975207931,4.1424541132153095e-06,11.561459288389132
1,1,108,5,0.1651376146788991,1.8466535329397795,4.029360101066124,1.2967282992642323e-05,11.195806694044403
1,1,89,3,0.1834862385321101,1.4960090027583328,3.551039523844937,3.564584626769305e-06,9.374829233889686
1,1,32,2,0.1651376146788991,1.2440233998838273,2.766807541702135,6.226582912125524e-06,7.512284223002748
1,1,56,0,0.1834862385321101,0.8313521019425623,1.7200115922434156,6.85556950529104e-06,4.708494697953756
1,2,66,1,0.140495867768595,2.4626144025756287,7.567074595114951,4.189053371413993e-06,14.430728870508476
1,2,55,4,0.1735537190082644,2.1763388169576965,6.431797524109809,8.777324842936974e-06,12.503971962758508
1,2,32,2,0.1157024793388429,1.8063108614546608,3.069728569337132,0.0051610449415121435,9.284651963048345
1,2,89,3,0.1983471074380165,1.59277758539343,4.854472197077201,2.7588455245975946e-06,9.12999504157174
1,2,56,0,0.2148760330578512,0.8657024048198071,1.8256741745756746,1.5121749887074273e-06,4.715912961232552
1,2,108,5,0.1570247933884297,0.5143008125684525,0.9651977758131564,7.04247449634163e-08,2.9408045363330726
1,3,66,1,0.1981132075471698,3.4214432596680413,23.296038732835363,0.0024653668553718277,16.1232659740797
1,3,55,4,0.2075471698113207,2.1378486915638812,4.644804109195724,1.4143542515496899e-05,12.150481190232332
1,3,89,3,0.2452830188679245,2.0401058131077456,4.358696025256376,0.001019475528724823,11.636910034034122
1,3,56,0,0.2264150943396226,0.9008026716125666,2.630703014213461,3.309461349936819e-07,4.642862540122266
1,3,32,2,0.1226415094339622,0.3289931867475018,0.5970746945181268,1.518396521384796e-08,1.9397111401319478
1,4,66,1,0.2826086956521739,3.137003294111267,7.659734507456565,0.0028309014560079036,17.221611842597575
1,4,55,4,0.217391304347826,2.592013026410984,4.598812614443749,0.0016423328208318828,13.855734065281203
1,4,56,0,0.2282608695652173,1.2393030875644326,2.5785746967042695,0.0013345725096874654,6.095735061928355
1,4,89,3,0.2717391304347826,0.19561445152938092,0.3675838653283054,4.720870653477524e-09,1.2025921980075254
1,5,66,1,0.3219178082191781,3.059504968218769,8.699426556419315,3.062332468563116e-06,19.815122407047042
1,5,55,4,0.3082191780821918,2.4377294397422737,6.2222340361728845,1.7759968274367186e-06,14.241403916500026
1,5,56,0,0.3698630136986301,1.1443666037483058,3.732409071099671,3.474370675505002e-06,6.51383367704722
1,6,66,1,0.5045871559633027,3.2094184562658907,7.284267916346112,1.1277089715218125e-05,19.96942475186163
1,6,56,0,0.4954128440366973,1.198838503710046,3.8138387893235155,4.9929829955005665e-06,7.313671698171546
2,1,100,10,0.1128205128205128,2.9643422138843083,7.408015154227259,9.602834577708602e-06,16.84564699523007
2,1,27,14,0.123076923076923,2.3339534762446994,4.8171426934403305,8.432824441594426e-06,14.156435611867618
2,1,76,13,0.0615384615384615,1.5235895185222224,3.07010850093966,1.3729962333633249e-05,9.092639953420946
2,1,73,9,0.0974358974358974,1.3003611036792981,3.2940565487746376,1.8272509868320343e-06,7.002312443155423
2,1,105,7,0.1025641025641025,1.2147583826839126,2.6994407191196585,2.918454602216349e-06,7.285228404598629
2,1,49,11,0.1076923076923077,1.1123660575729857,2.5258399471298927,1.0132158399279136e-06,7.0053045953074085
2,1,103,6,0.1179487179487179,1.086624867918337,3.0769131022614653,7.092203014234088e-06,5.86587852616967
2,1,35,12,0.1179487179487179,0.9067626559620093,2.2623344140470723,3.6719462172253165e-06,5.367207686796324
2,1,67,15,0.0666666666666666,0.8801639643360567,2.020909816072479,5.804605607415465e-07,4.856027721079665
2,1,34,8,0.0923076923076923,0.4040614906815786,1.2230198619244137,1.7597149416369636e-06,2.3762749544177946
2,2,100,10,0.145,3.609827882721868,8.21060709423266,0.0021975602024660573,18.837048314859075
2,2,27,14,0.135,2.555576235827129,7.018173646803005,7.4899073628512515e-06,14.599857486147037
2,2,73,9,0.1,1.6666363015967378,3.1052782040034943,0.0009695373248109595,8.10519096284048
2,2,76,13,0.08,1.4626412635846935,3.4362601209809793,3.1188180571241092e-06,8.924922540426264
2,2,105,7,0.11,1.2535727786498458,3.3448741089570944,3.106688701118364e-07,7.3450564443084785
2,2,49,11,0.115,1.1804619885711378,2.879676836966466,5.183280289955227e-06,6.821466006704506
2,2,35,12,0.12,0.9802052085834962,3.613259011626928,1.8897781348142835e-06,5.999663287031524
2,2,34,8,0.11,0.3891543748222197,1.0046569193995423,1.7390327606131452e-06,2.1307845610934195
2,2,103,6,0.085,0.29860676834316374,0.6874944068780999,4.150500623235518e-09,1.6475441688476122
2,3,100,10,0.1483516483516483,3.0548147273240542,6.624420735522346,1.917294680294927e-05,18.83380980282184
2,3,27,14,0.1483516483516483,2.4958875531251934,6.553528180518867,1.4191031947277898e-06,15.007531791559037
2,3,76,13,0.0769230769230769,1.6478104448381115,4.3390545409749866,1.1586650317575068e-06,9.986034553080398
2,3,73,9,0.1373626373626373,1.6245808491551683,4.217748513705814,0.00046779459948448864,7.940223880295065
2,3,105,7,0.1428571428571428,1.5910289888486169,3.50101153302599,0.0004746261643467048,8.793459661410155
2,3,49,11,0.1043956043956044,1.268070786829426,6.947703439742085,2.048558277973354e-06,7.30451318215791
2,3,34,8,0.1208791208791208,0.5841211892081996,1.7866568651569936,0.00019288960193527516,2.697089541564882
2,3,35,12,0.1208791208791208,0.10321506383521546,0.1958130866381468,5.117601156954292e-10,0.657976438960096
2,4,100,10,0.1645569620253164,4.17483220584465,10.986260897760193,0.0022897925988527054,24.01540027810241
2,4,27,14,0.1772151898734177,3.3248438745127316,7.161666119219311,0.0020119323069954257,18.479777533918213
2,4,73,9,0.1645569620253164,1.4167559498233537,3.553189834784733,1.6589017141546949e-06,8.48166164872279
2,4,49,11,0.1518987341772152,1.357631052840402,4.343001577287648,1.0390297068124157e-06,7.998845253821352
2,4,105,7,0.1582278481012658,1.2543969308673732,2.728487099218196,5.64012223358003e-06,7.358697705377722
2,4,34,8,0.1329113924050632,0.5400004608768889,6.62609369146386,2.237836279526859e-07,2.5341407526304667
2,4,76,13,0.050632911392405,0.46708882673267127,0.9948368364748026,5.310763586993292e-08,2.891093439195311
2,5,100,10,0.1986754966887417,3.8163183809976426,8.759237652413585,0.001716529934312651,23.55453457644188
2,5,27,14,0.1788079470198675,2.697487232823162,8.397907392536155,9.504395346988956e-06,16.024495975035702
2,5,73,9,0.1655629139072847,1.938976771922462,6.741627181366472,0.0006113764717003613,10.070004780367265
2,5,49,11,0.152317880794702,1.2726754909720697,3.54323235047429,1.0257139463027303e-05,7.5947406784557066
2,5,34,8,0.1589403973509933,0.6878492013552184,2.4432772666464726,0.00021228304730262434,3.416865200735737
2,5,105,7,0.1456953642384106,0.1583173654449562,0.3311198127743604,1.6777415592539763e-09,1.07184288722766
2,6,100,10,0.225563909774436,3.547983397613445,12.014598293895839,6.238908149474474e-06,21.724683458120296
2,6,27,14,0.225563909774436,2.845843006334154,7.065306545656423,9.504063163600136e-06,17.31176547406164
2,6,49,11,0.1729323308270676,2.0347694776243332,5.698520387962551,0.0023955641899568235,10.872289189794216
2,6,73,9,0.2030075187969924,1.692582938520532,5.018234755356898,2.538532049201262e-06,9.71012666724444
2,6,34,8,0.1729323308270676,0.2601543112065398,0.7202729940375076,1.5617948227323425e-08,1.6368237570950965
2,7,100,10,0.2696078431372549,3.9920918261274094,13.55411607617128,2.8538787764383673e-05,24.926368584733655
2,7,27,14,0.2696078431372549,3.066478439672966,7.954180890213173,2.5939806568602693e-06,19.77776469075474
2,7,73,9,0.2598039215686274,1.8168689610156374,6.486789701341878,2.3036061514271352e-06,10.277010183225702
2,7,49,11,0.2009803921568627,1.6203381983388276,6.434544977932826,4.574371286095588e-06,9.767474269420699
2,8,100,10,0.339920718960216,4.12331737798183,14.347094204560415,4.245464341425164e-06,26.456304590376558
2,8,27,14,0.3438729131809768,3.478527030280472,10.031398174358435,1.3976929003728537e-05,23.37358708963863
2,8,49,11,0.3162063678588072,1.6898982479706681,4.9338915722374574,5.104270817162291e-06,11.124081752302368
28,1,70,24,0.0964467005076142,3.3935759134961154,8.496799941730897,4.52119760550556e-06,22.861905505393466
28,1,36,27,0.1015228426395939,3.2812484074093247,7.96093831598112,1.7509416733342456e-05,18.817571406010835
28,1,3,25,0.0812182741116751,3.1302041633719986,12.962646561352848,9.799580735039905e-06,18.335790421325573
28,1,93,21,0.0913705583756345,3.0560674120166795,7.822538977226449,7.058143858307616e-06,20.339838271549883
28,1,63,26,0.0862944162436548,1.5228709679036958,4.061880803623668,1.6797308816356136e-06,9.101546651849292
28,1,65,18,0.0812182741116751,1.4764829053165756,4.811418691275391,3.3133466581304496e-06,8.347408404329563
28,1,69,20,0.0558375634517766,1.2473606052009516,3.8330987994474484,3.1683158559821125e-06,7.582971430060321
28,1,42,17,0.1065989847715736,1.1924708903516192,3.3005568608569447,2.169651010326973e-06,7.29526238648245
28,1,90,19,0.0761421319796954,0.9894652232385396,3.0480100533527548,5.1613503298176925e-06,5.7167982662138535
28,1,96,22,0.0609137055837563,0.8979253242094415,2.3399178948979342,8.202839760040797e-06,5.340410284020874
28,1,64,16,0.0761421319796954,0.665934688434177,1.7758713065373373,1.0517170362651488e-06,3.8314638217597774
28,1,75,23,0.0862944162436548,0.2790551683323643,1.8874252697240008,3.067221936728055e-08,1.5659251923771245
28,2,36,27,0.1095890410958904,3.939029030661247,9.078630879694332,0.0030167065696401377,24.382226305583195
28,2,93,21,0.0821917808219178,3.487651350856683,10.70797119496097,0.0005408196757867984,21.286023331059276
28,2,70,24,0.0867579908675799,3.3625824417595918,7.101858657822887,0.00040847660999697053,19.63828160362125
28,2,3,25,0.091324200913242,3.018779298445101,8.379367776590655,0.00046559167772871723,17.773888686033626
28,2,63,26,0.0867579908675799,1.8018942155015554,7.088299003987527,0.0004175907406268744,9.204408142497652
28,2,69,20,0.0547945205479452,1.4924996756312305,3.452596060506433,0.00028577663092107554,9.628639018590938
28,2,42,17,0.091324200913242,1.4285845293313493,3.1934839486720996,0.00025095651095035927,8.07197334694063
28,2,65,18,0.091324200913242,1.3753814330167407,3.6365875639454504,4.194776432304889e-06,8.257427244539873
28,2,96,22,0.0730593607305936,1.0661957016359689,2.232387594614133,0.0004502910738503975,6.104776646628077
28,2,64,16,0.0958904109589041,0.9054482770668609,2.1459331887972435,0.0014628085875869616,4.8031179666144945
28,2,90,19,0.0684931506849315,0.08897404085227381,0.17244759035982177,3.1305426660173206e-10,0.5742557218579261
28,2,75,23,0.0684931506849315,0.06262343489708772,0.16173555855229663,2.3177441136901746e-10,0.38277493208344615
28,3,70,24,0.101010101010101,3.4472895812545326,8.864477885698351,1.5483582665270742e-05,21.557172999875583
28,3,36,27,0.106060606060606,3.3442918507239536,9.609187103684391,6.923882693599021e-07,21.387892768841386
28,3,93,21,0.1161616161616161,3.1821668198711395,11.323979863782464,9.996655234935683e-06,18.66890384839537
28,3,3,25,0.1212121212121212,2.9746139851290776,9.660138598975486,1.2627433220161614e-05,18.10435734373332
28,3,63,26,0.0808080808080808,1.4556028980488938,4.012280824739203,1.4661817919130009e-06,8.391597339973766
28,3,65,18,0.101010101010101,1.4332408452693832,6.08570891314636,5.469717767597626e-06,8.218739435373905
28,3,69,20,0.0606060606060606,1.3316342940199979,5.996677299020415,8.134058707327266e-06,7.416407924202965
28,3,42,17,0.1161616161616161,1.1841138014828334,2.8708908481211997,6.136848806839799e-06,6.9540393784338494
28,3,96,22,0.0757575757575757,0.9830857734476647,2.642225552159095,8.167834042633919e-06,6.04320927691741
28,3,64,16,0.1212121212121212,0.6447003246714547,1.5575695774054485,8.173920375854557e-07,3.6739973012355294
28,4,36,27,0.1134751773049645,3.782127252337855,9.023789439626919,0.0005430885537165794,22.92968867485127
28,4,70,24,0.1134751773049645,3.606180880370884,8.637332160578381,0.0003454035108437211,21.38647425771818
28,4,93,21,0.1099290780141844,3.3775593439613685,9.301414677534881,0.0003365634771174912,20.584616299010076
28,4,3,25,0.1134751773049645,3.0739371340164654,14.994685303811432,3.312179143110992e-06,16.36125334719016
28,4,63,26,0.0992907801418439,1.969884972344243,7.863929139320975,0.0002926135864450052,11.171148900405614
28,4,65,18,0.1134751773049645,1.6618755279370672,4.336343051268757,0.00032973780918571104,9.5481682531923
28,4,96,22,0.0744680851063829,1.2525360623157082,2.972762540118075,0.00020836136046340886,8.198181725400437
28,4,42,17,0.0992907801418439,1.2241540585286412,2.925155081792444,1.0984277618176811e-05,7.38061873241861
28,4,64,16,0.0921985815602836,0.6779362097060186,1.578592792262885,1.1759198655905118e-06,4.299635516797956
28,4,69,20,0.0709219858156028,0.10810332722833321,0.22079451816791854,2.921897232773639e-10,0.7139790256892464
28,5,70,24,0.1069767441860465,3.9738199287704914,14.011714764007747,4.372397094205315e-06,24.546167836859425
28,5,93,21,0.1116279069767441,3.4582465374858193,10.857074345710163,8.2796120968626e-06,23.120945870530704
28,5,36,27,0.1162790697674418,3.440678739819658,8.030219084718473,1.4369055691343488e-05,22.052202085319237
28,5,3,25,0.1255813953488372,3.3652129135439344,19.428475816063628,1.9083088000102484e-06,18.745757731648837
28,5,63,26,0.0976744186046511,1.5887137474828317,3.8335221080863877,1.992147308984769e-06,10.241165772983168
28,5,65,18,0.1209302325581395,1.450710809501528,3.786709260855695,3.19239205941059e-06,9.382315508120419
28,5,42,17,0.1209302325581395,1.269219681809783,2.926656015471992,4.456557503258747e-06,8.01478399828628
28,5,96,22,0.0883720930232558,0.9906123649513617,4.163760014598824,8.832783935853381e-07,5.7412270616564305
28,5,64,16,0.1116279069767441,0.7727518297638668,2.2309944047767134,1.0541269885913453e-06,4.943250456679237
28,6,36,27,0.1052631578947368,4.557913783492661,15.16720808752406,0.0008900022807371997,25.288550148584637
28,6,70,24,0.1140350877192982,3.796201797168544,11.60247467598109,4.4197448195945175e-06,25.099647123902294
28,6,3,25,0.1096491228070175,3.2144103619081608,11.428537129773284,7.651268089252539e-06,18.792047460696935
28,6,63,26,0.1096491228070175,1.560539674040151,3.4856980083366693,4.640346985517304e-06,9.73280428898903
28,6,65,18,0.1140350877192982,1.5441123060530735,3.910545898582331,2.16420470269599e-06,10.321825592645448
28,6,42,17,0.1184210526315789,1.3568617596886055,4.574602531029312,1.7482174241160161e-06,8.114192409464655
28,6,96,22,0.0921052631578947,1.3425912531396462,3.569815528439476,0.0002729142204030319,7.654698343756473
28,6,64,16,0.1184210526315789,0.9230236691111726,1.917334195403338,0.0001533424126167056,5.171478686627331
28,6,93,21,0.1184210526315789,0.17347399413016606,0.4224685721572329,2.0023172278342768e-10,1.1557664265086047
28,7,3,25,0.1336633663366336,4.510628005898799,48.35526700561536,5.232841047681919e-06,24.176185608237557
28,7,70,24,0.1336633663366336,4.1542821450108205,12.554619099852088,5.709892537647523e-06,28.552255948890238
28,7,36,27,0.1287128712871287,4.02052270135755,11.606071225334126,2.1640035061208265e-06,25.176501774990907
28,7,63,26,0.1212871287128712,1.7762732218622383,4.832556598368069,1.3418969591512179e-05,11.753205857114583
28,7,65,18,0.1262376237623762,1.6594141721262716,4.935645106852031,2.879967031515645e-06,10.863234960816877
28,7,42,17,0.1336633663366336,1.351447457210649,3.568803417893841,2.595462131097909e-05,8.480456095530304
28,7,96,22,0.1039603960396039,1.1136292345540761,2.959395734030079,1.2936528492449464e-06,7.615422101229688
28,7,64,16,0.1188118811881188,0.8445511037101691,2.5394446623960536,7.743660149869044e-07,5.374150115958908
28,8,70,24,0.1243528470584334,5.9531630560957085,17.76472445221647,0.002149035583688135,37.2490141182141
28,8,36,27,0.160621391176751,4.731645901257421,18.773879948557994,1.3348696004039306e-05,29.672094180381855
28,8,3,25,0.1554410588230417,4.067725439554044,21.042162172374407,1.3920719056690697e-06,25.55380419840638
28,8,65,18,0.1554400225493162,1.7228850125369974,5.671202007288505,1.624905954839833e-06,10.811028702578108
28,8,42,17,0.1658027598041857,1.473657975169776,3.6123576985377115,1.5124765672741769e-06,10.050435009505877
28,8,96,22,0.1036273725486945,1.0650318200135758,3.0933213517358036,7.4019538801414e-07,7.705675211684947
28,8,64,16,0.1347145480395773,0.4672440741273745,0.9980861988707938,8.947571597058284e-09,3.1319375181932205
28,9,36,27,0.1702637889688249,5.4976476926136595,15.435766836480676,0.002081998290226731,35.31141750961601
28,9,70,24,0.1678657074340527,5.224426330458176,24.890826479505417,4.794620423497529e-06,36.965828406332335
28,9,3,25,0.1918465227817745,4.013794152515249,23.98661342539284,2.7419710641175434e-06,24.339413251717097
28,9,42,17,0.1726618705035971,2.1088780766297472,5.5131352226457215,0.0013024563957346278,12.530103525273734
28,9,65,18,0.1774580335731415,1.9320022564588688,9.481606722384846,2.0794929863301585e-06,12.306741311390738
28,9,96,22,0.1199040767386091,0.3677478140867122,1.0333493387213488,7.78294163733886e-09,2.437740379171184
28,10,70,24,0.1963636363636363,6.087903825901324,20.253670116033906,0.001995183043242847,40.00749839577294
28,10,36,27,0.1963636363636363,5.367938725530858,25.665702668628374,5.4625732504356834e-06,35.40716537654408
28,10,3,25,0.2145454545454545,4.936158119485262,39.71811158798216,6.408755087372103e-06,29.11398344758467
28,10,65,18,0.2072727272727272,3.0332455218775562,11.7672653083856,0.0010471060103852772,18.292006286927162
28,10,42,17,0.1854545454545454,0.5372551700716589,1.8282958098891477,4.362612144135397e-09,3.9810400769955843
28,11,70,24,0.2435897435897435,6.045597808531139,22.779861086964612,6.543540490471638e-06,40.13264786701595
28,11,36,27,0.2478632478632478,5.595452575557348,23.815505117221612,6.208991747990368e-06,34.59461004264327
28,11,3,25,0.2564102564102564,4.87065054276457,26.596325239927893,6.762374786787784e-06,31.69295927587568
28,11,65,18,0.2521367521367521,2.1612783951737176,6.3622567569092965,2.5980580299633452e-06,14.86941695809919
29,1,99,31,0.0807692307692307,3.9101668877418247,9.481855803200254,7.061624744146369e-06,24.279403305727442
29,1,86,36,0.0769230769230769,2.574557493169101,6.533256667522639,1.0742259534563413e-05,15.818049339207116
29,1,62,39,0.0769230769230769,2.1045115790402256,5.2860784270193975,7.791484168856179e-07,13.626228780414008
29,1,110,34,0.0653846153846153,1.7619039591932282,5.3707159732043905,6.788417601965178e-06,10.598168027716582
29,1,57,35,0.0692307692307692,1.6420986104400765,4.527948583669467,2.052903352707156e-05,9.782590596814002
29,1,20,30,0.05,1.4933881449751112,5.984583468577246,1.5200787463584748e-06,8.822710652962673
29,1,0,37,0.0692307692307692,1.2822166970335855,3.8341181071941484,1.376611913328311e-06,7.350386552933552
29,1,50,29,0.0692307692307692,1.2579736589309776,3.637066404838054,2.3416583971590784e-06,7.564222250982065
29,1,46,42,0.0692307692307692,1.1858881542070252,3.105106468508608,2.003908757423283e-06,7.527803114863505
29,1,85,38,0.0615384615384615,1.18489806577423,6.109885133427493,1.6076265754299455e-06,6.453810373136517
29,1,61,32,0.0807692307692307,1.008076222628533,2.7182951331752965,3.116906647337687e-07,5.7962767709917316
29,1,84,41,0.073076923076923,0.9364556977237283,3.0850558555441374,1.5689283182354615e-06,5.925849874141489
29,1,8,28,0.0692307692307692,0.7662586998587733,3.4487802527575333,1.2984765245815064e-06,4.073571866826409
29,1,17,33,0.0461538461538461,0.5887400677052032,1.7151391811400716,4.731769264021361e-07,3.862208961167537
29,1,14,40,0.0423076923076923,0.5382895353635144,1.910160559758762,6.341212662784374e-07,3.233128295657211
29,2,99,31,0.0549450549450549,4.20256779159916,10.3230777462538,2.4229464211255005e-05,26.917379160973503
29,2,86,36,0.0769230769230769,2.503480848609601,11.925042299715889,3.490837422021502e-05,14.596698168845062
29,2,110,34,0.0659340659340659,2.110087445999529,4.724798264765433,0.0007332954258429972,12.332399618347482
29,2,62,39,0.0805860805860805,1.928242216533397,4.260256574622013,7.801837445969614e-06,12.239865250205582
29,2,50,29,0.0732600732600732,1.7113133652931147,4.078099624437836,0.0012865449895928455,9.839021776763
29,2,57,35,0.0659340659340659,1.6176570724756938,4.263508890021021,5.043709379395151e-06,9.789157805344555
29,2,20,30,0.0659340659340659,1.444580843077459,3.3885258863050463,1.5088592203794813e-06,9.499716347476296
29,2,0,37,0.0695970695970696,1.3630396105735767,8.584917477403796,1.4726832300337562e-06,7.290409254952175
29,2,46,42,0.0659340659340659,1.266774854188114,3.9507750506064996,1.2764150820806215e-06,7.802675520924918
29,2,61,32,0.0769230769230769,1.1058113326017738,3.6424667472702366,4.898588451958324e-06,6.532566530906378
29,2,85,38,0.0659340659340659,1.026160456884176,2.3596328521246615,1.5471649351263493e-06,6.41075087257176
29,2,84,41,0.0586080586080586,0.9244104170801928,4.076628765982438,1.3879841710159902e-06,5.749783228149844
29,2,8,28,0.0659340659340659,0.7997203413896815,2.797195080426754,7.876733618469793e-06,4.658324863928028
29,2,14,40,0.0586080586080586,0.5228460527718936,1.5239179200016773,6.205256146452954e-07,3.3577575429334674
29,2,17,33,0.0549450549450549,0.1865099366712898,0.47136203829893775,8.287257711718848e-09,1.2277362890582635
29,3,99,31,0.0640569395017793,4.2656314294489395,14.645100785069983,3.571989650586657e-05,24.83550367229454
29,3,86,36,0.0854092526690391,2.7079632611973685,10.903919707620453,1.2825361308399039e-06,15.553860470536215
29,3,62,39,0.0818505338078291,2.1713660047480596,5.349230026553709,0.00029606018802166037,12.935032334691002
29,3,110,34,0.0782918149466192,1.9778460990211313,5.173996612526421,0.00043376876419852766,12.675469476492191
29,3,57,35,0.0854092526690391,1.843005231684203,5.514385236971234,0.00019766744097029682,11.829337971675217
29,3,0,37,0.0747330960854092,1.67652876118097,9.149157602261932,0.00029817465554371215,9.539119343653342
29,3,50,29,0.0711743772241993,1.5466805352548612,8.235879666759025,5.049327261638061e-07,9.119874933499634
29,3,20,30,0.0782918149466192,1.5011992793947018,3.6412914105286887,2.0379462780053998e-06,9.844796798818216
29,3,46,42,0.0782918149466192,1.3575651469257162,4.332824238663729,2.2778425264736167e-06,8.304797409337064
29,3,85,38,0.0640569395017793,1.1749253586377022,5.75240028863354,3.296078161561616e-07,6.603608197310713
29,3,61,32,0.0676156583629893,1.166029700164369,2.7170697839066436,0.00024766882483801325,6.617998507919385
29,3,84,41,0.0747330960854092,0.853585079094675,2.870181021067022,1.4275153873517056e-06,5.298816462797982
29,3,8,28,0.0533807829181494,0.7412553229905344,2.082325692152277,1.612687353931868e-06,4.439683304993972
29,3,14,40,0.0427046263345195,0.08567543738390417,0.20077499604528903,2.145918847082704e-10,0.5996691445942115
29,4,99,31,0.0930232558139534,4.14752128898857,10.939166703944263,7.167853925401038e-06,25.946107184945447
29,4,86,36,0.0797342192691029,2.618472398900954,8.127633356427381,2.7803238691974344e-06,16.320957212429878
29,4,62,39,0.0830564784053156,2.141470304563256,6.694036177633105,1.0285282907316355e-05,13.046527592109175
29,4,57,35,0.0797342192691029,2.070710492176268,7.174916170435722,0.00032374649039405433,11.600741744021724
29,4,50,29,0.0697674418604651,1.6936280459006745,4.530145595822035,0.0008263288289965038,9.830509974806342
29,4,110,34,0.0730897009966777,1.6901174985681622,5.735980010226571,6.628911267596018e-06,10.80843112519662
29,4,85,38,0.0697674418604651,1.465528907652446,6.224421854734434,0.000997340132766727,7.501263056032258
29,4,20,30,0.0730897009966777,1.4260948505612605,3.919840472477044,8.288307739945867e-06,8.869899883601944
29,4,0,37,0.0797342192691029,1.3554728401261409,3.9780115464592254,7.612335141510801e-07,9.059406148101726
29,4,46,42,0.0697674418604651,1.2931231351347334,5.0664577262577515,1.1561248127883978e-06,8.181134489862426
29,4,61,32,0.0797342192691029,1.0708389454303704,2.6521163553988947,5.503798277044931e-07,6.276280030047999
29,4,84,41,0.0797342192691029,0.8680571334487897,2.483870943322986,2.5771324202646658e-06,5.358157455424208
29,4,8,28,0.0697674418604651,0.14531572275609494,0.3238885826367518,8.137947377378975e-10,0.9211254903577347
29,5,99,31,0.0836236933797909,4.192890475293504,11.672789398601637,4.905300994617041e-06,28.107669623175028
29,5,86,36,0.0905923344947735,2.8000062454760863,9.997841257707007,2.4839362365766032e-05,18.92130624220459
29,5,110,34,0.073170731707317,2.4733460153717117,7.40114970144124,0.0016746835701000181,15.677357837652794
29,5,62,39,0.0940766550522648,2.1806956291811717,7.991248336731532,1.975732282870144e-06,13.717027983026444
29,5,0,37,0.0836236933797909,1.9100031582880226,6.238773054216196,0.0024056067452382216,10.228186487794384
29,5,57,35,0.1010452961672473,1.8100677365762101,5.676249604689189,1.9709551859991806e-06,12.011861374769978
29,5,20,30,0.0662020905923344,1.599785336496522,3.8572267520508015,2.9162395130789373e-06,11.013919349439647
29,5,46,42,0.0836236933797909,1.317622798643518,4.009307105905497,7.319532019499012e-06,8.78633189592658
29,5,85,38,0.0836236933797909,1.273196585086056,6.413994687572584,4.982971606934382e-06,7.672806958669141
29,5,61,32,0.0836236933797909,1.0928454817782383,3.0841338620517154,1.1020451640020453e-06,6.69444587921146
29,5,84,41,0.0905923344947735,1.004981177880043,3.5665539279950194,3.597450803442739e-06,6.209614340658223
29,5,50,29,0.0662020905923344,0.2697404137543279,0.5755319752818837,1.3535419359251471e-08,1.7803705689640867
29,6,99,31,0.0671641791044776,4.7604853609002635,18.345231641152093,3.1666512585934644e-06,29.0422000314027
29,6,86,36,0.0970149253731343,3.1803373407685616,8.801675667702948,0.0007181081928575878,19.148674749188807
29,6,62,39,0.1007462686567164,2.395380250507836,13.881246687727339,3.7166649757763112e-06,13.46810548738054
29,6,20,30,0.0895522388059701,2.019497409491493,4.5837331450901075,0.0008085576768001478,12.548371105884527
29,6,57,35,0.0820895522388059,1.8158324878123233,5.22974926798325,2.0058159991917294e-05,11.481748099705584
29,6,61,32,0.1007462686567164,1.5185815178364785,3.752479536421696,0.00047395746483721327,9.324588681372138
29,6,0,37,0.1007462686567164,1.4319143510419443,5.1448096234828276,1.0537576944897236e-06,8.6608792578705
29,6,85,38,0.0895522388059701,1.4226473455200492,12.380464238775753,2.3483319274989324e-06,7.690616626396333
29,6,46,42,0.0932835820895522,1.3363596949108307,3.7574028373148596,3.843041937913082e-06,9.133255127382409
29,6,84,41,0.1007462686567164,1.029218189904823,3.66008658898836,3.358550132004037e-06,6.817157603069884
29,6,110,34,0.0783582089552238,0.23978352562556862,0.6718506531415437,2.353930476417025e-09,1.586075928743765
29,7,99,31,0.1038461538461538,5.918555994276289,18.03013116840888,0.001060958288018452,35.66371641507527
29,7,86,36,0.1153846153846153,3.8724756875912774,14.038734053304404,0.0013600440896977717,24.93418987035998
29,7,20,30,0.1,2.459066623040318,5.597729072617373,0.0010258004629608345,15.200532939654611
29,7,62,39,0.0923076923076923,2.2646183362518304,7.273630837898065,9.00096575686833e-06,14.546717650609548
29,7,57,35,0.1038461538461538,2.1538948282524006,7.926614406788709,2.164589049475355e-06,14.060418623173337
29,7,85,38,0.1038461538461538,1.9409024156601176,45.02742398341228,2.056896685369743e-06,7.606301182175985
29,7,61,32,0.1,1.6664640758701108,4.778328107975733,0.0008681249431466403,10.365004772648026
29,7,0,37,0.1,1.5891387748559862,8.950651368776864,2.660005036013985e-06,9.98048411733665
29,7,46,42,0.0961538461538461,0.40277662529351044,1.0591900232567601,3.3544383548018767e-09,2.823878511129033
29,7,84,41,0.0846153846153846,0.28365600764114646,0.729906208725114,5.826920045249803e-09,1.9078307783728368
29,8,99,31,0.1216209398575493,5.226364593092088,14.663514460594708,3.14960323630026e-05,36.74306759161943
29,8,86,36,0.1351353786223038,4.603925468522244,14.333548869675855,0.0039337448097057776,27.32656069921462
29,8,62,39,0.1261263533808169,2.5853013930964432,8.04310588005063,1.0915068995930449e-05,17.895074522173058
29,8,57,35,0.1351353786223038,2.0824079507546767,8.495985699725862,2.400188458797417e-06,13.070467325651974
29,8,85,38,0.108108302897843,1.5080080974586658,6.8800681695108725,1.8597407988948504e-06,9.550993323620725
29,8,0,37,0.1216218407600734,1.4699156640329283,4.240068082594612,2.227259929549424e-06,9.878816068341301
29,8,61,32,0.1306299650990362,1.2406701032240315,4.49455583849706,2.5936583186102105e-07,7.727607537767287
29,8,20,30,0.1216218407600734,0.8400064234458605,2.6778304500992935,1.8409193700258527e-07,5.43579658461608
29,9,99,31,0.1502586539218815,5.6538659525156465,20.179211542703694,1.1902259382743791e-05,38.979857944141244
29,9,86,36,0.1502586539218815,5.305397646113157,20.54788619982391,0.0019630475138308037,31.55355455983237
29,9,62,39,0.1554410588230417,2.862204478862704,8.877215946959165,8.451939212897138e-06,20.307574366043557
29,9,57,35,0.1554410588230417,2.5537680772293028,12.352782390324638,3.7466164477773106e-06,16.096100994888534
29,9,61,32,0.1347145480395773,1.6537036018409432,14.696534233715582,2.2260504234398147e-06,9.538188102435269
29,9,85,38,0.1243528470584334,1.4720467527794938,4.808171295039413,2.195489184358559e-06,9.467747699965189
29,9,0,37,0.1295331794121426,0.7610328493385733,1.9944747513226895,4.174786457500029e-08,5.703940986551858
29,10,62,39,0.1724137931034483,5.13753887156128,14.130618209191569,0.00915196232706695,31.94453022123122
29,10,86,36,0.1724137931034483,4.784088440690436,12.575633111236776,0.0009846692136477218,30.23156408768591
29,10,61,32,0.1666666666666666,1.751343573162046,10.93911538831324,3.426978159841096e-06,10.797822202470707
29,10,85,38,0.160919540229885,1.629021510241993,9.686334992304921,9.308374235824589e-07,9.972182797857476
29,10,57,35,0.1637931034482758,1.1133173788090849,3.757990333340176,5.768725584769852e-07,8.020309118888976
29,10,99,31,0.1637931034482758,0.9454304620319122,3.1318113700118464,1.1511421209460053e-08,6.580023564511558
29,11,86,36,0.2531645569620253,4.567245965113175,29.88105705528718,1.6435081001056273e-06,29.439249847157008
29,11,62,39,0.2531645569620253,3.482272239473382,14.572184397879356,1.8615197178656968e-05,25.08553773408164
29,11,85,38,0.240506329113924,1.9758657200741745,9.215912183174549,3.9298779902085025e-06,12.892476669363642
29,11,61,32,0.2531645569620253,1.5388421373836145,4.467145976464588,3.4000885812349143e-06,11.136891330820175
30,1,53,54,0.0792349726775956,5.282617425624533,27.29778408230464,6.6720235809643e-06,32.35793554184132
30,1,102,48,0.0765027322404371,4.993961453031508,16.26296858457895,9.94616898268629e-07,28.53594362930039
30,1,87,53,0.0683060109289617,3.5633511679235585,13.652748815720681,1.2529345341348164e-05,21.047505657136117
30,1,41,49,0.0573770491803278,2.5469692238454242,10.668646924032812,7.249450741815027e-07,14.125312015341972
30,1,22,50,0.0655737704918032,2.2278757797837505,6.649480529692281,6.265305903473546e-06,14.83595633462309
30,1,77,46,0.0655737704918032,2.2004890769186467,6.402350126134348,4.142094768823804e-06,12.924510740957103
30,1,5,57,0.0765027322404371,1.783838505810927,4.772302124894504,4.783613165560711e-06,10.964601163592588
30,1,52,52,0.0601092896174863,1.7084076707629754,5.291850318798987,8.00452090648065e-06,10.909404237582836
30,1,21,55,0.0683060109289617,1.4599109537412547,4.714173831090945,4.095813542841548e-06,8.439835576498458
30,1,82,47,0.0655737704918032,1.3870053335794832,4.400685014653838,1.952421508695473e-06,9.118025453006723
30,1,80,51,0.0737704918032786,1.0273114266251595,2.7846687174840516,4.240259147022342e-06,6.375628680989375
30,1,81,45,0.0710382513661202,0.8984296152835464,9.21755782547011,1.2432964296525395e-06,4.472302648907899
30,1,12,44,0.0655737704918032,0.8885454756247725,2.536500544988006,4.628360167480179e-07,5.658717307908336
30,1,68,56,0.0710382513661202,0.8370482734655341,2.099275732820336,1.3605823700452529e-06,5.404382849286415
30,1,74,43,0.0355191256830601,0.2638688092348182,0.8808705264150634,3.428536230978185e-07,1.7350182818106914
30,2,102,48,0.0727272727272727,5.107505589550435,13.380712324135228,1.3302441055372665e-05,35.33168031136977
30,2,53,54,0.0805194805194805,4.916103340959316,14.156124905723596,0.00019043378019492312,31.153247338407557
30,2,87,53,0.0701298701298701,3.8106569346637116,12.448958368684615,9.55268540435663e-06,25.158241206243567
30,2,41,49,0.0649350649350649,2.770514248381538,7.482494763833734,0.00015770136743943982,16.9434543977392
30,2,77,46,0.0571428571428571,2.4390145129790226,6.539527069262576,0.00014555090098687724,14.627310691804814
30,2,22,50,0.0623376623376623,2.191832851678632,6.9363143441078,2.0775168987953865e-06,14.370307018176893
30,2,5,57,0.0831168831168831,1.884572172446692,6.126564227893214,4.021553978208779e-06,11.947259734107869
30,2,52,52,0.0701298701298701,1.7757151237524924,4.2214575833887595,0.0001646998830706137,10.69469843396815
30,2,21,55,0.0623376623376623,1.7740654093804327,6.347348291227003,0.00013521805225910884,10.890162431094431
30,2,82,47,0.0675324675324675,1.5527554472324063,4.245312575123441,7.138390357384756e-05,9.28096295285486
30,2,80,51,0.0779220779220779,1.085199866597222,4.254688803199604,1.7635575869623487e-06,6.2929124258691465
30,2,12,44,0.0597402597402597,1.0358504963174693,4.67579399569115,7.983320149765268e-05,5.805336433937228
30,2,68,56,0.0623376623376623,0.9831684163961036,3.830040704622256,5.344587046541643e-06,5.468021246232883
30,2,81,45,0.0701298701298701,0.8183588123433503,2.254755185821798,9.040289181826506e-05,4.344684199746058
30,2,74,43,0.0389610389610389,0.04364793612213289,0.10705116971717282,1.705275821547575e-11,0.3029392947129898
30,3,53,54,0.0805369127516778,5.553736010733207,16.533483525650027,0.00037202159658868546,35.58603943539243
30,3,102,48,0.0704697986577181,5.009162909129799,14.601706579576204,2.877955293030514e-06,30.60473987937219
30,3,87,53,0.0805369127516778,4.257925702736493,13.866373402962727,5.925886032134416e-06,26.55072637406243
30,3,41,49,0.0637583892617449,2.90234428595372,29.161773031376534,1.2469635991548468e-05,16.10385998786747
30,3,77,46,0.0671140939597315,2.4457253496636895,7.48175028334545,1.580817108658076e-06,15.731133972316684
30,3,22,50,0.0604026845637583,2.1891207947071694,6.4248879510437344,5.928877777072772e-06,13.218771813827264
30,3,5,57,0.0805369127516778,2.164050518934049,7.182223402374518,0.00032273890328352614,12.494869392766653
30,3,52,52,0.0671140939597315,1.865529575402787,7.306650081822795,2.8036623700504836e-06,10.95958310275356
30,3,82,47,0.0738255033557047,1.7039706386547275,5.9024117544488135,0.0001493996555062623,10.259462106380433
30,3,80,51,0.0738255033557047,1.2833905555991867,3.4998144718867144,0.00012163769836575628,7.8627863052538896
30,3,68,56,0.0704697986577181,1.1454265310530074,3.5766953512038935,0.00011513141402785835,7.244434235924406
30,3,12,44,0.0637583892617449,0.8892787829825896,2.406981688828248,7.942309842544253e-06,5.568308657801794
30,3,81,45,0.0771812080536912,0.7351346862420193,2.018395148622489,5.641162081985074e-07,4.58238879386347
30,3,21,55,0.0704697986577181,0.1086093200879358,0.2813709573595243,1.217400848643204e-10,0.7799348787241196
30,4,53,54,0.0839328537170263,5.406650168944528,16.60962753538701,1.7838715013864344e-05,36.67503778765105
30,4,102,48,0.0815347721822542,5.047812330295166,28.816091565297466,1.4433794399402487e-05,28.778494810579854
30,4,87,53,0.0839328537170263,4.39837586340192,29.913728292210234,7.121978744557845e-06,23.555694528398323
30,4,41,49,0.0755395683453237,2.790088287183677,8.906892247624967,1.365461167484115e-06,18.54987688128668
30,4,5,57,0.0815347721822542,2.3438627065401247,6.016608553461385,0.0011963849623276759,13.640987664741978
30,4,52,52,0.0779376498800959,2.327475718900452,7.456710342241966,0.0007942239010619542,13.657888860054948
30,4,22,50,0.0695443645083932,2.3038163598423704,9.10983164144935,3.2335351279757583e-06,14.86481226836583
30,4,80,51,0.079136690647482,1.5650316244951838,3.27119584111835,0.0022470269687111144,9.221454552336333
30,4,82,47,0.0779376498800959,1.4712406370282736,5.464488637389502,5.727665144900868e-06,8.961086192254895
30,4,68,56,0.0707434052757793,1.346619094953672,7.770384866965186,0.0010693481819233984,6.867595052507845
30,4,81,45,0.0875299760191846,0.7611668682775398,2.1998993513771925,8.796791641433738e-06,5.110097451013147
30,4,12,44,0.0623501199040767,0.24317783688353575,0.6463573592262427,1.2268857568807887e-08,1.533620822547062
30,4,77,46,0.0683453237410072,0.19403999146073955,0.5338507878846622,2.038378958876356e-09,1.3101953948879805
30,5,102,48,0.0935064935064935,6.891196192586218,33.4134656103832,0.0007032845617347366,44.61417448200507
30,5,53,54,0.1038961038961039,5.321499789301775,16.31781488631891,5.3679990059346e-06,36.31343267423731
30,5,87,53,0.0935064935064935,4.798345967392842,14.761450506617845,0.0009484105410176217,29.328151407998643
30,5,41,49,0.0727272727272727,2.8751090117157174,11.70210147121394,1.916113175544773e-06,17.062527829691295
30,5,5,57,0.1012987012987013,2.3845859198941426,8.98802524086491,0.0006243065757218735,12.9631223240317
30,5,52,52,0.0883116883116883,2.270170064282985,6.304332127038743,0.00038109983755045383,13.491327441095475
30,5,22,50,0.0831168831168831,2.268535428657294,6.887162617858528,1.7005673134542991e-06,15.900918525024782
30,5,82,47,0.0831168831168831,1.4267826678725954,3.9187858889676446,2.7510272987721588e-06,9.85511293751712
30,5,68,56,0.0935064935064935,1.0016741861755847,3.4692643003258765,8.779220461010313e-07,6.317702059093991
30,5,81,45,0.0935064935064935,0.8676370772153663,3.4584564654398977,2.4288862738298943e-06,5.329303580152584
30,5,80,51,0.0935064935064935,0.1892671296351244,0.5432010389428902,8.265259001907765e-10,1.2577005776775458
30,6,102,48,0.0989010989010989,7.229465677603096,40.55757285047969,0.0009990454116699063,40.088993107217284
30,6,87,53,0.0989010989010989,6.8857532789723175,95.70432039899472,0.0008014948824536818,38.01905946779959
30,6,53,54,0.1098901098901098,6.04620774957697,21.698376414618668,9.95509452902063e-06,39.62448875818616
30,6,41,49,0.1098901098901098,2.8259531368054045,8.057601941173523,2.805589145798791e-06,18.174796887828812
30,6,52,52,0.1043956043956044,2.615541182830948,7.1783377215405055,0.000732846883357228,16.76138718713525
30,6,22,50,0.0989010989010989,2.3863391099697573,6.658781343492204,2.2030087108571545e-06,16.039899702285478
30,6,5,57,0.1043956043956044,1.976650108864673,6.783114621332165,1.5940120727572453e-05,12.623663369105438
30,6,82,47,0.0934065934065934,1.440437802558799,4.00513915323484,1.0339938383977795e-05,9.977102014811443
30,6,81,45,0.0934065934065934,0.8381787230375307,2.24776948982991,1.195046503543199e-06,5.999042618762257
30,6,68,56,0.0879120879120879,0.25817319253334875,0.6330144979172875,6.837449362410841e-09,1.7987033341962575
30,7,53,54,0.1192660550458715,7.588439745602764,53.35829202852542,0.0010852954384254312,42.73908443945204
30,7,102,48,0.1039755351681957,6.3312651203272425,31.349100453675444,3.0630876244860053e-05,38.30881088635515
30,7,87,53,0.128440366972477,4.018384121142514,11.942211032384108,5.340396846286696e-06,25.20375476623506
30,7,22,50,0.110091743119266,3.165408720233507,9.423926978253405,0.0005948958701789412,19.479010743867306
30,7,41,49,0.1039755351681957,2.9808722306453608,10.282129365110684,5.744482486903867e-06,20.45121901440893
30,7,5,57,0.1039755351681957,2.1711915694164685,7.381444731489281,1.0584487026083704e-06,15.528241171497747
30,7,52,52,0.1162079510703364,2.0450023533145023,5.990312399384888,6.426106860068782e-07,13.977390389807585
30,7,81,45,0.1162079510703364,1.198789002336908,2.996147718087039,0.0003881245156031194,7.5099997809697445
30,7,82,47,0.0978593272171253,0.22863758822241464,0.637831004330499,2.782900577161957e-09,1.6096194028554054
30,8,102,48,0.1363636363636363,10.260682130247575,77.88432369219655,0.002135731015154949,56.84678097273225
30,8,53,54,0.1331168831168831,5.646583549018749,15.722177794776695,1.953429381923731e-06,42.04892386842537
30,8,41,49,0.1136363636363636,5.083184902738678,20.926663120869957,0.007650049843995936,30.046356522149104
30,8,22,50,0.1233766233766233,2.7550963271457136,8.848469833780905,3.5142607461893988e-06,19.29535534373229
30,8,5,57,0.1363636363636363,2.672758198408084,8.29317313374862,0.00028845666819697554,17.351727421434155
30,8,81,45,0.1363636363636363,1.4995298835638244,8.383832743286584,0.00034312028468982443,7.90705455856475
30,8,87,53,0.1168831168831168,0.9259207047943387,4.131437198357938,5.3361451564801886e-08,6.441736811126539
30,8,52,52,0.1038961038961039,0.26857479941628476,0.7638034759336756,2.398796209624754e-10,1.952380572257488
30,9,102,48,0.165929203539823,10.220693519659804,143.99458091064068,3.774511162402431e-06,52.58449378171651
30,9,53,54,0.1769911504424778,7.768828132706148,32.98083512781077,0.0008021910433408465,53.380913200771296
30,9,41,49,0.165929203539823,4.5005450703256145,17.45223038300215,0.0004768098835900396,29.35028014111675
30,9,22,50,0.1570796460176991,3.79924859958045,21.94196405015642,0.0003602377039749279,21.65503702943924
30,9,5,57,0.1747787610619469,3.062773335152117,9.41204076779988,0.00036920527182064114,21.553385870259152
30,9,81,45,0.1592920353982301,0.21182823216979088,0.5734144293063852,1.2461749493766598e-09,1.6105588962004915
30,10,53,54,0.2547770700636942,9.130518319362494,92.33010084838881,2.4823558605753024e-06,58.34707944194911
30,10,41,49,0.2547770700636942,4.3494330765452265,21.314316270546723,1.0553661817748416e-05,26.24394169224028
30,10,22,50,0.2420382165605095,3.9849601712559903,29.365528757556653,3.292155371201888e-06,24.30862723137438
30,10,5,57,0.2484076433121019,2.911266067491523,13.355205987998723,3.5393874064071956e-06,19.348239006322782
31,1,18,69,0.0837696335078534,5.001474747173544,16.603312098037737,5.498115299827316e-06,32.36928894494168
31,1,60,61,0.0602094240837696,3.2320191311434807,11.51919117348139,4.122768211528207e-06,20.931189247070108
31,1,33,73,0.0732984293193717,2.9272473032334565,7.180821428698616,0.00016709219980412404,18.39537695295268
31,1,24,63,0.0706806282722513,2.918717045419211,11.11391219315031,0.000439398255790762,17.421526786518644
31,1,59,67,0.0680628272251308,2.446310827610598,9.35033464450629,2.489275963097293e-06,14.316964456984527
31,1,111,71,0.0445026178010471,2.0641150975001294,6.377275401777829,0.00030417481474299534,12.385321622086487
31,1,98,72,0.0732984293193717,1.9227897731523609,6.50870771456731,0.00010500636967537356,11.044824329615006
31,1,51,66,0.0523560209424083,1.8630649733475926,5.107149456515159,2.5448091559790884e-06,11.696046963674478
31,1,107,62,0.0549738219895288,1.637470257939214,4.081037851769875,2.818493459374745e-06,10.782901581388137
31,1,112,64,0.0759162303664921,1.3195859586590113,5.988084987121652,0.0001257939674769875,7.506864600672897
31,1,38,68,0.06282722513089,0.9914321524646635,5.236342511400377,1.1850464717716119e-06,5.902391768718481
31,1,97,60,0.0732984293193717,0.8712515616535406,2.7170142898319822,2.323456185989822e-06,5.663238698376249
31,1,104,70,0.0523560209424083,0.821462563938168,3.1451799629186685,3.6323001649800913e-06,4.741344885320275
31,1,94,65,0.0523560209424083,0.6456031416896979,1.7243558277057702,9.560894781234458e-05,4.0028603762292185
31,1,19,59,0.0549738219895288,0.36561105836738045,1.8195587356303242,6.935099585319093e-07,2.209536641866717
31,1,44,58,0.0471204188481675,0.07299620719624042,0.17476065022565207,7.55577668847857e-11,0.5103871973463784
31,2,18,69,0.0776699029126213,5.577832865309521,18.898740345195662,0.00032855004966837265,35.07347728704859
31,2,60,61,0.058252427184466,3.1836018037351552,9.691356341248913,3.985579542848624e-06,19.672899478109183
31,2,33,73,0.0776699029126213,3.121625391240134,22.511787989332635,0.00011834768181123845,17.18328048193256
31,2,24,63,0.0703883495145631,2.9265096765488545,14.770051072182381,1.2274660743578847e-05,17.8400193227319
31,2,59,67,0.0655339805825242,2.7368621528987402,10.954373401812015,0.0003034293248721865,17.31142966287899
31,2,51,66,0.0606796116504854,2.3555920345674544,12.406607601018935,0.0002711549619843168,13.136810983137204
31,2,111,71,0.0655339805825242,2.1025848321852143,10.284675595435129,5.427983752651861e-07,11.57650213334419
31,2,107,62,0.0728155339805825,1.9029644220376907,9.92856066218741,3.4554930245435443e-06,10.637737040780808
31,2,98,72,0.0679611650485436,1.8981709314421993,5.23057159622988,0.00020771788659790916,12.273952768052412
31,2,112,64,0.0776699029126213,1.3985691737887662,11.217247677582478,0.00014625167913709714,7.005859720037566
31,2,97,60,0.0679611650485436,1.0638465640463646,3.3651127240956638,0.00019262697549112076,6.3868171436583605
31,2,38,68,0.0679611650485436,0.8750999812497964,2.3609359682169027,3.835012861466274e-06,5.46144962651224
31,2,94,65,0.0631067961165048,0.49731761258972157,1.4791837689154004,1.5141682395585502e-06,3.1954088208608997
31,2,19,59,0.0509708737864077,0.3763466548134547,1.548295955841046,5.049027803480572e-07,2.4463219617108054
31,2,104,70,0.0558252427184466,0.07858653701308556,0.19873194970967864,3.597605973690805e-11,0.5428943786568393
31,3,18,69,0.0818858560794044,5.394682581191837,18.370282641124447,1.1350723452350242e-05,34.909303684994896
31,3,60,61,0.0719602977667493,4.449345521343689,26.658169788454945,0.0019187237311194887,23.913313559064335
31,3,24,63,0.0769230769230769,3.3343182726659717,13.649388512148825,0.0018382407199767166,18.974496857042677
31,3,33,73,0.0818858560794044,2.693573122910041,8.75618356057,3.1714443963910954e-06,17.257454914104134
31,3,59,67,0.0719602977667493,2.312274169660904,9.910237236301171,3.1186847009901615e-06,13.700804144757855
31,3,111,71,0.0570719602977667,2.279189808489625,16.378148801505436,1.1246216478905455e-05,12.327195574900044
31,3,51,66,0.064516129032258,1.989994845489193,8.843075755597804,4.540650461005927e-06,11.890207630247406
31,3,107,62,0.0669975186104218,1.9112384127055404,6.0692243622582795,3.64977058110724e-06,11.38126948293999
31,3,98,72,0.0744416873449131,1.6215219991637548,4.178144197829419,6.480939467749658e-06,10.32452469886638
31,3,112,64,0.0818858560794044,1.0849142271314804,3.460447134494636,1.6874884251344595e-06,6.708025826193544
31,3,38,68,0.0794044665012407,0.9009320352365282,2.900147058560922,8.735096809313044e-07,5.498687163247717
31,3,97,60,0.0694789081885856,0.8624559312803473,3.4932846713334715,5.9620324833135e-07,4.9614445137365
31,3,94,65,0.0620347394540942,0.5707460574411876,2.2969537102022337,3.7877416481487276e-07,3.56476369863137
31,3,19,59,0.0595533498759305,0.16137758406906982,0.4793449310823319,6.150215148001707e-08,1.0573290149730963
31,4,18,69,0.0878048780487804,6.101312103004854,18.8464042997743,0.0013594523470924305,37.61056313874058
31,4,60,61,0.0682926829268292,3.6522079262420997,16.765465890736646,7.437982171681813e-06,23.44320301772311
31,4,33,73,0.0878048780487804,3.0695369044755627,18.96023720922828,4.314720572676755e-06,17.568451487259892
31,4,24,63,0.0707317073170731,2.6585240381906496,7.640016134555241,2.1943221987341173e-06,18.87370828115899
31,4,51,66,0.0756097560975609,2.617979978164176,8.14193022676097,0.0012030033486510514,16.01446846992711
31,4,107,62,0.0682926829268292,2.607477822803557,17.757568463622043,0.00048421412430712504,13.839883090992803
31,4,59,67,0.0829268292682926,2.5611886676166074,9.155979356019701,1.3722274638937394e-05,16.23572133979464
31,4,111,71,0.0707317073170731,2.4277482788881257,20.527829301559866,2.1299671527379717e-06,12.432117196947384
31,4,98,72,0.0780487804878048,1.823683589122457,9.346507673515212,2.5536638896152775e-06,10.744115209533225
31,4,112,64,0.0878048780487804,1.1390697782492407,4.392617570884278,2.917864691712253e-06,7.3248311174808745
31,4,38,68,0.0829268292682926,0.929703205707029,3.3576385983038173,8.630630959622724e-06,5.373678411460908
31,4,97,60,0.0780487804878048,0.8376791746425323,2.3276382541447633,1.5642572363454873e-06,4.808785914210724
31,4,94,65,0.0609756097560975,0.15396204908004332,0.46600935292433787,5.316067145498829e-10,0.9849683379258308
31,5,18,69,0.0936454849498327,5.911048282405573,23.097488733031064,5.8611810654214354e-06,37.195757674171674
31,5,24,63,0.0746934225195094,3.54153467658744,11.309622108264772,0.0022701003296910194,19.120522917652895
31,5,51,66,0.0802675585284281,3.172983753100511,28.901935788987103,0.0004887453340655084,15.612534225502122
31,5,59,67,0.0791527313266443,2.8647147035852085,8.799339173419543,0.0005686025514117766,16.824979893378753
31,5,33,73,0.0914158305462653,2.8558287264490487,8.92248608047697,6.989197556130137e-06,18.67097178179998
31,5,111,71,0.0691192865105908,2.627375351629026,6.930898850810096,0.0009216947974260867,16.50398589499797
31,5,107,62,0.0802675585284281,2.5017831167115165,19.67276791721313,0.00027866055862394074,13.131559871841224
31,5,98,72,0.0858416945373467,2.220229669332714,7.642661132235514,0.00032889345270623656,13.744454077760677
31,5,112,64,0.0914158305462653,1.448194640520825,3.9817680906796924,0.00019880636147198908,8.368951129588647
31,5,38,68,0.0869565217391304,1.0258491750697802,5.178115384127406,1.0623442064335565e-05,6.046010789466983
31,5,60,61,0.0780379041248606,0.18753285649634127,0.5189858291889536,4.96878429010402e-10,1.3152246284097973
31,5,97,60,0.0891861761426978,0.1586967466560931,0.8450692915758489,3.476826109883664e-10,0.9634083785894373
31,6,18,69,0.1159420289855072,6.696889483099584,36.30385593493016,1.918515303755513e-05,43.10843954921329
31,6,24,63,0.0985507246376811,4.93765622611387,126.84670285170222,4.013544781055842e-06,18.773527192528903
31,6,59,67,0.0985507246376811,4.067884865222986,14.735099362883274,0.0038613569711152362,23.260374204355532
31,6,33,73,0.1072463768115942,3.2711186701253188,13.090706011263498,5.232648629062329e-06,20.966660147776444
31,6,107,62,0.0985507246376811,2.2791278162273327,19.534785360631957,2.270951603658158e-06,13.541674928910728
31,6,111,71,0.081159420289855,2.1216332804467326,7.028564692948218,2.681508656466446e-06,14.953555250332327
31,6,98,72,0.1043478260869565,2.0192179893348934,9.280070702422886,2.5522340350138827e-06,11.912362852511029
31,6,112,64,0.0985507246376811,1.1630637558338839,4.063173651385802,1.764964853125774e-05,7.502226414658051
31,6,38,68,0.1043478260869565,1.1540060057980392,4.5931697882088365,1.0822938076281095e-06,7.521219038799146
31,6,51,66,0.0927536231884058,0.8184662421586052,2.1844389394717036,2.391148248956091e-07,5.5835297958112795
31,7,18,69,0.1198156682027649,6.058040438270077,20.09462326204919,4.22236468532969e-06,41.85688563642972
31,7,33,73,0.1090629800307219,4.881177896760963,22.25335694336033,0.0015060088744824742,28.18304841883568
31,7,24,63,0.1121351766513056,4.265304001579477,17.921550367053264,0.0028432900483883906,22.699185038123797
31,7,111,71,0.0967741935483871,2.3826568886081336,9.3210004283457,1.0917007211534439e-06,15.538238110087347
31,7,107,62,0.1198156682027649,2.2183773584485897,9.280778078690593,1.1182803630010345e-05,14.113741408020033
31,7,98,72,0.1121351766513056,2.1340953487844057,10.475052389393733,1.1590360855307967e-05,14.00031088079625
31,7,112,64,0.1167434715821812,1.3488512745289285,6.416068795470353,2.1822702364337794e-06,8.273071444923414
31,7,38,68,0.1075268817204301,1.057685086020821,5.547701143771228,1.2082657106806135e-06,7.33949644492369
31,7,59,67,0.1059907834101382,0.6203646660134534,2.5206133310169347,3.238147511896705e-08,3.898986671975729
31,8,18,69,0.143312101910828,9.950307197021605,38.282919654201756,0.013237541192864242,63.29224096836826
31,8,33,73,0.1273885350318471,3.9970212053281164,12.614404063427713,0.0007650252084145052,24.37639536435276
31,8,24,63,0.1242038216560509,3.8146179787109884,27.498400899680565,1.0388316261671978e-06,26.18031716881768
31,8,107,62,0.1242038216560509,3.7690236456840944,39.93824458463439,0.0011128243698824189,17.930543178516523
31,8,98,72,0.1337579617834395,1.994813991232445,6.0081900197590405,4.85750894064439e-06,13.649425469867207
31,8,112,64,0.143312101910828,1.4643602121906034,7.476626886143007,1.8323953382648173e-06,9.618942488115746
31,8,38,68,0.1114649681528662,0.8038516952554388,3.2338164706183097,4.5579737831111643e-07,5.316870475003299
31,8,111,71,0.0923566878980891,0.4228863055650733,1.28448764369141,1.5068442141844046e-08,3.1045831732899125
31,9,18,69,0.1818181818181818,8.465192035718143,54.48086081042238,5.480515702168555e-06,53.82752725246459
31,9,33,73,0.1818181818181818,4.054569252484379,19.552448020011983,2.3667449136861097e-06,27.709161656735922
31,9,24,63,0.1568181818181818,3.2202405084314285,10.417028115786659,6.362112799550468e-06,20.547698859869342
31,9,107,62,0.1477272727272727,2.2963826007865924,8.525691065604601,1.5317623446117497e-06,15.84561575541718
31,9,98,72,0.1659090909090909,2.120207744223057,6.010691090232668,7.726605181102451e-06,14.81235527300627
31,9,112,64,0.1659090909090909,1.5511145921339256,7.414142048158911,2.2655228852042273e-06,10.002536042517193
31,10,18,69,0.2564102564102564,8.835736597075632,37.535801311821864,8.487133444868891e-06,63.308166719108755
31,10,33,73,0.2564102564102564,4.588367414070929,20.460173166772915,2.534190192493011e-06,32.41655837111874
31,10,98,72,0.2435897435897435,2.9531624819253417,13.685290030001722,7.791690313318942e-06,18.17448595413099
31,10,112,64,0.2435897435897435,1.463617329663807,5.453182928992115,5.413404379400645e-07,9.966297625362012
32,1,114,78,0.0779220779220779,5.678363623627417,24.163198229424633,3.060917447549671e-05,36.03287717534599
32,1,16,86,0.0952380952380952,4.278689647552269,39.45464650610228,8.587708537017387e-06,23.42682735657118
32,1,37,84,0.0519480519480519,3.6042052365543653,12.28898471140678,0.0004987044402016414,22.118618532584666
32,1,72,83,0.0822510822510822,3.2893292629309343,17.358048576983716,8.041571921770847e-07,19.630035682797942
32,1,43,74,0.0649350649350649,2.6526968276304066,8.88107219799852,0.0004043225450539299,16.38973642061291
32,1,9,87,0.0909090909090909,2.3906224811261754,7.159554703314098,0.0005052572446212307,15.547490502609438
32,1,1,79,0.0779220779220779,1.7301163503457697,5.103421654535501,1.6137079773169944e-06,11.66572623946198
32,1,45,82,0.0909090909090909,1.5276585046826423,5.759218221170763,0.0003454745658408375,8.523336859989529
32,1,4,77,0.0562770562770562,1.1594157459002667,3.8817412518747063,9.29106120533565e-06,6.7913052851115046
32,1,79,85,0.0649350649350649,0.8439686242721051,2.895259080779926,7.545919260805599e-07,5.474912316551855
32,1,83,75,0.0735930735930736,0.7824318988763544,4.0789758038191035,1.2248640839589423e-06,4.564753694322035
32,1,109,81,0.0519480519480519,0.7552783418366108,3.472378152416418,5.149746635681318e-06,5.0125146827331735
32,1,11,76,0.0692640692640692,0.45883715991349844,2.469545900035843,3.107204072607513e-07,2.960763429426006
32,1,78,80,0.0519480519480519,0.1376946106819235,0.9019407178610848,1.190736664666872e-10,0.8238517288193383
32,2,114,78,0.1008403361344537,6.177172531580111,30.671322918050638,2.0271096876374086e-05,36.768955362432386
32,2,16,86,0.088235294117647,4.330110230941908,13.872081569764413,0.0005132926529335626,27.637532641812157
32,2,72,83,0.088235294117647,3.395203239500739,15.74421942351319,1.1932364553102499e-05,20.930064130926894
32,2,37,84,0.0630252100840336,3.365039445110266,13.860159033964054,5.0591010199454e-06,20.255281971720226
32,2,1,79,0.0630252100840336,2.4362692617886212,9.318963067572383,0.000600353700842922,12.62331185827642
32,2,9,87,0.0840336134453781,2.012150292364285,8.86391416039414,1.4976466655349763e-06,11.912617673079179
32,2,4,77,0.0798319327731092,1.4830261636738757,4.277671613554614,0.0002483985524031016,8.900388133135598
32,2,45,82,0.1008403361344537,1.2732531600593096,5.914821341270414,7.071935850013169e-07,7.026605439331587
32,2,83,75,0.0756302521008403,0.9653997228010983,7.93019414116334,1.6464095378738824e-06,4.7669581354895225
32,2,79,85,0.0504201680672268,0.8404412087076828,3.8425511482017196,5.798749464157314e-07,5.249771989099308
32,2,109,81,0.0756302521008403,0.7863249616183906,3.672409023433468,3.7679988732543085e-07,4.945644669728077
32,2,11,76,0.0630252100840336,0.49738741575010886,2.731185270658333,3.7947700468987794e-07,2.9848699289807854
32,2,43,74,0.0672268907563025,0.24346584652823589,0.6984762865856352,3.7901882492343584e-10,1.56260976496498
32,3,114,78,0.0990712074303405,5.299100499378708,15.41043994178848,3.9748669993835205e-06,33.26520947286182
32,3,16,86,0.0990712074303405,4.322180284357765,18.422672981598783,1.1601898555572772e-05,26.449898000035617
32,3,72,83,0.0835913312693498,3.6159662051910915,19.09570997784644,0.0005974632471378007,22.50585348416169
32,3,37,84,0.0743034055727554,3.0886629196463424,9.367425008082707,2.275479452410759e-06,19.618629722872306
32,3,1,79,0.0681114551083591,2.3973311318963906,15.071548229381081,0.0002483353704474834,13.057346932197412
32,3,9,87,0.1052631578947368,1.9596799233593156,6.491986651015826,9.917953319329968e-06,12.572494485084944
32,3,4,77,0.0743034055727554,1.5073817321188685,16.813496217464873,0.00014547468180636807,7.641334627206571
32,3,45,82,0.1052631578947368,1.4164935532653884,8.638252414003716,3.402731979625502e-06,7.817716374133258
32,3,83,75,0.0804953560371517,1.0742039045171192,13.685136663738216,9.586635461995301e-05,5.107073839330446
32,3,79,85,0.0712074303405572,0.8143313290736933,3.799027544142836,7.699706910020495e-07,5.040329768557878
32,3,11,76,0.0773993808049535,0.6294683596886572,6.855897338139122,8.044120151869534e-05,2.915741992644669
32,3,109,81,0.0619195046439628,0.09761727932036303,1.4511403109444099,7.219110875691968e-11,0.45350584822027407
32,4,114,78,0.1125,5.879177094315635,22.401950417351564,5.200553318558836e-06,37.346288881241925
32,4,72,83,0.0916666666666666,3.907376614246555,39.28270087496214,4.8824589118580376e-06,21.725853309916673
32,4,16,86,0.1,3.7024978124393537,13.162267848799306,4.752589430170411e-06,23.125660776265633
32,4,37,84,0.0875,3.2833426816033504,11.796928640361699,1.5111695899170952e-05,22.352018817049014
32,4,9,87,0.1041666666666666,2.309720435104894,21.072920269267453,7.4122588044691896e-06,12.93728989206624
32,4,1,79,0.0875,2.205260040596121,12.629559022742104,2.0247853420308443e-06,12.675209190205159
32,4,45,82,0.1,1.3602434938422596,5.367298601628618,3.64809383040272e-06,8.744455280648145
32,4,4,77,0.075,1.1711529421603972,3.461235977122619,3.494299029457298e-06,7.969220374353028
32,4,79,85,0.0791666666666666,0.8420734583159879,2.846077174100527,8.164727788870561e-07,5.418687554358845
32,4,83,75,0.0875,0.7837688708619901,2.679447351597605,4.4289950322690173e-07,4.8001988990801285
32,4,11,76,0.075,0.6167588889341474,5.8879847698223395,6.899671116377662e-07,3.1872617293238386
32,5,114,78,0.1166666666666666,5.941846714391006,17.353617260064983,3.06046988686828e-05,42.55955149809791
32,5,72,83,0.1,5.054807150873634,25.313349109794007,0.002276940615674671,26.855748186224393
32,5,16,86,0.1166666666666666,4.408880761969566,19.187456402498675,1.0300116121852144e-05,25.65196317851606
32,5,37,84,0.075,3.5834550750213214,17.83704696497683,1.5761671249749718e-06,21.02263492623154
32,5,9,87,0.1,2.1473702781825095,16.502591647103188,1.616110804518315e-05,13.482382309593236
32,5,45,82,0.1125,1.341026438231491,4.126654066233097,3.41055734339488e-07,9.015293521656133
32,5,4,77,0.0875,1.2188943819760967,6.549924443345502,2.721100529273827e-06,7.503874582720854
32,5,79,85,0.1,1.0706250117392881,6.181143265479284,2.767094882663381e-06,6.397439966734542
32,5,11,76,0.1,0.4819461110328789,1.9316611138800865,3.600444240192622e-07,2.946471244611691
32,5,83,75,0.0916666666666666,0.43738336074131484,1.6054072450535015,4.4050803580630877e-08,2.559075910787336
32,6,114,78,0.1304347826086956,6.529863739608196,36.84012568886506,9.34230750257522e-06,39.60759144873709
32,6,16,86,0.1180124223602484,5.665986984442422,29.210397317443928,0.0022976112739595844,33.71266358620596
32,6,72,83,0.1149068322981366,4.413692847680203,39.892421196837205,1.872433084374167e-05,25.676221775937638
32,6,37,84,0.0900621118012422,3.8437456029556043,14.918192748899287,3.1010716515218536e-06,26.032408544616196
32,6,9,87,0.1273291925465838,2.3851725605693086,12.51081991092459,1.8813853133270374e-06,13.093690598731397
32,6,45,82,0.1211180124223602,1.4201594895869063,5.955107074269103,7.336391898228161e-07,9.155430079102501
32,6,4,77,0.0962732919254658,1.3464010324617983,3.9956480265079213,2.9504950851599044e-06,9.48106864638997
32,6,79,85,0.1024844720496894,0.6110908928553587,3.5729172652728987,1.980608139144233e-07,4.039691993961684
32,6,11,76,0.0993788819875776,0.5179680222469655,3.809673174187031,3.9137410333219954e-07,3.1414122116034813
32,7,16,86,0.1276595744680851,8.290809395002139,86.61916856133,0.0034020190782197966,43.35296433521133
32,7,114,78,0.1312056737588652,7.22219973888106,40.5390606055857,2.1535214379626606e-05,43.483675670258364
32,7,37,84,0.1134751773049645,4.22117951155453,21.32603565403494,2.219717453959699e-06,24.26563150887394
32,7,9,87,0.1312056737588652,2.4746086023098055,15.719961596263683,2.3001200124382696e-06,13.76073146642811
32,7,72,83,0.1294326241134751,1.7141254823658472,16.0946743915252,2.3488501517334874e-07,9.915589953410077
32,7,45,82,0.1276595744680851,1.5285241952652895,9.204180421980213,5.307277095610561e-06,9.257391296145089
32,7,4,77,0.1241134751773049,1.3519866492910886,7.8341778396262045,6.159470548183007e-06,8.097479311005324
32,7,11,76,0.1152482269503546,0.5581639457335946,2.826127052594503,2.213012187690232e-07,3.753361494401095
32,8,114,78,0.1581027667984189,7.121737641183077,35.10016979719541,2.8406955587123195e-06,43.3972464018144
32,8,37,84,0.1106719367588932,4.940516038118829,20.9401186426312,0.0020152228625674447,33.387338659887966
32,8,16,86,0.1541501976284585,4.917550524722077,16.89054645477428,4.467647667273713e-06,35.81162570595564
32,8,9,87,0.1660079051383399,2.1999327292980304,10.747881387816374,2.5471176934683112e-06,13.604682938247118
32,8,45,82,0.1304347826086956,1.7144236228544423,13.072368682411893,3.4576448577308426e-06,8.942869522247028
32,8,4,77,0.1422924901185771,1.6609158513166513,9.739914649073356,3.352131890197308e-06,10.370342454645074
32,8,11,76,0.1383399209486166,0.33384649392624516,1.2070965162412284,2.5648001569924795e-08,2.3141818622156056
32,9,114,78,0.1855203619909502,7.943244958457718,39.81662382969724,3.215816176410517e-06,50.88263321292707
32,9,16,86,0.171945701357466,6.406453471850752,25.98074333530199,0.0008743760828720882,41.26524779253395
32,9,9,87,0.167420814479638,2.796974225719535,15.509524511858007,2.7718443503752924e-06,18.352482459213324
32,9,4,77,0.1447963800904977,2.6160872418234566,10.81677391687414,0.0003944141221099984,15.586256747449967
32,9,45,82,0.1945701357466063,1.7926142980306075,8.353978201063647,6.299737675202803e-06,12.132561964148689
32,9,37,84,0.1357466063348416,0.6072415247763209,2.4227198140691417,6.991319641915921e-09,4.385765686686325
32,10,114,78,0.2105263157894736,8.501020837737013,45.00384477476809,7.0630435106954586e-06,55.38220035587063
32,10,16,86,0.2070175438596491,6.092325466763268,35.8069387016557,6.445101729120857e-06,37.34298741935225
32,10,9,87,0.2035087719298245,2.9410722800429903,14.33269081866543,2.6844286080246555e-06,20.092720905953474
32,10,45,82,0.2,1.942097435297221,9.750127855272734,1.948121069452716e-06,10.94540423201962
32,10,4,77,0.1789473684210526,1.8734178680015654,9.04729026058809,5.465889397467618e-06,11.645128173608093
32,11,114,78,0.2061855670103092,11.376386360730217,105.82266773481864,7.775996033367932e-06,63.19226964910988
32,11,16,86,0.2027491408934708,6.768477345258371,37.77805747793,2.3388448880498955e-06,38.99644500349098
32,11,9,87,0.2027491408934708,4.352796164275467,44.278089270066566,2.972622623614523e-06,23.943955002696736
32,11,45,82,0.2061855670103092,2.342357797309291,13.741019426833741,1.2392113035649337e-06,14.160158342691275
32,11,4,77,0.1821305841924398,2.175430399345767,20.4926739580128,1.0850063704571695e-06,12.882444350987312
33,1,15,91,0.0931174089068826,4.537065126071472,18.149679815252203,1.2035616399348764e-05,28.15866996760801
33,1,101,94,0.0850202429149797,4.077200911192497,35.21521010692762,7.2242782123496465e-06,24.428597388112866
33,1,40,95,0.0728744939271255,3.4802555873735,12.534373794778679,1.841452229166646e-06,21.55702507617722
33,1,13,97,0.0728744939271255,3.402982965272187,33.651797491161794,8.61493273503329e-06,20.820555933520254
33,1,54,100,0.0850202429149797,3.116687030576279,10.28447767234865,1.1246832541220041e-05,20.2343725599519
33,1,48,99,0.0769230769230769,3.0555601956897633,9.35080456496955,4.206302429179515e-06,19.441971694154713
33,1,7,96,0.0728744939271255,2.102958293728049,7.72470878343194,4.45465386038377e-06,14.336346865673333
33,1,26,93,0.0809716599190283,1.9667206680917906,6.647498581794073,6.591527185988857e-06,13.198186319846418
33,1,28,92,0.0890688259109311,1.8866898015939653,6.923001091655328,2.0363453644344603e-06,11.777467983656907
33,1,106,88,0.068825910931174,0.9740886945091612,3.7325204442843325,1.5302825854884602e-06,5.685479471190587
33,1,88,98,0.0769230769230769,0.9684083155044187,3.828365316129836,3.862210480331207e-06,5.694774112051968
33,1,31,89,0.0607287449392712,0.507661034798531,3.7090794737814137,1.92472821001804e-07,2.7840589105556375
33,1,91,90,0.0647773279352226,0.3314401842363974,1.2721461869501414,1.890138696539738e-06,2.0232906445698284
33,2,40,95,0.0813953488372093,4.6211876934748615,36.440760836330576,0.0004495375799800483,25.825258655825447
33,2,15,91,0.0930232558139534,4.608896633271587,15.789269675398323,1.165389293351816e-05,34.233080811676366
33,2,101,94,0.0852713178294573,4.163023127027492,34.47480686188042,3.2146120077293773e-06,23.65071886731594
33,2,48,99,0.0736434108527131,3.962100321243759,16.602848074366463,0.0006067257185040063,22.013034396902924
33,2,54,100,0.0852713178294573,3.9348727886034647,20.49247062322712,0.0005378592044678534,22.16692495164799
33,2,13,97,0.0775193798449612,3.2512728248946994,10.38437896779349,0.0006540692810797174,21.29390185634821
33,2,26,93,0.0813953488372093,2.069063440852483,8.368297758500093,2.512926851401216e-06,13.114363712491043
33,2,28,92,0.0852713178294573,1.7892904961854603,5.51273004865499,9.706749824940887e-06,11.030551482916112
33,2,88,98,0.0813953488372093,1.2115220917140679,4.6449576377376305,0.00017481755288892447,6.961676117604944
33,2,106,88,0.0736434108527131,1.011223790072158,4.2731065460771465,1.1960627363397775e-06,6.022599769994569
33,2,31,89,0.0581395348837209,0.4240336153702908,1.7026645233357967,1.8000697176411698e-07,2.5020335965332974
33,2,91,90,0.0581395348837209,0.322521282946701,1.6298745147916258,2.9462861004450044e-07,1.9772634372138342
33,2,7,96,0.065891472868217,0.14829602089112764,0.36656725219928055,1.074163695924849e-10,0.9866334716848166
33,3,15,91,0.1084905660377358,4.45392581247317,16.459634406425714,2.03674123560664e-06,29.545548791490187
33,3,40,95,0.0880503144654088,4.25572015659463,22.10616911474968,0.0010822033347663918,22.448424566540584
33,3,101,94,0.0974842767295597,4.164064615987782,15.932819493396076,0.0009408910885070631,24.80328865682358
33,3,13,97,0.0959119496855346,4.01209529114442,19.621643398989338,0.0007453040160596351,24.783967748084578
33,3,54,100,0.110062893081761,3.5680915874381394,14.313755341571042,4.025341604664795e-06,22.714495353499736
33,3,48,99,0.0974842767295597,3.2542057857933515,11.364636431577718,8.515424329645879e-06,20.832147869132807
33,3,26,93,0.0943396226415094,2.9340950302752105,34.83789760561204,0.0004058976189429107,14.869865773579988
33,3,28,92,0.0817610062893081,2.134511504553759,9.663626778265906,0.00047504207459722316,12.626723732992279
33,3,88,98,0.0880503144654088,1.4277338565245075,4.901395541651395,0.002136222704670984,7.631704493779069
33,3,91,90,0.0660377358490566,0.11317532510238786,0.40027201297178583,2.545147016792013e-09,0.7410360039799848
33,3,31,89,0.0723270440251572,0.10212368838573863,0.29122708726905,3.7566416578290495e-09,0.6376111488715848
33,4,54,100,0.1224489795918367,5.061474211482808,14.710145157695722,0.003969201571759513,28.935842617615357
33,4,15,91,0.1088435374149659,4.618514920356483,15.441001030650082,3.3769630939156463e-06,32.033806350972135
33,4,40,95,0.1088435374149659,4.46036441493143,33.70072559611862,1.1457637110126473e-05,26.974707010737493
33,4,101,94,0.1122448979591836,4.165045448197416,20.654190521188898,2.369787421972755e-06,24.60398943822845
33,4,48,99,0.1088435374149659,3.8241080190137606,19.676348003214166,3.476423856284551e-06,21.35831592265902
33,4,26,93,0.1224489795918367,2.3351863459507785,24.159348829322855,5.247317796946547e-06,12.112575799768925
33,4,28,92,0.0986394557823129,2.1315222827310425,11.141070325698497,1.1366413304341373e-06,12.582970618485739
33,4,13,97,0.1088435374149659,1.1974694529443872,4.420535020389218,1.5372943356174965e-07,7.734641367286238
33,4,88,98,0.1088435374149659,1.0440740865612488,4.056815075148758,1.5243499127192546e-06,6.21566686073717
33,5,15,91,0.1336633663366336,5.31390845810067,30.72470096022836,1.5451184821144839e-06,36.324514959469305
33,5,48,99,0.1262376237623762,4.902355941657842,16.59029218233345,0.0021900401283595347,32.39831660495514
33,5,101,94,0.1188118811881188,4.603760825937309,25.897186469431787,2.977755575603428e-06,28.638355798659568
33,5,54,100,0.1287128712871287,4.022091083324363,18.826024499049964,9.297102397479758e-06,25.25966846641043
33,5,40,95,0.1287128712871287,3.9304903852409656,17.551564965523337,2.563604794086679e-05,26.242255437730854
33,5,26,93,0.1262376237623762,2.743097388565773,7.613120779947582,0.0015112914973814293,18.64430226979298
33,5,28,92,0.1188118811881188,2.389286977549251,14.644128662408637,4.081295692253923e-06,12.320615962798131
33,5,88,98,0.1188118811881188,0.3762663541910877,1.7907275013776183,5.8222387165936905e-09,2.337144224429341
33,6,15,91,0.1553398058252427,7.351346448261063,34.55108186550298,0.0011724719167439267,46.61303951093044
33,6,40,95,0.116504854368932,5.302419531742947,19.08535286038616,0.0015303676797583164,31.921892040107267
33,6,54,100,0.1553398058252427,4.23088922195985,40.057332276701224,3.451467059083635e-06,26.890488546883276
33,6,101,94,0.1359223300970873,3.905724779411289,15.53827391150142,3.9413961295861586e-06,27.747794995623536
33,6,26,93,0.1359223300970873,2.4931829439532223,11.438255920467848,8.141955292881556e-06,14.35283522516369
33,6,28,92,0.1504854368932038,2.22675553430378,11.017039573552765,4.819655928451853e-06,14.13243242038225
33,6,48,99,0.1504854368932038,0.7321287162551446,2.4953512935895503,9.7713640365727e-09,5.078679723220722
33,7,15,91,0.1875,7.458669925610808,27.36877699988053,0.004934526615691002,45.35243567579708
33,7,40,95,0.1625,4.9789167689664104,29.975715550588024,1.4781646121574448e-05,28.384397662126204
33,7,54,100,0.171875,4.602538320840405,21.176233357665062,1.8885260323311108e-05,27.573514641354837
33,7,101,94,0.16875,4.346677998020595,18.191433512781167,1.9455543326552117e-05,28.394641258129766
33,7,26,93,0.159375,2.4412347200857116,10.837564986747777,3.119596146560088e-06,15.265898297284245
33,7,28,92,0.15,1.108019617712099,7.878743482726441,7.669665748582857e-08,7.092858190119361
33,8,15,91,0.2071428571428571,6.608118596262542,36.025934892854586,2.5391409227678082e-05,40.670120983501576
33,8,40,95,0.2035714285714285,5.074314807089673,23.053048268221772,2.5140304083987363e-06,35.2274921062495
33,8,54,100,0.2071428571428571,4.846710720326766,33.06847197545993,7.56613321089247e-06,27.59260596241903
33,8,101,94,0.1892857142857142,4.706709961828483,17.557046116311014,5.073148024229887e-06,34.53099802183923
33,8,26,93,0.1928571428571428,2.7317183216595313,10.439635382275593,9.129390121204528e-06,19.901361169615928
33,9,15,91,0.2061855670103092,7.179884607440494,63.8411974339971,7.70102842789133e-06,42.596262422436574
33,9,101,94,0.2027491408934708,5.807816417470573,39.43657306744974,4.076967166458075e-06,40.22526525613395
33,9,40,95,0.1958762886597938,5.457706221814475,35.70571931294694,3.667301345248041e-06,31.114667251101107
33,9,54,100,0.2027491408934708,4.767508375697309,21.771461545737257,1.5095581023528417e-05,32.10451666777469
33,9,26,93,0.1924398625429553,2.9276664640307977,11.944497246925541,6.513082321707071e-06,23.000880595843352
34,1,92,107,0.0914634146341463,5.14128276533339,21.40734769565792,2.121861819740508e-06,32.40629450833232
34,1,2,111,0.0792682926829268,4.286414193348298,15.160402316446978,8.240377723122434e-06,27.920604071814395
34,1,58,105,0.0609756097560975,4.055779844092111,15.463265157981809,1.2332201515294844e-06,26.17078115998328
34,1,47,112,0.073170731707317,3.381973814578443,12.746292959798549,3.219116797819378e-06,22.331046426324097
34,1,71,109,0.0792682926829268,2.8630344372857977,12.200677944915585,1.577824104519702e-06,17.786329984098078
34,1,29,114,0.0609756097560975,2.7520223786550697,11.410248556376953,3.937626942553433e-06,16.944401576708067
34,1,113,113,0.0914634146341463,2.459550558836822,7.734466511527113,1.4590702544294737e-06,16.291166657161696
34,1,95,110,0.0609756097560975,2.0556927226969526,7.536150326808986,7.3660078067927805e-06,12.208871630398253
34,1,39,108,0.0853658536585365,1.539381624429227,7.555839361844811,2.5458659370938483e-06,8.657242035406803
34,1,25,102,0.073170731707317,1.5000369116531103,6.529893422144752,4.0942242171307884e-06,8.31685285559856
34,1,10,104,0.0609756097560975,1.293071634768339,6.2166020337249766,3.0777786642702582e-06,7.577244150238761
34,1,30,103,0.073170731707317,0.9144501978027982,3.3376623571847457,1.1122553796801725e-06,6.045363113598948
34,1,6,106,0.0548780487804878,0.8173702864501516,3.123705531162283,3.653392182624712e-07,5.39274587037925
34,1,23,101,0.0548780487804878,0.8051415779394612,3.1654951266280853,1.930924827377265e-06,5.102508284361934
34,2,58,105,0.079136690647482,5.414396727706818,17.365907132766278,0.0010157783658208872,35.27854553536442
34,2,92,107,0.079136690647482,5.35398226550128,25.094245051957785,8.15215104435362e-06,35.2551524746129
34,2,2,111,0.0755395683453237,5.193781004898708,31.632123802567367,7.134596273951614e-06,33.340285616320976
34,2,71,109,0.0755395683453237,3.9549559373325733,21.604893409044088,0.001535422136785733,20.294228699875912
34,2,47,112,0.079136690647482,3.40543693291785,13.603455699744874,6.2217023356692015e-06,20.39395329153162
34,2,113,113,0.079136690647482,3.176531181748523,10.179165404264447,0.0005438621973339133,21.86505217688818
34,2,95,110,0.0647482014388489,2.9760099888141442,13.5536444128806,0.0006880179616780272,17.734180305134544
34,2,29,114,0.0719424460431654,2.642497546735551,9.758340162016559,1.5286358513144593e-06,17.69134466383465
34,2,39,108,0.0755395683453237,2.4275751680053506,9.162271879153892,0.002728398825710398,14.105960176851783
34,2,25,102,0.0683453237410072,1.4978142517083326,8.857523943191664,3.4892680747700264e-06,8.34442405505102
34,2,30,103,0.0755395683453237,0.8900911685776631,2.6292638086993185,2.5279262914672197e-06,5.827865626429807
34,2,6,106,0.0575539568345323,0.8434717894287678,2.8929265178175934,7.336884898566809e-07,5.706438238239017
34,2,23,101,0.0539568345323741,0.27280704768240144,1.3120055985429673,1.5570571040193543e-08,1.7172910528666014
34,2,10,104,0.0647482014388489,0.18893841801997383,0.6484453997222412,1.0768941348013498e-09,1.2649425998401063
34,3,58,105,0.0933852140077821,5.468845581723599,21.965038156328667,0.000297654742702654,35.47018794863291
34,3,92,107,0.0856031128404669,5.277124855982639,16.01815655942307,0.00025404596361583757,34.90074445669429
34,3,2,111,0.0894941634241245,5.102698774317587,32.27512567985475,1.6205228194445033e-06,30.212464982544724
34,3,47,112,0.0739299610894941,3.4680858136425803,14.497974572456801,1.163529566938132e-05,22.945656472002867
34,3,29,114,0.0894941634241245,3.188781411469477,12.776515214783682,0.0002961220363272284,18.61628901780596
34,3,113,113,0.0933852140077821,3.171859598715406,18.347415990352246,0.0003910084557240595,17.7757677680401
34,3,95,110,0.0856031128404669,2.528639362481828,11.99762999994829,3.2966434985247593e-06,15.135043280736001
34,3,39,108,0.0856031128404669,1.5721559222269734,8.620611928542955,3.2275547718125047e-06,10.116077643746145
34,3,25,102,0.0817120622568093,1.5499606086417863,10.837332916302204,3.0425164612603495e-06,8.622244986046885
34,3,6,106,0.0700389105058365,1.0335051531253057,3.165178515005063,8.808036966272996e-05,6.412283895797536
34,3,30,103,0.0817120622568093,0.9160001764079645,2.8505970778134944,1.3553854742548585e-06,6.38545107965223
34,3,71,109,0.0700389105058365,0.1843168877644142,0.6639353388472876,3.939326254102012e-11,1.2181355617849752
34,4,92,107,0.0887096774193548,5.796377728887106,22.119799779300916,0.0005838043118342812,38.112359986471255
34,4,2,111,0.0967741935483871,5.450417224186556,33.997285149483425,2.141617237371846e-06,29.71440285403346
34,4,58,105,0.0967741935483871,4.580680867336047,16.170331603292787,7.094888125642834e-06,31.390858467307677
34,4,47,112,0.0927419354838709,4.3324890782014025,25.76125826975598,0.00026708224720991587,26.57981245194452
34,4,29,114,0.0927419354838709,3.150761028921257,14.001090491286181,6.736737846061075e-06,21.603456213627368
34,4,113,113,0.1008064516129032,3.0430921315033346,9.253808559251583,0.0003411679730784964,19.55718089263143
34,4,95,110,0.0846774193548387,2.7632833103191308,14.629425368040803,1.0338552157506538e-06,16.931963968117476
34,4,25,102,0.0846774193548387,1.8156885058495476,10.986334236334187,0.00023876491820929287,9.883746454464818
34,4,6,106,0.0725806451612903,1.0991359402472756,4.338604325296517,0.00011020594904053185,6.294622806458281
34,4,30,103,0.0967741935483871,1.0317504775698665,5.751561584667684,2.3182025846550522e-06,6.622251187530312
34,4,39,108,0.0927419354838709,0.13388657617424854,0.501278086068171,2.6791729877994304e-10,0.9378279909342654
34,5,58,105,0.1022364217252396,5.793369446055666,32.84192918875749,7.2247129411127366e-06,36.703928743020725
34,5,92,107,0.1118210862619808,5.562464940201002,23.500963900268296,1.9779975978173525e-06,34.04071496020489
34,5,2,111,0.1118210862619808,4.775686668193033,15.016579885968463,5.8360006157719535e-06,33.90253971660435
34,5,47,112,0.0926517571884984,3.875811227840818,17.436482248440367,1.816954365130695e-05,23.763211575840117
34,5,29,114,0.1150159744408945,2.97467042368246,10.919406647527447,8.765517454603703e-06,18.58141430635195
34,5,95,110,0.0958466453674121,2.6351125520797565,15.788190372502777,1.5616827623391594e-06,15.37367838258563
34,5,113,113,0.1054313099041533,2.6115706645819077,9.634400366381247,3.1381804669566805e-06,16.31241196921702
34,5,25,102,0.0926517571884984,1.5612728008171997,7.110948757281598,9.310428200288443e-06,9.662990268566084
34,5,30,103,0.0958466453674121,0.9710840450276775,3.2491186160860877,5.653594868102658e-07,6.046359380443484
34,5,6,106,0.0766773162939297,0.7601449483179907,2.5612432668108718,3.1109673534871726e-07,5.095772864389028
34,6,92,107,0.1058823529411764,6.799863130840777,25.691058641553873,0.0012403954771947343,41.653376334354206
34,6,58,105,0.1147058823529411,6.489455569833339,23.306026291279554,0.0021044037710666683,41.49266223231175
34,6,2,111,0.1029411764705882,5.061400389646269,20.20550495554575,7.838422609371955e-06,32.58136060168512
34,6,47,112,0.0941176470588235,4.737667663082829,47.146929886188616,5.949241580253412e-06,27.832353059796308
34,6,29,114,0.0941176470588235,3.264582439795534,18.599889007328983,9.27295597069294e-06,18.563802373624785
34,6,113,113,0.1147058823529411,3.048503054769003,11.913187405886685,1.2213721213561987e-05,19.31689312567154
34,6,25,102,0.1058823529411764,1.4389620384254476,5.8661509454407526,5.297748443789493e-06,9.132235091926173
34,6,30,103,0.1058823529411764,1.052754452475402,4.22575957571502,2.3501411306316554e-06,6.782223171704538
34,6,6,106,0.0794117647058823,0.8717267269355757,3.3354079350914474,8.634790548301173e-07,5.9624794463868005
34,6,95,110,0.0823529411764705,0.7698115705558415,3.4286997238932164,2.440303705226988e-08,5.1682231868171895
34,7,92,107,0.1234939759036144,7.3710569618604165,80.00204173553973,8.077611186814011e-06,39.55294521965496
34,7,58,105,0.1144578313253012,5.748113022105474,33.208421984505286,6.904674953191622e-06,30.81825941525877
34,7,2,111,0.1295180722891566,5.267319331093015,23.785390626120645,8.90656712533309e-06,36.72130081254794
34,7,29,114,0.1144578313253012,3.3045700539816885,17.763298444972,1.26319775800316e-05,20.870990462068004
34,7,113,113,0.1265060240963855,3.1169767511640445,10.968817781670015,1.5156756995619452e-06,21.725270326103708
34,7,25,102,0.1054216867469879,2.097883749626677,6.382469361158681,0.00042049767862812015,13.703624044015948
34,7,30,103,0.0963855421686747,1.6017979378398306,5.588754301457746,0.0005393956571482533,10.536093118388292
34,7,6,106,0.0873493975903614,1.0463891453690357,5.415897682186106,4.359706016634251e-07,6.345534911730953
34,7,47,112,0.1024096385542168,0.36859015783361193,1.3569674168922001,2.7237247781896015e-09,2.5118961013019194
34,8,58,105,0.1293532338308457,9.72612807257873,157.2043549527541,0.0005280708334666896,49.51826973085155
34,8,2,111,0.1276948590381426,7.351833742332846,42.911216999382546,0.0006529997417569708,42.15798110186905
34,8,92,107,0.1260364842454394,6.825909269280789,53.029139582119484,1.1175393321622812e-05,45.294872525048184
34,8,113,113,0.1310116086235489,4.2003673226244445,20.740152488709267,0.0005019864599028899,26.766550793427495
34,8,29,114,0.1260364842454394,4.09300306523477,19.36962711834509,0.0008838982375830083,22.34343443746467
34,8,30,103,0.1243781094527363,1.4239343673123384,12.061658497285958,1.7865560409547946e-06,7.756795085866125
34,8,6,106,0.1127694859038142,1.0145936142556966,4.327029574254531,9.385509354474288e-07,6.672913258585567
34,8,25,102,0.1227197346600331,0.3132716320158757,1.3056980053372478,5.860472485788979e-10,2.1930579207621883
34,9,58,105,0.1444444444444444,8.69586090276416,117.09976778980825,1.309108290702187e-06,43.43405894614554
34,9,2,111,0.1481481481481481,6.704465401168535,36.829014508363635,7.341390060249292e-06,41.76373230216622
34,9,92,107,0.1555555555555555,6.532163569821551,24.360869209376034,3.579519674813014e-06,45.76725930762556
34,9,29,114,0.1555555555555555,3.9635478468491523,20.80410354631693,1.5095698963812942e-06,27.886009962723442
34,9,113,113,0.1555555555555555,3.9483314553899005,21.122501586482585,2.1447179281307677e-06,26.999139317165596
34,9,30,103,0.1333333333333333,1.3324511759155053,5.487315723633236,1.3015674306423699e-06,9.142141481562813
34,9,6,106,0.1074074074074074,1.1342787245164851,5.383095580234964,2.1615766684785637e-06,7.228444737905572
34,10,58,105,0.1656976744186046,9.578884789428509,102.63321468449608,0.001220717510763187,53.959522603760135
34,10,2,111,0.1686046511627907,9.017412405320782,70.24013663393632,0.0004076081851360185,54.057514872748555
34,10,92,107,0.1715116279069767,7.874853438994768,48.34775934071354,2.899723064723124e-06,49.63062379574119
34,10,29,114,0.1598837209302325,4.2557998942293525,21.367599274986553,3.878301021185305e-06,27.807198501391404
34,10,30,103,0.1656976744186046,1.9012048042814045,6.35169291967382,0.0004678077951585136,12.894638958132903
34,10,113,113,0.1686046511627907,0.4291091818032842,1.7783572040845663,1.1889338143899422e-09,3.013286991824853
34,11,58,105,0.2009031179782509,8.414683328204069,53.21716871592982,7.938098992736847e-06,50.085707334802436
34,11,92,107,0.2009031179782509,7.460516568444432,30.348416174058006,1.3880495041551145e-05,57.24192295323185
34,11,2,111,0.2031609129238783,7.360651248564967,37.482161385266316,8.927848937227468e-06,50.52037234930009
34,11,29,114,0.1986453230326235,4.08815033582622,19.812847225320187,8.495674457924806e-07,28.53546911237094
34,11,30,103,0.1963875280869962,1.3827212793693362,4.980158448269118,1.127545039349436e-06,9.343886321501305
