contestant_id,season_idx,weeks_participated,placement,celebrity_name,week_str,judge_score,week_idx,obs_id,estimated_strength,fan_votes,season,week,data_source,judge_rank,vote_rank,total_rank,score_sum,eliminated_week,eliminated_actual,method1_value,method1_pos,judge_share,fan_share,method2_value,method2_pos,n_week,dist_method1,dist_method2
10,0,1,11,276,week1_percentage,0.056603774,0,10,14.17289785,2.170668329,3,1,pct,11.0,11.0,22.0,0.056603774,1.0,1,22.0,11.0,0.056603774,0.08363356347864144,0.07011866873932072,11.0,11,0.0,0.0
6,0,2,10,253,week2_percentage,0.095652174,1,17,13.53596459,1.793098983,3,2,pct,6.0,10.0,16.0,0.095652174,2.0,1,16.0,9.0,0.09565217390434783,0.08205865422484143,0.08885541406459463,10.0,10,1.0,0.0
0,0,3,9,100,week3_percentage,0.106280193,2,21,13.57818692,1.705963259,3,3,pct,5.5,9.0,14.5,0.106280193,3.0,1,14.5,9.0,0.106280193,0.09293243863039562,0.0996063158151978,9.0,9,0.0,0.0
1,0,4,8,284,week4_percentage,0.121212121,3,30,13.29408714,1.558020298,3,4,pct,5.0,8.0,13.0,0.121212121,4.0,1,13.0,8.0,0.12121212124242424,0.10289219861669197,0.11205215992955811,8.0,8,0.0,0.0
8,0,5,6,248,week5_percentage,0.132596685,4,43,14.70101817,1.56194318,3,5,pct,6.5,6.0,12.5,0.132596685,5.0,1,12.5,7.0,0.1325966848674033,0.12731860625035069,0.129957645558877,7.0,7,0.0,0.0
9,0,7,5,128,week7_percentage,0.17037037,6,54,17.23331329,1.400107268,3,7,pct,5.0,5.0,10.0,0.17037037,7.0,1,10.0,5.0,0.17037037017037038,0.1836300909911166,0.1770002305807435,5.0,5,0.0,0.0
2,0,8,4,203,week8_percentage,0.243119266,7,55,27.1079296,1.235326105,3,8,pct,4.0,4.0,8.0,0.243119266,8.0,1,8.0,4.0,0.243119266,0.21687628917604193,0.22999777758802098,4.0,4,0.0,0.0
17,1,2,11,227,week2_percentage,0.085714286,1,81,11.25962632,1.693361988,4,2,pct,7.5,11.0,18.5,0.085714286,2.0,1,18.5,10.0,0.08571428582857143,0.07251946597580868,0.07911687590219005,11.0,11,1.0,0.0
16,1,3,10,252,week3_percentage,0.096330275,2,91,10.42258696,1.52596585,4,3,pct,7.0,10.0,17.0,0.096330275,3.0,1,17.0,10.0,0.09633027519266055,0.07714723962201701,0.08673875740733877,10.0,10,0.0,0.0
21,1,4,9,165,week4_percentage,0.084210526,3,104,10.39625979,1.626354171,4,4,pct,7.5,9.0,16.5,0.084210526,4.0,1,16.5,9.0,0.08421052608421052,0.09727189341470838,0.09074120974945946,9.0,9,0.0,0.0
13,1,5,8,59,week5_percentage,0.073863636,4,107,9.25908761,1.598376462,4,5,pct,8.0,7.0,15.0,0.073863636,5.0,1,15.0,8.0,0.07386363607386363,0.11631523378235581,0.09508943492810973,8.0,8,0.0,0.0
18,1,6,7,102,week6_percentage,0.135294118,5,117,10.60713032,1.212647058,4,6,pct,5.0,7.0,12.0,0.135294118,6.0,1,12.0,7.0,0.135294118,0.10948434950863946,0.12238923375431973,7.0,7,0.0,0.0
11,1,7,6,134,week7_percentage,0.145631068,6,120,11.84843038,1.23553754,4,7,pct,5.0,6.0,11.0,0.145631068,7.0,1,11.0,6.0,0.145631068,0.13820380439683264,0.14191743619841632,6.0,6,0.0,0.0
19,1,8,5,29,week8_percentage,0.151394422,7,129,13.28943146,1.301370445,4,8,pct,5.0,5.0,10.0,0.151394422,8.0,1,10.0,5.0,0.15139442215139443,0.18628416320688795,0.1688392926791412,5.0,5,0.0,0.0
12,1,9,4,108,week9_percentage,0.244725738,8,131,24.22185109,1.109113276,4,9,pct,4.0,4.0,8.0,0.244725738,9.0,1,8.0,4.0,0.244725738,0.21146314197788177,0.22809443998894088,4.0,4,0.0,0.0
27,2,1,12,140,week1_percentage,0.062256809,0,143,12.59218483,2.00440919,5,1,pct,12.0,12.0,24.0,0.062256809,1.0,1,24.0,12.0,0.06225680906225681,0.07165593013067831,0.06695636959646756,12.0,12,0.0,0.0
28,2,2,11,4,week2_percentage,0.088235294,1,155,12.06552009,1.741082664,5,2,pct,7.0,11.0,18.0,0.088235294,2.0,1,18.0,10.5,0.0882352941764706,0.07286761883948088,0.08055145650797574,10.0,11,0.5,1.0
31,2,3,10,288,week3_percentage,0.075313808,2,168,11.12304792,1.769475824,5,3,pct,10.0,10.0,20.0,0.075313808,3.0,1,20.0,10.0,0.075313808,0.0871711317363846,0.08124246986819231,10.0,10,0.0,0.0
26,2,4,9,92,week4_percentage,0.098290598,3,175,11.61876817,1.617965792,5,4,pct,8.0,9.0,17.0,0.098290598,4.0,1,17.0,9.0,0.0982905981965812,0.0951927408131614,0.0967416695048713,9.0,9,0.0,0.0
33,2,5,8,179,week5_percentage,0.105527638,4,187,11.19626382,1.519469293,5,5,pct,7.5,8.0,15.5,0.105527638,5.0,1,15.5,8.0,0.10552763810552765,0.10858335394810971,0.10705549602681869,8.0,8,0.0,0.0
24,2,6,7,246,week6_percentage,0.138888889,5,190,12.00475624,1.305897744,5,6,pct,4.5,7.0,11.5,0.138888889,6.0,1,11.5,7.0,0.1388888888611111,0.11540305968617419,0.12714597427364263,7.0,7,0.0,0.0
23,2,7,6,121,week7_percentage,0.16025641,6,196,13.41158177,1.235266494,5,7,pct,6.0,6.0,12.0,0.16025641,7.0,1,12.0,6.0,0.16025641,0.1370651882889288,0.1486607991444644,6.0,6,0.0,0.0
22,2,8,5,39,week8_percentage,0.19391635,7,201,16.33799313,1.146810384,5,8,pct,3.0,5.0,8.0,0.19391635,8.0,1,8.0,4.5,0.19391635,0.16347831423895898,0.17869733211947947,5.0,5,0.5,0.0
25,2,9,4,126,week9_percentage,0.247863248,8,206,24.18267033,1.080851537,5,9,pct,3.0,4.0,7.0,0.247863248,9.0,1,7.0,4.0,0.24786324824786324,0.20583574771631324,0.22684949798208826,4.0,4,0.0,0.0
42,3,2,11,202,week2_percentage,0.058365759,1,233,11.79010729,1.971635339,6,2,pct,12.0,11.0,23.0,0.058365759,2.0,1,23.0,12.0,0.058365759,0.07684163679783618,0.0676036978989181,11.0,12,0.0,1.0
35,3,3,10,259,week3_percentage,0.092105263,2,238,11.96955952,1.700234894,6,3,pct,7.5,10.0,17.5,0.092105263,3.0,1,17.5,10.0,0.092105263,0.08405181444535052,0.08807853872267526,10.0,10,0.0,0.0
44,3,4,9,1,week4_percentage,0.084444444,3,254,10.82022412,1.664338683,6,4,pct,9.0,9.0,18.0,0.084444444,4.0,1,18.0,9.0,0.08444444391555554,0.09843261658184366,0.0914385302486996,9.0,9,0.0,0.0
36,3,5,8,230,week5_percentage,0.107142857,4,257,11.01932036,1.489823303,6,5,pct,8.0,8.0,16.0,0.107142857,5.0,1,16.0,8.0,0.10714285689285713,0.10679153404863545,0.10696719547074629,8.0,8,0.0,0.0
37,3,6,7,182,week6_percentage,0.116666667,5,265,11.43708138,1.446160493,6,6,pct,7.0,7.0,14.0,0.116666667,6.0,1,14.0,7.0,0.116666667,0.12726987432297807,0.12196827066148903,7.0,7,0.0,0.0
38,3,7,6,255,week7_percentage,0.165048544,6,272,13.78187888,1.221809003,6,7,pct,4.5,6.0,10.5,0.165048544,7.0,1,10.5,6.0,0.1650485436699029,0.13541212448280063,0.15023033407635178,6.0,6,0.0,0.0
45,3,8,5,176,week8_percentage,0.198501873,7,281,16.87833702,1.140409118,6,8,pct,3.0,5.0,8.0,0.198501873,8.0,1,8.0,5.0,0.198501873,0.16265472804695139,0.18057830052347568,5.0,5,0.0,0.0
39,3,9,4,178,week9_percentage,0.236363636,8,283,23.82444499,1.163578878,6,9,pct,4.0,4.0,8.0,0.236363636,9.0,1,8.0,4.0,0.236363636,0.22088891620001566,0.22862627610000782,4.0,4,0.0,0.0
53,4,1,13,124,week1_percentage,0.047619048,0,296,13.64642253,2.209109953,7,1,pct,13.0,12.0,25.0,0.047619048,1.0,1,25.0,13.0,0.04761904819047619,0.0720490087687951,0.05983402847963564,13.0,13,0.0,0.0
56,4,2,11,152,week2_percentage,0.076923077,1,310,13.7124005,1.965091573,7,2,pct,9.0,10.0,19.0,0.076923077,2.0,1,19.0,11.0,0.07692307707692309,0.0818788047029599,0.07940094088994148,11.0,11,0.0,0.0
57,4,4,9,241,week4_percentage,0.088669951,3,329,11.25123526,1.667517802,7,4,pct,9.0,9.0,18.0,0.088669951,4.0,1,18.0,9.0,0.088669951,0.09886706010631256,0.09376850555315627,9.0,9,0.0,0.0
54,4,5,8,274,week5_percentage,0.112820513,4,336,10.86351319,1.427369883,7,5,pct,5.5,8.0,13.5,0.112820513,5.0,1,13.5,7.0,0.11282051288717948,0.10318428370944294,0.10800239829831121,8.0,8,1.0,0.0
47,4,6,7,58,week6_percentage,0.09375,5,339,9.680642763,1.474029851,7,6,pct,7.0,7.0,14.0,0.09375,6.0,1,14.0,7.0,0.09375,0.1306015165841648,0.1121757582920824,7.0,7,0.0,0.0
48,4,7,6,263,week7_percentage,0.163265306,6,346,13.07886223,1.184594512,7,7,pct,4.0,6.0,10.0,0.163265306,7.0,1,10.0,6.0,0.163265306,0.13140042084541848,0.14733286342270924,6.0,6,0.0,0.0
51,4,8,5,186,week8_percentage,0.188235294,7,353,16.62432971,1.212426313,7,8,pct,4.5,5.0,9.5,0.188235294,8.0,1,9.5,5.0,0.188235294,0.171727977215631,0.1799816356078155,5.0,5,0.0,0.0
49,4,9,4,60,week9_percentage,0.228855721,8,357,23.14651674,1.198466126,7,9,pct,4.0,4.0,8.0,0.228855721,9.0,1,8.0,4.0,0.22885572077114427,0.22688579415596308,0.22787075746355367,4.0,4,0.0,0.0
66,5,2,13,23,week2_percentage,0.067924528,1,384,11.05657242,1.826229201,8,2,pct,9.5,13.0,22.5,0.067924528,2.0,1,22.5,13.0,0.06792452806792453,0.06379709964388719,0.06586081385590586,13.0,13,0.0,0.0
60,5,3,12,74,week3_percentage,0.062992126,2,391,9.662886635,1.733381167,8,3,pct,10.0,12.0,22.0,0.062992126,3.0,1,22.0,12.0,0.06299212593700787,0.07055829319488231,0.0667752095659451,11.0,12,0.0,1.0
70,5,4,11,106,week4_percentage,0.066115702,3,411,9.747726548,1.715598296,8,4,pct,9.0,11.0,20.0,0.066115702,4.0,1,20.0,10.0,0.066115702,0.08207599924256734,0.07409585062128367,10.0,11,1.0,1.0
61,5,5,9,67,week5_percentage,0.104761905,4,414,9.953489063,1.408314706,8,5,pct,6.0,9.0,15.0,0.104761905,5.0,1,15.0,9.0,0.1047619048952381,0.08931980751183637,0.09704085620353722,9.0,9,0.0,0.0
69,5,6,8,261,week6_percentage,0.086021505,5,428,9.29481901,1.498986903,8,6,pct,8.0,8.0,16.0,0.086021505,6.0,1,16.0,8.0,0.08602150508602151,0.11478933146608376,0.10040541827605264,8.0,8,0.0,0.0
62,5,7,7,162,week7_percentage,0.115384615,6,431,10.15319008,1.337974448,8,7,pct,7.0,7.0,14.0,0.115384615,7.0,1,14.0,7.0,0.11538461511538461,0.12643478960791155,0.12090970236164808,7.0,7,0.0,0.0
67,5,8,6,56,week8_percentage,0.163461538,7,440,12.41673658,1.1309761,8,8,pct,5.0,6.0,11.0,0.163461538,8.0,1,11.0,6.0,0.16346153816346154,0.13392896008050031,0.14869524912198093,6.0,6,0.0,0.0
68,5,9,5,166,week9_percentage,0.194756554,8,446,14.78612533,1.039871616,8,9,pct,4.0,5.0,9.0,0.194756554,9.0,1,9.0,5.0,0.194756554,0.15795901890980837,0.1763577864549042,5.0,5,0.0,0.0
63,5,10,4,277,week10_percentage,0.219178082,9,449,20.51441545,1.159929439,8,10,pct,4.0,4.0,8.0,0.219178082,10.0,1,8.0,4.0,0.2191780817808219,0.23085700429789324,0.22501754303935756,4.0,4,0.0,0.0
83,6,1,15,171,week1_percentage,0.046797968,0,466,11.42133706,2.038088224,9,1,pct,15.5,16.0,31.5,0.046797968,1.0,1,31.5,16.0,0.046797967906404066,0.05464119272911997,0.05071958031776202,16.0,16,0.0,0.0
81,6,2,14,145,week2_percentage,0.06122449,1,479,9.70831586,1.753081829,9,2,pct,13.5,14.0,27.5,0.06122449,2.0,1,27.5,14.0,0.06122449006122449,0.05783520037241344,0.05952984521681896,14.0,14,0.0,0.0
82,6,3,13,272,week3_percentage,0.058139535,2,493,9.188526116,1.724251123,9,3,pct,12.0,13.0,25.0,0.058139535,3.0,1,25.0,13.0,0.05813953488372093,0.06581202548794295,0.06197578018583194,13.0,13,0.0,0.0
76,6,4,11,55,week4_percentage,0.070247934,3,500,9.154012632,1.617666793,9,4,pct,9.0,11.0,20.0,0.070247934,4.0,1,20.0,11.0,0.07024793407024794,0.07818985049234317,0.07421889228129555,11.0,11,0.0,0.0
77,6,5,10,210,week5_percentage,0.090909091,4,511,9.150650049,1.441850675,9,5,pct,8.5,10.0,18.5,0.090909091,5.0,1,18.5,10.0,0.09090909081818183,0.08303777055737682,0.08697343068777932,10.0,10,0.0,0.0
78,6,6,8,170,week6_percentage,0.092308012,5,521,9.306119582,1.446818713,9,6,pct,7.0,8.0,15.0,0.092308012,6.0,1,15.0,8.0,0.092308012092308,0.10030910144476217,0.09630855676853509,8.0,9,1.0,1.0
75,6,7,6,180,week7_percentage,0.122507123,6,528,10.92505958,1.350763358,9,7,pct,7.0,6.0,13.0,0.122507123,7.0,1,13.0,6.5,0.12250712287749287,0.13115649629911721,0.12683180958830503,7.0,7,0.5,0.0
84,6,8,5,0,week8_percentage,0.190839695,7,536,15.74918317,1.136231712,9,8,pct,4.5,5.0,9.5,0.190839695,8.0,1,9.5,5.0,0.1908396948091603,0.16786331917858877,0.17935150699387453,5.0,5,0.0,0.0
80,6,9,4,129,week9_percentage,0.25312587,8,540,22.12395144,0.947187362,9,9,pct,2.0,4.0,6.0,0.25312587,9.0,1,6.0,3.5,0.25312587,0.18854234750659818,0.22083410875329906,4.0,4,0.5,0.0
89,7,2,11,254,week2_percentage,0.090909091,1,559,12.62604021,1.763787089,10,2,pct,6.5,11.0,17.5,0.090909091,2.0,1,17.5,11.0,0.090909091,0.07090612438707011,0.08090760769353506,9.0,11,0.0,2.0
91,7,3,10,37,week3_percentage,0.064039409,2,571,10.84127921,1.839556494,10,3,pct,10.0,10.0,20.0,0.064039409,3.0,1,20.0,10.0,0.06403940893596059,0.08687238447281434,0.07545589670438746,10.0,10,0.0,0.0
88,7,4,9,3,week4_percentage,0.088948787,3,579,11.29671542,1.669184095,10,4,pct,8.0,9.0,17.0,0.088948787,4.0,1,17.0,9.0,0.0889487870889488,0.09382195262275086,0.09138536985584983,9.0,9,0.0,0.0
97,7,5,8,143,week5_percentage,0.086705202,4,594,10.35741261,1.601426439,10,5,pct,8.0,8.0,16.0,0.086705202,5.0,1,16.0,8.0,0.086705202,0.10844116300766195,0.09757318250383097,8.0,8,0.0,0.0
98,7,6,7,114,week6_percentage,0.119617147,5,602,11.49419204,1.426086887,10,6,pct,7.0,7.0,14.0,0.119617147,6.0,1,14.0,7.0,0.11961714688038283,0.11824460220243008,0.11893087454140645,7.0,7,0.0,0.0
94,7,7,6,224,week7_percentage,0.163987138,6,606,12.9008694,1.164762267,10,7,pct,4.5,6.0,10.5,0.163987138,7.0,1,10.5,6.0,0.163987138,0.12015520929719875,0.1420711736485994,6.0,6,0.0,0.0
90,7,8,5,217,week8_percentage,0.169960474,7,609,15.26205886,1.282113602,10,8,pct,5.0,5.0,10.0,0.169960474,8.0,1,10.0,5.0,0.169960474,0.1629974590006941,0.16647896650034705,5.0,5,0.0,0.0
92,7,9,4,43,week9_percentage,0.230088496,8,614,24.19961042,1.232489977,10,9,pct,4.0,4.0,8.0,0.230088496,9.0,1,8.0,4.0,0.2300884957699115,0.20245434944754398,0.21627142260872773,4.0,4,0.0,0.0
99,8,1,12,69,week1_percentage,0.066079295,0,621,13.89975618,2.070744639,11,1,pct,11.0,12.0,23.0,0.066079295,1.0,1,23.0,12.0,0.066079295,0.07233531384591231,0.06920730442295615,12.0,12,0.0,0.0
106,8,2,11,193,week2_percentage,0.054298643,1,639,11.82347332,2.008998146,11,2,pct,11.0,11.0,22.0,0.054298643,2.0,1,22.0,11.0,0.05429864305429864,0.082171607589313,0.06823512532180581,11.0,11,0.0,0.0
105,8,3,10,172,week3_percentage,0.081447964,2,649,12.3490555,1.82194653,11,3,pct,10.0,10.0,20.0,0.081447964,3.0,1,20.0,10.0,0.08144796391855202,0.08821246719028425,0.08483021555441814,10.0,10,0.0,0.0
108,8,4,9,270,week4_percentage,0.078212291,3,660,11.02959092,1.736425124,11,4,pct,9.0,9.0,18.0,0.078212291,4.0,1,18.0,9.0,0.078212291,0.10090791618337132,0.08956010359168566,9.0,9,0.0,0.0
100,8,5,8,91,week5_percentage,0.115384615,4,663,11.42366396,1.455873478,11,5,pct,6.0,8.0,14.0,0.115384615,5.0,1,14.0,8.0,0.11538461511538461,0.10308790710340318,0.1092362611093939,8.0,8,0.0,0.0
109,8,6,7,20,week6_percentage,0.154588929,5,676,12.74168336,1.232153277,11,6,pct,2.0,7.0,9.0,0.154588929,6.0,1,9.0,6.0,0.154588929,0.10751048502498317,0.13104970701249158,7.0,7,1.0,0.0
103,8,7,6,235,week7_percentage,0.165467626,6,680,14.1416653,1.244021096,11,7,pct,4.0,6.0,10.0,0.165467626,7.0,1,10.0,6.0,0.165467626,0.13621799313471009,0.15084280956735505,6.0,6,0.0,0.0
104,8,8,5,157,week8_percentage,0.181132075,7,686,16.24485206,1.249653641,11,8,pct,4.0,5.0,9.0,0.181132075,8.0,1,9.0,5.0,0.18113207481886792,0.1760716529141153,0.17860186386649163,5.0,5,0.0,0.0
107,8,9,4,33,week9_percentage,0.25,8,691,24.57619549,1.078848878,11,9,pct,3.0,4.0,7.0,0.25,9.0,1,7.0,4.0,0.25,0.20359718549902042,0.2267985927495102,4.0,4,0.0,0.0
118,9,2,11,197,week2_percentage,0.078703704,1,714,12.77834367,1.879422264,12,2,pct,10.0,11.0,21.0,0.078703704,2.0,1,21.0,11.0,0.0787037040787037,0.07785499892285629,0.07827935150078,11.0,11,0.0,0.0
120,9,3,10,289,week3_percentage,0.070093458,2,726,11.65340908,1.860384977,12,3,pct,10.0,10.0,20.0,0.070093458,3.0,1,20.0,10.0,0.07009345792990654,0.09141381852219195,0.08075363822604925,10.0,10,0.0,0.0
115,9,4,9,262,week4_percentage,0.101941748,3,732,11.48106338,1.575038537,12,4,pct,8.0,9.0,17.0,0.101941748,4.0,1,17.0,9.0,0.10194174810194175,0.09313933602616792,0.09754054206405482,9.0,9,0.0,0.0
117,9,5,8,229,week5_percentage,0.113402062,4,742,10.8306003,1.419397262,12,5,pct,7.0,8.0,15.0,0.113402062,5.0,1,15.0,8.0,0.11340206177319588,0.10180525877843043,0.10760366027581315,8.0,8,0.0,0.0
116,9,6,7,50,week6_percentage,0.122222222,5,749,11.91208213,1.439676644,12,6,pct,7.0,7.0,14.0,0.122222222,6.0,1,14.0,7.0,0.122222222,0.1259472829850695,0.12408475249253476,7.0,7,0.0,0.0
121,9,7,6,149,week7_percentage,0.161803714,6,757,13.93512774,1.260421406,12,7,pct,4.0,6.0,10.0,0.161803714,7.0,1,10.0,6.0,0.16180371383819625,0.13930811586347872,0.15055591485083747,6.0,6,0.0,0.0
119,9,8,5,242,week8_percentage,0.2,7,762,16.65137691,1.114149391,12,8,pct,4.0,5.0,9.0,0.2,8.0,1,9.0,5.0,0.1999999998,0.16029795461437554,0.18014897720718775,5.0,5,0.0,0.0
111,9,9,4,231,week9_percentage,0.204255319,8,763,19.05722211,1.212967648,12,9,pct,4.0,4.0,8.0,0.204255319,9.0,1,8.0,4.0,0.204255319,0.23221063834326686,0.21823297867163344,4.0,4,0.0,0.0
126,10,1,12,192,week1_percentage,0.064516129,0,774,14.53778964,2.128898743,13,1,pct,12.0,12.0,24.0,0.064516129,1.0,1,24.0,12.0,0.06451612893548388,0.07405134654174113,0.0692837377386125,12.0,12,0.0,0.0
122,10,2,11,84,week2_percentage,0.094170404,1,782,13.80543235,1.825393731,13,2,pct,5.5,11.0,16.5,0.094170404,2.0,1,16.5,10.5,0.09417040371748879,0.07473616422205405,0.08445328396977142,11.0,11,0.5,0.0
129,10,3,10,156,week3_percentage,0.101265823,2,798,12.91860765,1.698748002,13,3,pct,5.5,10.0,15.5,0.101265823,3.0,1,15.5,10.0,0.10126582289873418,0.08251411523707602,0.0918899690679051,9.0,10,0.0,1.0
128,10,4,9,57,week4_percentage,0.100478469,3,807,11.62878408,1.600248683,13,4,pct,7.0,9.0,16.0,0.100478469,4.0,1,16.0,9.0,0.10047846889952153,0.0931957504858552,0.09683710969268836,9.0,9,0.0,0.0
130,10,5,8,42,week5_percentage,0.10106383,4,816,11.46683461,1.581253475,13,5,pct,8.0,8.0,16.0,0.10106383,5.0,1,16.0,8.0,0.10106383010106383,0.1112629455895084,0.10616338784528612,8.0,8,0.0,0.0
131,10,6,7,48,week6_percentage,0.114457831,5,824,11.48005368,1.468667542,13,6,pct,7.0,7.0,14.0,0.114457831,6.0,1,14.0,7.0,0.11445783111445783,0.12770322050839478,0.12108052581142631,7.0,7,0.0,0.0
123,10,7,6,68,week7_percentage,0.160409556,6,827,13.71162083,1.256091084,13,7,pct,5.0,6.0,11.0,0.160409556,7.0,1,11.0,6.0,0.16040955616040958,0.13775752562270355,0.14908354089155657,6.0,6,0.0,0.0
132,10,8,5,206,week8_percentage,0.16988417,7,836,15.46425205,1.295922659,13,8,pct,5.0,5.0,10.0,0.16988417,8.0,1,10.0,5.0,0.1698841698301158,0.18248226515671043,0.17618321749341312,5.0,5,0.0,0.0
127,10,9,4,107,week9_percentage,0.206750239,8,840,20.64494193,1.271805691,13,9,pct,4.0,4.0,8.0,0.206750239,9.0,1,8.0,4.0,0.206750239,0.23894165662720562,0.2228459478136028,4.0,4,0.0,0.0
140,11,2,12,183,week2_percentage,0.063197026,1,863,11.63838281,1.917657268,14,2,pct,12.0,12.0,24.0,0.063197026,2.0,1,24.0,12.0,0.06319702606319703,0.07274353445368738,0.0679702802584422,12.0,12,0.0,0.0
135,11,3,11,112,week3_percentage,0.085714286,2,870,11.24463379,1.692029571,14,3,pct,9.0,11.0,20.0,0.085714286,3.0,1,20.0,11.0,0.0857142859142857,0.07554251084024188,0.0806283983772638,11.0,11,0.0,0.0
136,11,4,10,257,week4_percentage,0.090128755,3,881,10.37951996,1.574486765,14,4,pct,9.0,10.0,19.0,0.090128755,4.0,1,19.0,9.5,0.090128755,0.08344124171812423,0.08678499835906212,10.0,10,0.5,0.0
142,11,5,9,95,week5_percentage,0.084821429,4,895,9.441708059,1.524857362,14,5,pct,9.0,9.0,18.0,0.084821429,5.0,1,18.0,9.0,0.08482142891517856,0.09680798439719591,0.09081470665618724,9.0,9,0.0,0.0
143,11,6,8,99,week6_percentage,0.093023508,5,904,9.060563213,1.414002006,14,6,pct,8.0,8.0,16.0,0.093023508,6.0,1,16.0,8.0,0.093023508,0.10881344894915079,0.1009184784745754,8.0,8,0.0,0.0
137,11,7,7,116,week7_percentage,0.138964578,6,908,11.04350978,1.221795002,14,7,pct,6.0,7.0,13.0,0.138964578,7.0,1,13.0,7.0,0.138964578,0.11541553746004007,0.12719005773002004,7.0,7,0.0,0.0
139,11,8,5,188,week8_percentage,0.155963303,7,916,13.025987,1.242550068,14,8,pct,6.0,5.0,11.0,0.155963303,8.0,1,11.0,6.0,0.1559633026880734,0.14773336982715346,0.15184833625761343,6.0,6,0.0,0.0
145,11,9,4,173,week9_percentage,0.256521739,8,923,24.97993942,1.039762878,14,9,pct,1.0,4.0,5.0,0.256521739,9.0,1,5.0,2.5,0.256521739,0.19938556414224348,0.22795365157112174,4.0,4,1.5,0.0
153,12,1,13,224,week1_percentage,0.061482821,0,934,12.58943525,2.010763298,15,1,pct,13.0,13.0,26.0,0.061482821,1.0,1,26.0,13.0,0.061482821,0.06481511867719407,0.06314896983859704,13.0,13,0.0,0.0
155,12,2,12,132,week2_percentage,0.081521739,1,948,12.64152054,1.844727147,15,2,pct,8.0,12.0,20.0,0.081521739,2.0,1,20.0,11.0,0.081521739,0.06892084958627043,0.0752212942931352,12.0,12,1.0,0.0
154,12,3,10,104,week3_percentage,0.091726619,2,959,12.87498808,1.776370027,15,3,pct,5.5,11.0,16.5,0.091726619,3.0,1,16.5,9.0,0.09172661890827337,0.07810306909377449,0.08491484400102392,10.0,11,2.0,1.0
157,12,4,9,35,week4_percentage,0.099533437,3,970,12.12042585,1.649682331,15,4,pct,8.0,9.0,17.0,0.099533437,4.0,1,17.0,9.0,0.09953343690046655,0.09552134591394752,0.09752739140720704,9.0,9,0.0,0.0
147,12,6,8,246,week6_percentage,0.132743363,5,981,10.92447315,1.263786416,15,6,pct,1.5,8.0,9.5,0.132743363,6.0,1,9.5,4.0,0.132743363,0.09649632408397538,0.11461984354198769,8.0,8,4.0,0.0
148,12,8,7,154,week8_percentage,0.127962328,7,996,10.22145059,1.237868619,15,8,pct,7.0,6.0,13.0,0.127962328,8.0,1,13.0,7.0,0.12796232787203765,0.12542660512396805,0.12669446649800287,7.0,7,0.0,0.0
150,12,9,5,17,week9_percentage,0.202915325,8,1003,17.32450145,1.12902213,15,9,pct,3.0,5.0,8.0,0.202915325,9.0,1,8.0,4.0,0.20291532520291533,0.17012391111759634,0.18651961816025583,4.0,5,1.0,1.0
161,13,2,12,79,week2_percentage,0.06147541,1,1024,11.80164325,1.946207026,16,2,pct,12.0,12.0,24.0,0.06147541,2.0,1,24.0,12.0,0.06147541,0.072596936578906,0.067036173289453,12.0,12,0.0,0.0
167,13,3,11,293,week3_percentage,0.063829896,2,1041,10.62892549,1.821553728,16,3,pct,11.0,11.0,22.0,0.063829896,3.0,1,22.0,11.0,0.0638298960638299,0.07968679799653118,0.07175834703018054,11.0,11,0.0,0.0
169,13,4,10,168,week4_percentage,0.080357143,3,1053,10.51478246,1.670412026,16,4,pct,9.5,10.0,19.5,0.080357143,4.0,1,19.5,10.0,0.080357143,0.08636178158260405,0.08335946229130203,10.0,10,0.0,0.0
165,13,5,9,64,week5_percentage,0.086124402,4,1060,10.0202779,1.573266804,16,5,pct,8.5,9.0,17.5,0.086124402,5.0,1,17.5,9.0,0.08612440191387559,0.097342289779681,0.0917333458467783,9.0,9,0.0,0.0
162,13,6,8,282,week6_percentage,0.106100796,5,1066,10.49065935,1.449507343,16,6,pct,8.0,8.0,16.0,0.106100796,6.0,1,16.0,8.0,0.10610079610610079,0.10884201207961262,0.10747140409285671,8.0,8,0.0,0.0
166,13,7,7,13,week7_percentage,0.092391304,6,1076,9.527889299,1.469662429,16,7,pct,7.0,7.0,14.0,0.092391304,7.0,1,14.0,7.0,0.09239130409239131,0.135852953299227,0.11412212869580915,7.0,7,0.0,0.0
170,13,8,6,251,week8_percentage,0.135048232,7,1084,11.70510966,1.313234066,16,8,pct,6.0,6.0,12.0,0.135048232,8.0,1,12.0,6.0,0.13504823186495174,0.15270493633410698,0.14387658409952936,6.0,6,0.0,0.0
159,13,9,5,109,week9_percentage,0.180851064,8,1085,14.83625076,1.161337413,16,9,pct,5.0,5.0,10.0,0.180851064,9.0,1,10.0,5.0,0.180851064,0.17451041584996835,0.17768073992498418,5.0,5,0.0,0.0
163,13,10,4,7,week10_percentage,0.24786346,9,1091,29.53268416,1.280711042,16,10,pct,3.0,1.0,4.0,0.24786346,10.0,1,4.0,2.0,0.24786345975213653,0.25467328487977803,0.2512683723159573,2.0,4,2.0,2.0
177,14,2,12,150,week2_percentage,0.067669173,1,1112,12.2013152,1.926916304,17,2,pct,11.0,12.0,23.0,0.067669173,2.0,1,23.0,12.0,0.06766917313533834,0.0720712483248364,0.06987021073008737,12.0,12,0.0,0.0
182,14,3,11,27,week3_percentage,0.062745098,2,1128,10.59889654,1.827936319,17,3,pct,10.5,11.0,21.5,0.062745098,3.0,1,21.5,11.0,0.062745098,0.08038695533149656,0.07156602666574828,11.0,11,0.0,0.0
171,14,4,10,278,week4_percentage,0.075949367,3,1129,10.0868689,1.66629397,17,4,pct,10.0,10.0,20.0,0.075949367,4.0,1,20.0,10.0,0.07594936684810127,0.08678072930699877,0.08136504807755002,10.0,10,0.0,0.0
179,14,5,9,54,week5_percentage,0.119148936,4,1145,10.85274825,1.372639283,17,5,pct,1.5,9.0,10.5,0.119148936,5.0,1,10.5,5.0,0.119148936,0.08545044516109158,0.10229969058054579,9.0,9,4.0,0.0
180,14,7,8,215,week7_percentage,0.121896163,6,1162,9.671732997,1.234099782,17,7,pct,5.5,8.0,13.5,0.121896163,7.0,1,13.5,8.0,0.12189616287810383,0.10045476555198131,0.11117546421504257,8.0,8,0.0,0.0
172,14,8,7,34,week8_percentage,0.140625,7,1164,10.09646491,1.118037624,17,8,pct,5.0,7.0,12.0,0.140625,8.0,1,12.0,7.0,0.14062500014062498,0.11236587085988606,0.12649543550025552,7.0,7,0.0,0.0
173,14,9,6,85,week9_percentage,0.177777778,8,1171,11.50493591,0.933137501,17,9,pct,2.0,6.0,8.0,0.177777778,9.0,1,8.0,4.5,0.17777777817777776,0.11788413125202225,0.14783095471490001,6.0,6,1.5,0.0
174,14,10,5,164,week10_percentage,0.185714286,9,1177,13.47260091,1.023624809,17,10,pct,4.0,5.0,9.0,0.185714286,10.0,1,9.0,5.0,0.185714286,0.16411781952105126,0.17491605276052563,5.0,5,0.0,0.0
178,14,11,4,26,week11_percentage,0.222707717,10,1184,21.68731019,1.185556246,17,11,pct,4.0,3.0,7.0,0.222707717,11.0,1,7.0,4.0,0.222707717,0.24887517160089365,0.23579144430044682,4.0,4,0.0,0.0
188,15,1,12,76,week1_percentage,0.06870229,0,1191,14.04702678,2.059010362,18,1,pct,11.0,12.0,23.0,0.06870229,1.0,1,23.0,11.5,0.06870229006870229,0.07166413442959854,0.07018321224915042,12.0,12,0.5,0.0
187,15,2,11,250,week2_percentage,0.086065574,1,1202,14.54793487,1.946604544,18,2,pct,8.5,11.0,19.5,0.086065574,2.0,1,19.5,10.0,0.086065574,0.07939340225776567,0.08272948812888284,10.0,11,1.0,1.0
193,15,5,9,61,week5_percentage,0.105590062,4,1234,10.60302335,1.464498257,18,5,pct,8.0,9.0,17.0,0.105590062,5.0,1,17.0,9.0,0.10559006221118013,0.09126201077875525,0.09842603649496769,9.0,9,0.0,0.0
192,15,6,8,81,week6_percentage,0.113475177,5,1242,10.54047618,1.391623624,18,6,pct,7.5,8.0,15.5,0.113475177,6.0,1,15.5,8.0,0.11347517711347517,0.10511727566267294,0.10929622638807406,8.0,8,0.0,0.0
194,15,7,7,211,week7_percentage,0.130434783,6,1250,11.16093174,1.304804151,18,7,pct,7.0,7.0,14.0,0.130434783,7.0,1,14.0,7.0,0.1304347828695652,0.12124274660212044,0.12583876473584282,7.0,7,0.0,0.0
184,15,8,6,66,week8_percentage,0.168141593,7,1251,12.74641378,1.117439064,18,8,pct,3.0,6.0,9.0,0.168141593,8.0,1,9.0,6.0,0.16814159333628317,0.13092190273844895,0.14953174803736607,6.0,6,0.0,0.0
189,15,9,5,45,week9_percentage,0.19895288,8,1259,15.9127904,1.077671545,18,9,pct,3.5,5.0,8.5,0.19895288,9.0,1,8.5,5.0,0.1989528798010471,0.1617469698141028,0.18034992480757495,5.0,5,0.0,0.0
185,15,10,4,118,week10_percentage,0.252907565,9,1262,30.35515007,1.26534653,18,10,pct,3.0,2.0,5.0,0.252907565,10.0,1,5.0,2.5,0.252907565,0.25195308966552504,0.2524303273327625,3.0,4,1.5,1.0
200,16,1,13,169,week1_percentage,0.059139785,0,1271,13.39587767,2.092748727,19,1,pct,12.0,13.0,25.0,0.059139785,1.0,1,25.0,13.0,0.05913978511827957,0.06699532203153054,0.06306755357490505,13.0,13,0.0,0.0
205,16,2,12,266,week2_percentage,0.077348066,1,1288,12.3240895,1.854737968,19,2,pct,9.5,12.0,21.5,0.077348066,2.0,1,21.5,12.0,0.07734806607734807,0.06927517499291644,0.07331162053513225,12.0,12,0.0,0.0
201,16,3,11,232,week3_percentage,0.073654391,2,1296,11.08174532,1.779846969,19,3,pct,11.0,11.0,22.0,0.073654391,3.0,1,22.0,11.0,0.0736543909263456,0.07781287249350213,0.07573363170992387,11.0,11,0.0,0.0
203,16,4,10,25,week4_percentage,0.090625,3,1308,10.26535361,1.559212661,19,4,pct,6.5,10.0,16.5,0.090625,4.0,1,16.5,10.0,0.090625,0.08085522449209571,0.08574011224604786,10.0,10,0.0,0.0
196,16,6,9,137,week6_percentage,0.109215017,5,1322,9.32494254,1.305269797,19,6,pct,5.5,9.0,14.5,0.109215017,6.0,1,14.5,8.5,0.10921501710921501,0.08713789423908193,0.09817645567414847,9.0,9,0.5,0.0
195,16,7,8,16,week7_percentage,0.114119923,6,1330,9.316587584,1.262722338,19,7,pct,7.0,8.0,15.0,0.114119923,7.0,1,15.0,8.0,0.114119923,0.10195485031732808,0.10803738665866404,8.0,8,0.0,0.0
204,16,8,7,196,week8_percentage,0.100806452,7,1342,8.917928912,1.332043895,19,8,pct,7.0,7.0,14.0,0.100806452,8.0,1,14.0,7.0,0.10080645189919354,0.13148913624181457,0.11614779407050406,7.0,7,0.0,0.0
197,16,9,6,163,week9_percentage,0.163551402,8,1345,10.93338708,1.002988867,19,9,pct,5.0,6.0,11.0,0.163551402,9.0,1,11.0,6.0,0.163551402,0.12518498895991687,0.14436819547995844,6.0,6,0.0,0.0
202,16,10,5,273,week10_percentage,0.169863014,9,1353,13.06587597,1.127575225,19,10,pct,5.0,5.0,10.0,0.169863014,10.0,1,10.0,5.0,0.169863014,0.17783472173695922,0.1738488678684796,5.0,5,0.0,0.0
206,16,11,4,24,week11_percentage,0.243070881,10,1358,28.09761154,1.27159526,19,11,pct,4.0,1.0,5.0,0.243070881,11.0,1,5.0,2.5,0.2430708807569291,0.2621783066551744,0.2526245937060517,2.0,4,1.5,2.0
217,17,2,12,234,week2_percentage,0.089337176,1,1381,12.62653786,1.777174761,20,2,pct,5.0,12.0,17.0,0.089337176,2.0,1,17.0,10.0,0.08933717591066283,0.06449034998050628,0.07691376294558455,10.0,12,2.0,2.0
215,17,3,11,46,week3_percentage,0.07028754,2,1391,10.27793588,1.733137586,20,3,pct,10.5,11.0,21.5,0.07028754,3.0,1,21.5,11.0,0.07028754007028754,0.07324195514109773,0.07176474760569262,11.0,11,0.0,0.0
213,17,4,10,195,week4_percentage,0.092307692,3,1400,10.94456962,1.60899262,20,4,pct,7.5,10.0,17.5,0.092307692,4.0,1,17.5,10.0,0.092307692,0.07974152211710557,0.08602460705855278,10.0,10,0.0,0.0
208,17,5,9,264,week5_percentage,0.098939929,4,1405,9.968508819,1.459261141,20,5,pct,5.5,9.0,14.5,0.098939929,5.0,1,14.5,8.0,0.09893992919787985,0.08592630235740509,0.09243311577764246,9.0,9,1.0,0.0
218,17,6,8,225,week6_percentage,0.120141343,5,1420,10.66041476,1.346331028,20,6,pct,6.5,8.0,14.5,0.120141343,6.0,1,14.5,8.0,0.120141343,0.0945771368297734,0.10735923991488669,8.0,8,0.0,0.0
209,17,7,7,292,week7_percentage,0.153543307,6,1422,11.97895547,1.179305035,20,7,pct,2.0,7.0,9.0,0.153543307,7.0,1,9.0,5.0,0.15354330715354328,0.10009020077991834,0.1268167539667308,7.0,7,2.0,0.0
214,17,8,6,240,week8_percentage,0.146572104,7,1432,13.8920787,1.386669914,20,8,pct,6.0,5.0,11.0,0.146572104,8.0,1,11.0,6.0,0.146572104,0.14438985915224703,0.14548098157612352,6.0,6,0.0,0.0
212,17,9,4,209,week9_percentage,0.25477707,8,1437,27.41593857,1.147629576,20,9,pct,1.5,4.0,5.5,0.25477707,9.0,1,5.5,4.0,0.25477707,0.18315022436182077,0.21896364718091038,4.0,4,0.0,0.0
231,18,2,11,153,week2_percentage,0.068391867,1,1466,13.21449069,2.000549642,21,2,pct,10.0,12.0,22.0,0.068391867,2.0,1,22.0,11.0,0.06839186686321627,0.06700969972495621,0.06770078329408624,11.0,13,2.0,2.0
220,18,4,10,94,week4_percentage,0.06779661,3,1478,9.768003775,1.703402539,21,4,pct,10.0,10.0,20.0,0.06779661,4.0,1,20.0,10.0,0.06779661,0.0844881974632011,0.07614240373160056,10.0,10,0.0,0.0
232,18,6,9,226,week6_percentage,0.076677316,5,1505,8.5870037,1.499127843,21,6,pct,9.0,9.0,18.0,0.076677316,6.0,1,18.0,9.0,0.07667731607667731,0.09449131735231614,0.08558431671449673,9.0,9,0.0,0.0
229,18,7,8,101,week7_percentage,0.126696833,6,1512,10.14579391,1.241185561,21,7,pct,3.0,8.0,11.0,0.126696833,7.0,1,11.0,6.0,0.12669683287330316,0.09404305419935484,0.11036994353632901,8.0,8,2.0,0.0
226,18,8,7,14,week8_percentage,0.123710692,7,1517,9.914430733,1.243475149,21,8,pct,7.0,7.0,14.0,0.123710692,8.0,1,14.0,7.0,0.12371069212371069,0.11463133812637577,0.11917101512504323,7.0,7,0.0,0.0
227,18,9,5,265,week9_percentage,0.14893617,8,1524,11.89157075,1.211105953,21,9,pct,6.0,5.0,11.0,0.14893617,9.0,1,11.0,6.0,0.14893616985106384,0.1375640783312909,0.14325012409117738,6.0,6,0.0,0.0
222,18,11,4,41,week11_percentage,0.254237504,10,1531,28.57061361,1.193465566,21,11,pct,2.0,3.0,5.0,0.254237504,11.0,1,5.0,2.5,0.2542375037457625,0.21296174595897957,0.233599624852371,3.0,4,1.5,1.0
240,19,2,12,96,week2_percentage,0.055084746,1,1554,7.953649595,1.605866894,22,2,pct,12.0,12.0,24.0,0.055084746,2.0,1,24.0,12.0,0.055084745889830505,0.05903750959049814,0.05706112774016432,12.0,12,0.0,0.0
233,19,3,11,200,week3_percentage,0.075949367,2,1559,11.73453336,1.81759555,22,3,pct,11.0,11.0,22.0,0.075949367,3.0,1,22.0,11.0,0.07594936684810127,0.0766157939522449,0.07628258040017308,11.0,11,0.0,0.0
244,19,4,10,181,week4_percentage,0.087774295,3,1579,10.69694569,1.624603793,22,4,pct,8.0,10.0,18.0,0.087774295,4.0,1,18.0,10.0,0.0877742949122257,0.08080422673056994,0.08428926082139782,10.0,10,0.0,0.0
236,19,6,9,80,week6_percentage,0.092511013,5,1591,9.058115794,1.418083814,22,6,pct,9.0,9.0,18.0,0.092511013,6.0,1,18.0,9.0,0.092511013,0.09016254395146668,0.09133677847573335,9.0,9,0.0,0.0
234,19,7,8,151,week7_percentage,0.121495327,6,1598,10.27277534,1.29779328,22,7,pct,6.0,8.0,14.0,0.121495327,7.0,1,14.0,8.0,0.121495327,0.09928473031020996,0.11039002865510497,8.0,8,0.0,0.0
235,19,8,6,130,week8_percentage,0.177514793,7,1606,12.86165648,1.046845052,22,8,pct,1.5,6.0,7.5,0.177514793,8.0,1,7.5,4.0,0.177514793,0.11247410983445974,0.14499445141722989,6.0,6,2.0,0.0
238,19,9,5,15,week9_percentage,0.191637631,8,1612,17.10130775,1.211822295,22,9,pct,5.0,4.0,9.0,0.191637631,9.0,1,9.0,5.0,0.191637631,0.1637630423104746,0.1777003366552373,5.0,5,0.0,0.0
245,20,2,13,115,week2_percentage,0.068181818,1,1633,11.58605454,1.870821503,23,2,pct,11.0,13.0,24.0,0.068181818,2.0,1,24.0,12.5,0.068181818,0.06456384556509487,0.06637283178254744,13.0,13,0.5,0.0
252,20,3,12,236,week3_percentage,0.070769231,2,1652,9.835704979,1.685066886,23,3,pct,11.5,12.0,23.5,0.070769231,3.0,1,23.5,12.0,0.07076923107076923,0.06794417867829465,0.06935670487453194,12.0,12,0.0,0.0
254,20,4,11,21,week4_percentage,0.068965517,3,1665,9.884404669,1.705322615,23,4,pct,11.0,10.0,21.0,0.068965517,4.0,1,21.0,11.0,0.06896551706896552,0.08045616129796627,0.0747108391834659,11.0,11,0.0,0.0
251,20,6,9,11,week6_percentage,0.091803279,5,1683,8.426114967,1.351768379,23,6,pct,9.0,9.0,18.0,0.091803279,6.0,1,18.0,9.0,0.091803279,0.08997443644593381,0.0908888577229669,9.0,9,0.0,0.0
246,20,7,8,185,week7_percentage,0.119782214,6,1687,9.551274459,1.239517931,23,7,pct,6.5,8.0,14.5,0.119782214,7.0,1,14.5,7.0,0.11978221423956444,0.09902397671537608,0.10940309547747026,8.0,8,1.0,0.0
248,20,8,7,245,week8_percentage,0.129353363,7,1696,9.627612115,1.166203068,23,8,pct,5.0,7.0,12.0,0.129353363,8.0,1,12.0,7.0,0.12935336287064664,0.11404934600754937,0.121701354439098,7.0,7,0.0,0.0
247,20,9,6,175,week9_percentage,0.158590308,8,1702,11.50956441,1.096474308,23,9,pct,5.5,6.0,11.5,0.158590308,9.0,1,11.5,6.0,0.158590308,0.1338705698733674,0.1462304389366837,6.0,6,0.0,0.0
257,20,10,5,268,week10_percentage,0.204778157,9,1712,15.23865493,0.984917012,23,10,pct,1.5,5.0,6.5,0.204778157,10.0,1,6.5,3.0,0.204778157,0.15308835303245488,0.17893325501622742,5.0,5,2.0,0.0
256,20,11,4,120,week11_percentage,0.233297692,10,1716,22.8939902,1.149776297,23,11,pct,4.0,4.0,8.0,0.233297692,11.0,1,8.0,4.0,0.233297692,0.23468527354589583,0.2339914827729479,4.0,4,0.0,0.0
266,21,2,12,51,week2_percentage,0.067073171,1,1737,12.98020603,1.993859215,24,2,pct,11.5,12.0,23.5,0.067073171,2.0,1,23.5,12.0,0.06707317086585367,0.07320528413798488,0.07013922750191928,12.0,12,0.0,0.0
258,21,3,11,47,week3_percentage,0.076190476,2,1741,11.46745257,1.79252487,24,3,pct,10.0,11.0,21.0,0.076190476,3.0,1,21.0,11.0,0.07619047592380951,0.07735681681638869,0.07677364637009909,11.0,11,0.0,0.0
259,21,4,10,204,week4_percentage,0.085889571,3,1752,10.92361932,1.66157744,24,4,pct,10.0,10.0,20.0,0.085889571,4.0,1,20.0,10.0,0.08588957091411042,0.08477632961481583,0.08533295026446314,10.0,10,0.0,0.0
267,21,5,9,87,week5_percentage,0.105263158,4,1768,10.88562737,1.493578379,24,5,pct,6.5,9.0,15.5,0.105263158,5.0,1,15.5,9.0,0.10526315789473685,0.09104356751763609,0.09815336270618646,9.0,9,0.0,0.0
260,21,6,8,103,week6_percentage,0.137546468,5,1771,11.59954088,1.2829598,24,6,pct,1.0,8.0,9.0,0.137546468,6.0,1,9.0,5.5,0.137546468,0.09485421673933593,0.11620034236966797,8.0,8,2.5,0.0
261,21,7,7,207,week7_percentage,0.14229249,6,1779,12.45082799,1.313479523,24,7,pct,4.0,7.0,11.0,0.14229249,7.0,1,11.0,6.5,0.14229249,0.11970110661464095,0.13099679830732047,6.0,7,0.5,1.0
262,21,8,5,32,week8_percentage,0.166189112,7,1786,16.16799133,1.371802449,24,8,pct,5.0,5.0,10.0,0.166189112,8.0,1,10.0,5.0,0.166189112,0.18676719368186584,0.17647815284093293,5.0,5,0.0,0.0
263,21,9,4,258,week9_percentage,0.264026403,8,1791,26.43455992,1.032634549,24,9,pct,1.0,4.0,5.0,0.264026403,9.0,1,5.0,2.5,0.2640264027359736,0.19163780803649486,0.22783210538623422,4.0,4,1.5,0.0
277,22,2,13,22,week2_percentage,0.062157221,1,1818,13.11306276,2.045787381,25,2,pct,13.0,12.0,25.0,0.062157221,2.0,1,25.0,13.0,0.062157221124314446,0.06721578703738369,0.06468650408084907,13.0,13,0.0,0.0
273,22,4,11,75,week4_percentage,0.084870849,3,1838,10.61827118,1.641877001,25,4,pct,10.0,11.0,21.0,0.084870849,4.0,1,21.0,10.5,0.0848708488302583,0.0729803780367765,0.0789256134335174,11.0,11,0.5,0.0
270,22,5,10,249,week5_percentage,0.091954023,4,1846,10.05542962,1.527265226,25,5,pct,8.5,10.0,18.5,0.091954023,5.0,1,18.5,9.0,0.09195402290804597,0.0799882278362487,0.08597112537214734,10.0,10,1.0,0.0
280,22,6,9,213,week6_percentage,0.08496732,5,1862,9.046741458,1.480886232,25,6,pct,9.0,9.0,18.0,0.08496732,6.0,1,18.0,9.0,0.08496731991503267,0.09213362849055591,0.0885504742027943,9.0,9,0.0,0.0
274,22,7,8,218,week7_percentage,0.111627907,6,1867,10.58858695,1.411864117,25,7,pct,8.0,7.0,15.0,0.111627907,7.0,1,15.0,8.0,0.111627907,0.10546157677732643,0.10854474188866321,8.0,8,0.0,0.0
275,22,8,6,269,week8_percentage,0.162939297,7,1875,13.14883345,1.192698575,25,8,pct,4.0,6.0,10.0,0.162939297,8.0,1,10.0,6.0,0.162939297,0.12474386648958796,0.143841581744794,6.0,6,0.0,0.0
276,22,9,5,283,week9_percentage,0.207407407,8,1881,16.84869512,1.063028083,25,9,pct,3.0,5.0,8.0,0.207407407,9.0,1,8.0,5.0,0.207407407,0.14026171505982088,0.17383456102991043,5.0,5,0.0,0.0
281,22,10,4,83,week10_percentage,0.239787146,9,1887,27.69989508,1.285223863,25,10,pct,4.0,3.0,7.0,0.239787146,10.0,1,7.0,3.5,0.2397871462397871,0.21799542107220238,0.22889128365599476,4.0,4,0.5,0.0
283,23,1,10,119,week1_percentage,0.09047619,0,1888,19.94363867,2.224611997,26,1,pct,8.0,10.0,18.0,0.09047619,1.0,1,18.0,9.5,0.09047619,0.09027571405149575,0.09037595202574787,9.0,10,0.5,1.0
285,23,2,8,142,week2_percentage,0.110280374,1,1898,20.67367626,2.092391436,26,2,pct,8.0,7.0,15.0,0.110280374,2.0,1,15.0,8.0,0.11028037411028037,0.11406288377848771,0.11217162894438404,8.0,8,0.0,0.0
287,23,3,6,125,week3_percentage,0.137440758,2,1906,26.21627743,2.099272388,26,3,pct,6.0,4.0,10.0,0.137440758,3.0,1,10.0,5.5,0.13744075813744075,0.16313203814477514,0.15028639814110795,6.0,6,0.5,0.0
301,24,1,13,219,week1_percentage,0.068627451,0,1923,15.15432907,2.135521351,27,1,pct,12.0,13.0,25.0,0.068627451,1.0,1,25.0,13.0,0.068627451,0.0665005264538536,0.0675639887269268,12.0,13,0.0,1.0
298,24,2,12,65,week2_percentage,0.068391867,1,1933,13.09626524,1.991562729,27,2,pct,11.0,12.0,23.0,0.068391867,2.0,1,23.0,12.0,0.06839186713678373,0.07227132887002508,0.07033159800340441,12.0,12,0.0,0.0
295,24,3,11,208,week3_percentage,0.081180812,2,1942,12.02074332,1.797269297,27,3,pct,9.0,11.0,20.0,0.081180812,3.0,1,20.0,11.0,0.08118081208118082,0.07644698076785929,0.07881389642452005,11.0,11,0.0,0.0
303,24,4,10,271,week4_percentage,0.112068966,3,1958,11.72782164,1.510305978,27,4,pct,2.5,10.0,12.5,0.112068966,4.0,1,12.5,7.5,0.11206896588793103,0.07615006038447483,0.09410951313620293,9.0,10,2.5,1.0
299,24,6,9,184,week6_percentage,0.104803493,5,1974,9.471880038,1.358365822,27,6,pct,6.0,9.0,15.0,0.104803493,6.0,1,15.0,9.0,0.104803493,0.08809396417132882,0.09644872858566442,9.0,9,0.0,0.0
296,24,7,8,135,week7_percentage,0.124137931,6,1981,10.68127117,1.314347654,27,7,pct,5.0,8.0,13.0,0.124137931,7.0,1,13.0,7.0,0.12413793112413793,0.10336009496806804,0.11374901304610299,7.0,8,1.0,1.0
305,24,8,6,131,week8_percentage,0.142857143,7,1992,13.54757866,1.393105351,27,8,pct,5.0,5.0,10.0,0.142857143,8.0,1,10.0,6.0,0.14285714285714285,0.15664126828790662,0.14974920557252475,6.0,6,0.0,0.0
304,24,9,4,8,week9_percentage,0.246753247,8,1996,35.16499783,1.464692273,27,9,pct,3.0,1.0,4.0,0.246753247,9.0,1,4.0,2.0,0.24675324675324675,0.2604397219859741,0.2535964843696104,2.0,4,2.0,2.0
