season,contestant,eliminated_week,judge_total,week,eliminated_actual,vote_mean,judge_share,fan_share,combined_share,pos_share,judge_rank,fan_rank,rank_sum,pos_rank
1,55,,0.739940073,1,0,0.2344086402020202,0.33333333333333337,0.2344086402020202,0.2838709867676768,1.0,2.0,1.0,3.0,1.0
1,56,,0.739940073,1,0,0.2225357586599558,0.33333333333333337,0.2225357586599558,0.2779345459966446,2.0,2.0,2.0,4.0,2.0
1,89,4.0,0.739940073,1,0,0.0736435827765292,0.33333333333333337,0.0736435827765292,0.2034884580549313,3.0,2.0,3.0,5.0,3.0
2,27,,1.144849165,1,0,0.2126046265248946,0.28124999992322947,0.2126046265248946,0.24692731322406203,1.0,1.0,1.0,2.0,1.0
2,35,3.0,0.89043824,1,0,0.052868539495184,0.21875000007677048,0.052868539495184,0.13580926978597724,4.0,2.5,6.0,8.5,5.0
2,49,,0.381616388,1,0,0.1446871256917356,0.09374999989252131,0.1446871256917356,0.11921856279212846,5.0,5.0,3.0,8.0,4.0
2,100,,0.636027314,1,0,0.1798042893503643,0.1562499999846459,0.1798042893503643,0.1680271446675051,2.0,4.0,2.0,6.0,2.0
2,103,2.0,0.89043824,1,0,0.0871739414807516,0.21875000007677048,0.0871739414807516,0.15296197077876103,3.0,2.5,4.0,6.5,3.0
2,105,5.0,0.127205463,1,0,0.0832518915053837,0.031250000046062286,0.0832518915053837,0.057250945775723,6.0,6.0,5.0,11.0,6.0
28,36,,1.260894058,1,0,0.2144610010937903,0.2654320987498387,0.2144610010937903,0.2399465499218145,1.0,2.0,1.0,3.0,1.0
28,42,10.0,1.61277147,1,0,0.1070696626309649,0.3395061729174732,0.1070696626309649,0.22328791777421905,2.0,1.0,3.0,4.0,2.0
28,63,7.0,0.205261823,1,0,0.0608062920422604,0.043209876457446124,0.0608062920422604,0.05200808424985326,5.0,5.5,4.0,9.5,5.0
28,70,11.0,0.909016647,1,0,0.1781406612926172,0.19135802479271516,0.1781406612926172,0.18474934304266616,3.0,3.0,2.0,5.0,3.0
28,75,2.0,0.205261823,1,0,0.0300235315646522,0.043209876457446124,0.0300235315646522,0.03661670401104916,6.0,5.5,6.0,11.5,6.0
28,93,6.0,0.557139235,1,0,0.0353595392217169,0.11728395062508064,0.0353595392217169,0.07632174492339877,4.0,4.0,5.0,9.0,4.0
29,0,9.0,0.221948381,1,0,0.0548949587994989,0.037735849091891115,0.0548949587994989,0.046315403945695006,7.0,8.0,6.0,14.0,7.0
29,8,4.0,0.221948381,1,0,0.0365641911416557,0.037735849091891115,0.0365641911416557,0.0371500201167734,10.0,8.0,10.0,18.0,10.0
29,46,7.0,0.221948381,1,0,0.052736805335856,0.037735849091891115,0.052736805335856,0.04523632721387356,8.0,8.0,7.0,15.0,8.0
29,50,5.0,0.221948381,1,0,0.0446858754361315,0.037735849091891115,0.0446858754361315,0.04121086226401131,9.0,8.0,9.0,17.0,9.0
29,57,10.0,0.221948381,1,0,0.0627515017696715,0.037735849091891115,0.0627515017696715,0.0502436754307813,6.0,8.0,5.0,13.0,5.5
29,61,11.0,1.220716094,1,0,0.1202492643598957,0.20754716975036988,0.1202492643598957,0.1638982170551328,2.0,1.5,4.0,5.5,2.5
29,62,,0.887793523,1,0,0.1238136974920706,0.15094339619754363,0.1238136974920706,0.1373785468448071,4.0,3.5,3.0,6.5,4.0
29,84,7.0,0.554870952,1,0,0.0492102431777344,0.09433962264471737,0.0492102431777344,0.07177493291122589,5.0,5.0,8.0,13.0,5.5
29,86,,0.887793523,1,0,0.1324640283900891,0.15094339619754363,0.1324640283900891,0.14170371229381637,3.0,3.5,2.0,5.5,2.5
29,99,10.0,1.220716094,1,0,0.1379260765187517,0.20754716975036988,0.1379260765187517,0.17273662313456078,1.0,1.5,1.0,2.5,1.0
30,5,10.0,0.967685995,1,0,0.1156090017663801,0.19148936174844086,0.1156090017663801,0.15354918175741047,2.0,2.5,2.0,4.5,2.0
30,21,3.0,0.161280999,1,0,0.0331161245704264,0.031914893591759516,0.0331161245704264,0.03251550908109296,8.0,7.5,8.0,15.5,8.0
30,53,,1.23648766,1,0,0.1364644354914015,0.24468085106804008,0.1364644354914015,0.1905726432797208,1.0,1.0,1.0,2.0,1.0
30,68,6.0,0.430082664,1,0,0.0438208549691193,0.0851063829113587,0.0438208549691193,0.064463618940239,6.0,5.5,6.0,11.5,6.0
30,80,5.0,0.69888433,1,0,0.0431960384828617,0.13829787242884167,0.0431960384828617,0.09074695545585168,4.0,4.0,7.0,11.0,5.0
30,81,9.0,0.430082664,1,0,0.0501221364608789,0.0851063829113587,0.0501221364608789,0.06761425968611881,5.0,5.5,4.0,9.5,4.0
30,87,8.0,0.161280999,1,0,0.0453355867458218,0.031914893591759516,0.0453355867458218,0.03862524016879065,7.0,7.5,5.0,12.5,7.0
30,102,9.0,0.967685995,1,0,0.1043635138584842,0.19148936174844086,0.1043635138584842,0.14792643780346254,3.0,2.5,3.0,5.5,3.0
31,18,,1.870939403,1,0,0.1406871301780524,0.262096774212754,0.1406871301780524,0.2013919521954032,1.0,1.0,1.0,2.0,1.0
31,24,9.0,0.719592078,1,0,0.0903349597797169,0.100806451609514,0.0903349597797169,0.09557070569461545,5.0,6.0,5.0,11.0,5.5
31,33,,0.949861543,1,0,0.1344187901889229,0.133064516130162,0.1344187901889229,0.13374165315954245,3.0,4.0,2.0,6.0,3.0
31,38,8.0,0.028783683,1,0,0.0360392454587412,0.0040322580475699605,0.0360392454587412,0.02003575175315558,8.0,8.0,8.0,16.0,8.0
31,59,7.0,0.489322613,1,0,0.0560870218225928,0.06854838708886599,0.0560870218225928,0.06231770445572939,7.0,7.0,6.0,13.0,7.0
31,97,5.0,0.949861543,1,0,0.0447177452349093,0.133064516130162,0.0447177452349093,0.08889113068253565,6.0,4.0,7.0,11.0,5.5
31,98,10.0,0.949861543,1,0,0.1141439387259195,0.133064516130162,0.1141439387259195,0.12360422742804075,4.0,4.0,4.0,8.0,4.0
31,112,,1.180131008,1,0,0.1331404109002737,0.16532258065081,0.1331404109002737,0.14923149577554184,2.0,2.0,3.0,5.0,2.0
32,1,4.0,0.444400903,1,0,0.052254247928523,0.07317073166715847,0.052254247928523,0.06271248979784073,6.0,5.5,5.0,10.5,6.0
32,9,,1.33320271,1,0,0.1322771982777524,0.21951219516612566,0.1322771982777524,0.17589469672193903,2.0,2.5,3.0,5.5,2.0
32,16,11.0,1.629469979,1,0,0.1899741997834072,0.26829268299911474,0.1899741997834072,0.22913344139126096,1.0,1.0,1.0,2.0,1.0
32,45,,1.33320271,1,0,0.1251746129412003,0.21951219516612566,0.1251746129412003,0.172343404053663,3.0,2.5,4.0,6.5,3.0
32,72,7.0,0.740668172,1,0,0.0482115622678429,0.12195121950014755,0.0482115622678429,0.08508139088399522,5.0,4.0,6.0,10.0,5.0
32,83,5.0,0.148133634,1,0,0.0333950271548719,0.024390243834169396,0.0333950271548719,0.028892635494520646,7.0,7.0,7.0,14.0,7.0
32,114,,0.444400903,1,0,0.1517284641832891,0.07317073166715847,0.1517284641832891,0.1124495979252238,4.0,5.5,2.0,7.5,4.0
33,15,,1.775250729,1,0,0.1563088930911841,0.3333333332707443,0.1563088930911841,0.24482111318096422,1.0,1.0,2.0,3.0,1.0
33,26,9.0,0.443812682,1,0,0.101016880284048,0.08333333327074437,0.101016880284048,0.09217510677739618,5.0,5.0,5.0,10.0,5.0
33,28,7.0,1.331438047,1,0,0.1106290728852441,0.25,0.1106290728852441,0.18031453644262205,2.0,2.0,4.0,6.0,3.0
33,54,,0.887625365,1,0,0.1157516449882432,0.16666666672925562,0.1157516449882432,0.1412091558587494,4.0,3.5,3.0,6.5,4.0
33,101,9.0,0.887625365,1,0,0.1760243269381941,0.16666666672925562,0.1760243269381941,0.17134549683372485,3.0,3.5,1.0,4.5,2.0
34,2,,0.637993085,1,0,0.1958247484647197,0.10465116283838134,0.1958247484647197,0.15023795565155051,3.0,4.5,1.0,5.5,2.5
34,25,8.0,0.141776241,1,0,0.0499429570216355,0.023255813945858985,0.0499429570216355,0.03659938548374724,8.0,7.0,7.0,14.0,8.0
34,30,11.0,0.141776241,1,0,0.0738341196626504,0.023255813945858985,0.0738341196626504,0.04854496680425469,6.0,7.0,3.0,10.0,4.0
34,39,4.0,1.134209928,1,0,0.024006473698731,0.18604651156687188,0.024006473698731,0.10502649263280144,4.0,3.0,8.0,11.0,6.0
34,47,7.0,0.141776241,1,0,0.0551142515927522,0.023255813945858985,0.0551142515927522,0.03918503276930559,7.0,7.0,5.0,12.0,7.0
34,71,3.0,0.637993085,1,0,0.0546618849598158,0.10465116283838134,0.0546618849598158,0.07965652389909857,5.0,4.5,6.0,10.5,5.0
34,92,,1.630426772,1,0,0.1783469617841983,0.2674418604593943,0.1783469617841983,0.22289441112179628,1.0,1.5,2.0,3.5,1.0
34,113,10.0,1.630426772,1,0,0.0698381065735366,0.2674418604593943,0.0698381065735366,0.16863998351646545,2.0,1.5,4.0,5.5,2.5
1,55,,0.205325391,2,0,0.2285313376164189,0.07936507950619465,0.2285313376164189,0.15394820856130675,3.0,3.0,2.0,5.0,2.5
1,56,,1.437277734,2,0,0.2327865077274885,0.555555555383763,0.2327865077274885,0.3941710315556257,1.0,1.0,1.0,2.0,1.0
1,89,4.0,0.944496797,2,0,0.0840357777630643,0.3650793651100423,0.0840357777630643,0.2245575714365533,2.0,2.0,3.0,5.0,2.5
2,27,,1.196292001,2,0,0.18259311558041,0.33858267731689623,0.18259311558041,0.2605878964486531,2.0,2.0,2.0,4.0,2.0
2,35,3.0,0.445131907,2,0,0.0511497902938958,0.12598425192616133,0.0511497902938958,0.08856702111002857,4.0,3.0,4.0,7.0,3.5
2,49,,0.194745209,2,0,0.1527549753021321,0.05511811012924972,0.1527549753021321,0.10393654271569092,3.0,4.0,3.0,7.0,3.5
2,100,,1.697065396,2,0,0.2439419700115057,0.4803149606276927,0.2439419700115057,0.3621284653195992,1.0,1.0,1.0,2.0,1.0
28,3,,0.56225353,2,0,0.1316818796068038,0.11475409832050557,0.1316818796068038,0.12321798896365468,2.0,4.0,3.0,7.0,2.0
28,36,,1.847404456,2,0,0.224034553523878,0.3770491802542602,0.224034553523878,0.3005418668890691,1.0,1.0,1.0,2.0,1.0
28,42,10.0,0.56225353,2,0,0.0839928580746995,0.11475409832050557,0.0839928580746995,0.09937347819760253,5.0,4.0,5.0,9.0,6.0
28,63,7.0,0.240965799,2,0,0.0538332585876757,0.04918032793911527,0.0538332585876757,0.05150679326339548,7.0,6.5,7.0,13.5,7.0
28,64,8.0,0.883541262,2,0,0.0650029058811405,0.1803278689059926,0.0650029058811405,0.12266538739356654,3.0,2.0,6.0,8.0,3.5
28,65,,0.56225353,2,0,0.1173865219925177,0.11475409832050557,0.1173865219925177,0.11607031015651163,4.0,4.0,4.0,8.0,3.5
28,70,11.0,0.240965799,2,0,0.1339837693509468,0.04918032793911527,0.1339837693509468,0.09158204864503103,6.0,6.5,2.0,8.5,5.0
29,0,9.0,0.386093671,2,0,0.0581449526949917,0.06666666664364404,0.0581449526949917,0.06240580966931787,5.0,5.0,4.0,9.0,4.5
29,50,5.0,0.86871076,2,0,0.0522316343566471,0.1499999999913665,0.0522316343566471,0.1011158171740068,4.0,4.0,5.0,9.0,4.5
29,61,11.0,1.351327849,2,0,0.1074292306258338,0.23333333333908898,0.1074292306258338,0.17038128198246139,3.0,2.5,3.0,5.5,3.0
29,62,,1.833944938,2,0,0.1532119079195761,0.3166666666868114,0.1532119079195761,0.23493928730319374,1.0,1.0,1.0,2.0,1.0
29,86,,1.351327849,2,0,0.1428300587116923,0.23333333333908898,0.1428300587116923,0.18808169602539065,2.0,2.5,2.0,4.5,2.0
30,5,10.0,1.578953426,2,0,0.1395392136975923,0.2794117645991858,0.1395392136975923,0.20947548914838907,1.0,1.0,1.0,2.0,1.0
30,52,8.0,0.332411248,2,0,0.0769118636164944,0.058823529463811794,0.0769118636164944,0.0678676965401531,5.0,6.0,4.0,10.0,4.0
30,53,,1.329644991,2,0,0.1142059192845498,0.2352941176782871,0.1142059192845498,0.17475001848141844,2.0,2.0,2.0,4.0,2.0
30,80,5.0,1.080336555,2,0,0.0457409965236289,0.19117647058042822,0.0457409965236289,0.11845873355202856,3.0,3.0,8.0,11.0,5.5
30,81,9.0,0.332411248,2,0,0.0497264754865334,0.058823529463811794,0.0497264754865334,0.0542750024751726,7.0,6.0,7.0,13.0,7.0
30,82,7.0,0.083102812,2,0,0.0512444252755944,0.014705882365952948,0.0512444252755944,0.03297515382077367,8.0,8.0,6.0,14.0,8.0
30,87,8.0,0.332411248,2,0,0.053871215396371,0.058823529463811794,0.053871215396371,0.0563473724300914,6.0,6.0,5.0,11.0,5.5
30,102,9.0,0.581719683,2,0,0.0910823945216794,0.10294117638471054,0.0910823945216794,0.09701178545319497,4.0,4.0,3.0,7.0,3.0
31,18,,1.416052194,2,0,0.1325467378172177,0.23529411762751035,0.1325467378172177,0.18392042772236403,3.0,2.0,3.0,5.0,3.0
31,24,9.0,0.47895883,2,0,0.0914452407307454,0.07958477502613491,0.0914452407307454,0.08551500787844016,5.0,5.0,4.0,9.0,4.5
31,33,,1.416052194,2,0,0.1562465501775372,0.23529411762751035,0.1562465501775372,0.19577033390252377,1.0,2.0,1.0,3.0,1.0
31,38,8.0,0.166594376,2,0,0.0432249985436377,0.027681660936451108,0.0432249985436377,0.035453329740044406,7.0,7.0,7.0,14.0,7.0
31,97,5.0,0.166594376,2,0,0.0334459419883304,0.027681660936451108,0.0334459419883304,0.030563801462390752,8.0,7.0,8.0,15.0,8.0
31,98,10.0,0.166594376,2,0,0.0836083455475372,0.027681660936451108,0.0836083455475372,0.05564500324199415,6.0,7.0,6.0,13.0,6.0
31,107,9.0,0.791323285,2,0,0.083897880541637,0.13148788928198074,0.083897880541637,0.10769288491180887,4.0,4.0,5.0,9.0,4.5
31,112,,1.416052194,2,0,0.1357470256831139,0.23529411762751035,0.1357470256831139,0.1855205716553121,2.0,2.0,2.0,4.0,2.0
32,4,11.0,0.196865388,2,0,0.0892351841860232,0.036144578372978464,0.0892351841860232,0.06268988127950084,6.0,6.0,5.0,11.0,6.0
32,9,,0.481226503,2,0,0.0999812407107019,0.08835341361701356,0.0999812407107019,0.09416732716385773,5.0,5.0,4.0,9.0,4.0
32,16,11.0,0.765587619,2,0,0.1406431648545609,0.14056224904464912,0.1406431648545609,0.14060270694960503,3.0,3.5,2.0,5.5,3.0
32,45,,1.618670965,2,0,0.131742674395833,0.29718875496035485,0.131742674395833,0.21446571467809394,2.0,1.5,3.0,4.5,2.0
32,72,7.0,0.765587619,2,0,0.0521408620437335,0.14056224904464912,0.0521408620437335,0.09635155554419131,4.0,3.5,6.0,9.5,5.0
32,114,,1.618670965,2,0,0.2448111325515435,0.29718875496035485,0.2448111325515435,0.27099994375594916,1.0,1.5,1.0,2.5,1.0
33,13,4.0,0.057928445,2,0,0.0264723518427115,0.01081081087638124,0.0264723518427115,0.01864158135954637,8.0,8.0,8.0,16.0,8.0
33,15,,1.564068005,2,0,0.1521125612636917,0.2918918917960582,0.1521125612636917,0.22200222652987495,1.0,1.0,2.0,3.0,1.0
33,26,9.0,0.434463335,2,0,0.0958397202168805,0.08108108110630048,0.0958397202168805,0.0884604006615905,6.0,6.0,6.0,12.0,6.0
33,28,7.0,0.810998225,2,0,0.1010064323215426,0.1513513513362197,0.1010064323215426,0.12617889182888115,4.0,3.0,5.0,8.0,4.0
33,40,,0.434463335,2,0,0.13961020404783,0.08108108110630048,0.13961020404783,0.11034564257706525,5.0,6.0,3.0,9.0,5.0
33,54,,0.810998225,2,0,0.1175522441933601,0.1513513513362197,0.1175522441933601,0.1344517977647899,3.0,3.0,4.0,7.0,3.0
33,88,5.0,0.434463335,2,0,0.0509419267642558,0.08108108110630048,0.0509419267642558,0.06601150393527815,7.0,6.0,7.0,13.0,7.0
33,101,9.0,0.810998225,2,0,0.1817732502932563,0.1513513513362197,0.1817732502932563,0.166562300814738,2.0,3.0,1.0,4.0,2.0
34,2,,0.51214752,2,0,0.1752363309788833,0.08602150543413759,0.1752363309788833,0.13062891820651046,3.0,6.5,1.0,7.5,3.5
34,29,11.0,0.06401844,2,0,0.0694906266784083,0.010752688179267198,0.0694906266784083,0.04012165742883775,9.0,9.0,6.0,15.0,8.0
34,30,11.0,0.51214752,2,0,0.0830103455033111,0.08602150543413759,0.0830103455033111,0.08451592546872434,6.0,6.5,4.0,10.5,6.0
34,39,4.0,0.51214752,2,0,0.0194626333585355,0.08602150543413759,0.0194626333585355,0.05274206939633654,8.0,6.5,9.0,15.5,9.0
34,47,7.0,0.960276599,2,0,0.0759547230524284,0.1612903225210456,0.0759547230524284,0.118622522786737,4.0,2.5,5.0,7.5,3.5
34,58,,0.960276599,2,0,0.1434100240132648,0.1612903225210456,0.1434100240132648,0.15235017326715522,2.0,2.5,3.0,5.5,2.0
34,71,3.0,0.51214752,2,0,0.0452138432264929,0.08602150543413759,0.0452138432264929,0.06561767433031523,7.0,6.5,8.0,14.5,7.0
34,92,,0.960276599,2,0,0.1689530073783306,0.1612903225210456,0.1689530073783306,0.1651216649496881,1.0,2.5,2.0,4.5,1.0
34,113,10.0,0.960276599,2,0,0.0657332597549987,0.1612903225210456,0.0657332597549987,0.11351179113802215,5.0,2.5,7.0,9.5,5.0
1,55,,0.179968508,3,0,0.2520237037758749,0.0952380950868972,0.2520237037758749,0.17363089943138604,3.0,3.0,1.0,4.0,2.0
1,56,,0.629889779,3,0,0.2391958499155887,0.3333333333333333,0.2391958499155887,0.286264591624461,2.0,2.0,2.0,4.0,2.0
1,89,4.0,1.07981105,3,0,0.097975554260837,0.5714285715797695,0.097975554260837,0.33470206292030324,1.0,1.0,3.0,4.0,2.0
2,27,,1.003478271,3,0,0.2175110599237335,0.3035714285660265,0.2175110599237335,0.26054124424488,2.0,1.5,2.0,3.5,2.0
2,73,7.0,0.531253202,3,0,0.1061202730799893,0.16071428562244955,0.1061202730799893,0.13341727935121941,4.0,4.0,3.0,7.0,3.5
2,100,,1.003478271,3,0,0.237390534481486,0.3035714285660265,0.237390534481486,0.2704809815237562,1.0,1.5,1.0,2.5,1.0
2,105,5.0,0.767365737,3,0,0.1055112376803877,0.23214285724549757,0.1055112376803877,0.16882704746294264,3.0,3.0,4.0,7.0,3.5
28,3,,1.064742266,3,0,0.1729042252745518,0.2560975608934791,0.1729042252745518,0.21450089308401546,1.0,1.5,1.0,2.5,1.0
28,36,,0.304212076,3,0,0.1709606067060547,0.07317073168385117,0.1709606067060547,0.12206566919495293,4.0,5.0,2.0,7.0,2.0
28,42,10.0,0.811232203,3,0,0.0922456272860921,0.1951219512371116,0.0922456272860921,0.14368378926160186,3.0,3.5,5.0,8.5,4.0
28,64,8.0,1.064742266,3,0,0.0809999421194649,0.2560975608934791,0.0809999421194649,0.16854875150647203,2.0,1.5,6.0,7.5,3.0
28,65,,0.050702013,3,0,0.1053769788631917,0.012195122027483662,0.1053769788631917,0.058786050445337676,7.0,6.5,4.0,10.5,6.5
28,70,11.0,0.050702013,3,0,0.1485062133914257,0.012195122027483662,0.1485062133914257,0.08035066770945468,6.0,6.5,3.0,9.5,5.0
28,93,6.0,0.811232203,3,0,0.0426490937345471,0.1951219512371116,0.0426490937345471,0.11888552248582934,5.0,3.5,7.0,10.5,6.5
29,0,9.0,0.28095387,3,0,0.0553722662169644,0.05038759691451777,0.0553722662169644,0.052879931565741084,7.0,7.5,7.0,14.5,7.0
29,20,8.0,0.583519576,3,0,0.0703751301154153,0.10465116279486848,0.0703751301154153,0.08751314645514188,4.0,5.0,4.0,9.0,4.0
29,46,7.0,0.583519576,3,0,0.0676444085601535,0.10465116279486848,0.0676444085601535,0.086147785677511,5.0,5.0,5.0,10.0,5.0
29,57,10.0,1.188650988,3,0,0.1016842431120951,0.2131782945555699,0.1016842431120951,0.15743126883383252,2.0,1.5,3.0,4.5,2.0
29,62,,0.886085282,3,0,0.1310490766035731,0.1589147286752192,0.1310490766035731,0.14498190263939614,3.0,3.0,2.0,5.0,3.0
29,84,7.0,0.28095387,3,0,0.0448490826606384,0.05038759691451777,0.0448490826606384,0.04761833978757808,8.0,7.5,8.0,15.5,8.0
29,86,,1.188650988,3,0,0.165065283850178,0.2131782945555699,0.165065283850178,0.18912178920287395,1.0,1.5,1.0,2.5,1.0
29,110,6.0,0.583519576,3,0,0.065621266447021,0.10465116279486848,0.065621266447021,0.08513621462094474,6.0,5.0,6.0,11.0,6.0
30,5,10.0,1.424110209,3,0,0.1422634918002611,0.24050632914171471,0.1422634918002611,0.1913849104709879,1.0,2.0,1.0,3.0,1.0
30,53,,1.424110209,3,0,0.1307658490559346,0.24050632914171471,0.1307658490559346,0.18563608909882467,2.0,2.0,2.0,4.0,2.0
30,80,5.0,0.374765844,3,0,0.0413457774698413,0.06329113916782302,0.0413457774698413,0.05231845831883215,6.0,5.5,6.0,11.5,6.0
30,81,9.0,0.899438027,3,0,0.0600692452727527,0.15189873423920977,0.0600692452727527,0.10598398975598124,4.0,4.0,5.0,9.0,4.0
30,82,7.0,0.374765844,3,0,0.0678252711343237,0.06329113916782302,0.0678252711343237,0.06555820515107336,5.0,5.5,4.0,9.5,5.0
30,87,8.0,1.424110209,3,0,0.0776609321797076,0.24050632914171471,0.0776609321797076,0.15908363066071116,3.0,2.0,3.0,5.0,3.0
31,18,,1.277487278,3,0,0.1334739043885759,0.21376811593596615,0.1334739043885759,0.17362101016227102,3.0,2.0,3.0,5.0,3.0
31,24,9.0,0.671222129,3,0,0.0970974016037731,0.1123188405566713,0.0970974016037731,0.1047081210802222,5.0,5.0,4.0,9.0,4.0
31,33,,1.277487278,3,0,0.1654751380216237,0.21376811593596615,0.1654751380216237,0.18962162697879492,1.0,2.0,1.0,3.0,1.0
31,38,8.0,0.974354704,3,0,0.0517153635733644,0.16304347832998614,0.0517153635733644,0.10737942095167527,4.0,4.0,8.0,12.0,6.0
31,59,7.0,0.06495698,3,0,0.060727888055899,0.010869565177376455,0.060727888055899,0.03579872661663773,7.0,7.5,6.0,13.5,7.0
31,60,5.0,0.06495698,3,0,0.055040059500436,0.010869565177376455,0.055040059500436,0.03295481233890623,8.0,7.5,7.0,14.5,8.0
31,98,10.0,0.368089555,3,0,0.08637808931089,0.0615942029506913,0.08637808931089,0.07398614613079064,6.0,6.0,5.0,11.0,5.0
31,112,,1.277487278,3,0,0.1497955981945929,0.21376811593596615,0.1497955981945929,0.18178185706527952,2.0,2.0,2.0,4.0,2.0
32,9,,1.519068618,3,0,0.1415742734839468,0.29010238903548025,0.1415742734839468,0.21583833125971352,1.0,1.5,3.0,4.5,1.5
32,16,11.0,1.090155126,3,0,0.1578781775625753,0.20819112627595274,0.1578781775625753,0.18303465191926402,4.0,3.5,2.0,5.5,3.5
32,45,,1.519068618,3,0,0.1324009765054382,0.29010238903548025,0.1324009765054382,0.21125168277045922,2.0,1.5,4.0,5.5,3.5
32,72,7.0,0.017871396,3,0,0.0476735674135611,0.003412969377133908,0.0476735674135611,0.025543268395347506,5.0,5.0,5.0,10.0,5.0
32,114,,1.090155126,3,0,0.1945431432070662,0.20819112627595274,0.1945431432070662,0.20136713474150947,3.0,3.5,1.0,4.5,1.5
33,13,4.0,0.38440655,3,0,0.0354463207329089,0.08578431373642943,0.0354463207329089,0.06061531723466916,6.0,5.0,6.0,11.0,6.0
33,15,,1.350914447,3,0,0.1546411955015876,0.3014705882418577,0.1546411955015876,0.22805589187172265,2.0,2.0,2.0,4.0,1.5
33,26,9.0,0.263593063,3,0,0.1015804242912317,0.05882352945114595,0.1015804242912317,0.08020197687118882,5.0,6.0,4.0,10.0,5.0
33,48,6.0,0.505220037,3,0,0.0891512603303032,0.1127450980217129,0.0891512603303032,0.10094817917600804,4.0,3.5,5.0,8.5,4.0
33,54,,1.471727934,3,0,0.1527502865570954,0.32843137252714116,0.1527502865570954,0.2405908295421183,1.0,1.0,3.0,4.0,1.5
33,101,9.0,0.505220037,3,0,0.175832197039262,0.1127450980217129,0.175832197039262,0.14428864753048745,3.0,3.5,1.0,4.5,3.0
34,2,,0.784213926,3,0,0.1976144299886766,0.15702479339173936,0.1976144299886766,0.177319611690208,2.0,3.5,1.0,4.5,2.0
34,29,11.0,0.784213926,3,0,0.1139295836191223,0.15702479339173936,0.1139295836191223,0.13547718850543083,4.0,3.5,4.0,7.5,4.0
34,39,4.0,0.28892092,3,0,0.0213114127927745,0.05785123964956376,0.0213114127927745,0.03958132622116913,7.0,6.0,7.0,13.0,7.0
34,58,,1.279506932,3,0,0.1710948363714154,0.256198347133915,0.1710948363714154,0.2136465917526652,1.0,1.5,2.0,3.5,1.0
34,92,,0.28892092,3,0,0.1263549444624251,0.05785123964956376,0.1263549444624251,0.09210309205599443,5.0,6.0,3.0,9.0,5.0
34,95,6.0,0.28892092,3,0,0.0614067519596756,0.05785123964956376,0.0614067519596756,0.05962899580461968,6.0,6.0,6.0,12.0,6.0
34,113,10.0,1.279506932,3,0,0.0721339517571973,0.256198347133915,0.0721339517571973,0.16416614944555613,3.0,1.5,5.0,6.5,3.0
1,66,,1.176696811,4,0,0.4268625985524902,0.5999999998980197,0.4268625985524902,0.513431299225255,1.0,1.0,1.0,2.0,1.0
1,89,4.0,0.784464541,4,1,0.0580182821893143,0.4000000001019804,0.0580182821893143,0.22900914114564735,2.0,2.0,2.0,4.0,2.0
2,27,,0.864977762,4,0,0.2215265801826066,0.33628318588199396,0.2215265801826066,0.27890488303230027,1.0,1.0,2.0,3.0,1.0
2,49,,0.227625727,4,0,0.1640917393965503,0.08849557529348946,0.1640917393965503,0.12629365734501988,5.0,5.0,3.0,8.0,4.0
2,73,7.0,0.546301744,4,0,0.1303543503938238,0.21238938039335337,0.1303543503938238,0.17137186539358856,3.0,2.5,4.0,6.5,3.0
2,100,,0.546301744,4,0,0.2401417222757972,0.21238938039335337,0.2401417222757972,0.22626555133457527,2.0,2.5,1.0,3.5,2.0
2,105,5.0,0.386963736,4,0,0.1032066376388152,0.15044247803780975,0.1032066376388152,0.12682455783831248,4.0,4.0,5.0,9.0,5.0
28,3,,0.872698903,4,0,0.1460940446475724,0.21111111110842326,0.1460940446475724,0.17860257787799783,3.0,2.5,3.0,5.5,3.0
28,36,,0.872698903,4,0,0.2081518266165656,0.21111111110842326,0.2081518266165656,0.20963146886249442,1.0,2.5,1.0,3.5,1.0
28,65,,0.872698903,4,0,0.1409477447054493,0.21111111110842326,0.1409477447054493,0.17602942790693626,4.0,2.5,4.0,6.5,4.0
28,70,11.0,0.872698903,4,0,0.2000289538159626,0.21111111110842326,0.2000289538159626,0.20557003246219294,2.0,2.5,2.0,4.5,2.0
28,93,6.0,0.643041297,4,0,0.033739066292859,0.15555555556630693,0.033739066292859,0.09464731092958296,5.0,5.0,5.0,10.0,5.0
29,0,9.0,0.424334212,4,0,0.0680948816729477,0.07746478868354134,0.0680948816729477,0.07277983517824452,6.0,5.0,6.0,11.0,6.0
29,57,10.0,0.424334212,4,0,0.0839782556325414,0.07746478868354134,0.0839782556325414,0.08072152215804138,5.0,5.0,5.0,10.0,5.0
29,61,11.0,0.424334212,4,0,0.1022568207439187,0.07746478868354134,0.1022568207439187,0.08986080471373002,4.0,5.0,4.0,9.0,4.0
29,62,,0.9258201,4,0,0.1305896630621281,0.16901408459960593,0.1305896630621281,0.14980187383086702,2.0,2.0,2.0,4.0,2.0
29,84,7.0,0.424334212,4,0,0.0552957029718448,0.07746478868354134,0.0552957029718448,0.06638024582769307,7.0,5.0,7.0,12.0,7.0
29,86,,0.424334212,4,0,0.1286629100562677,0.07746478868354134,0.1286629100562677,0.10306384936990452,3.0,5.0,3.0,8.0,3.0
29,99,10.0,2.430277762,4,0,0.1337511945319394,0.4436619719826875,0.1337511945319394,0.28870658325731346,1.0,1.0,1.0,2.0,1.0
30,5,10.0,0.656872014,4,0,0.1114535723473535,0.12106537533925686,0.1114535723473535,0.11625947384330518,4.0,4.5,2.0,6.5,3.0
30,52,8.0,0.144511843,4,0,0.0682073334944015,0.02663438255989204,0.0682073334944015,0.04742085802714677,7.0,7.5,6.0,13.5,6.0
30,53,,0.998445461,4,0,0.1224869490075846,0.1840193704640648,0.1224869490075846,0.1532531597358247,2.0,2.5,1.0,3.5,1.0
30,80,5.0,0.315298567,4,0,0.0401055037416068,0.05811138021444894,0.0401055037416068,0.04910844197802787,6.0,6.0,8.0,14.0,7.0
30,81,9.0,1.510805631,4,0,0.0816543510421624,0.27845036305912374,0.0816543510421624,0.18005235705064307,1.0,1.0,4.0,5.0,2.0
30,82,7.0,0.144511843,4,0,0.0596356126839831,0.02663438255989204,0.0596356126839831,0.043134997621937565,8.0,7.5,7.0,14.5,8.0
30,87,8.0,0.998445461,4,0,0.0727952125428849,0.1840193704640648,0.0727952125428849,0.12840729150347485,3.0,2.5,5.0,7.5,4.5
30,102,9.0,0.656872014,4,0,0.1019710986754482,0.12106537533925686,0.1019710986754482,0.11151823700735253,5.0,4.5,3.0,7.5,4.5
31,18,,1.299521073,4,0,0.1349855989484438,0.2320000000142822,0.1349855989484438,0.183492799481363,3.0,2.0,3.0,5.0,3.0
31,33,,1.299521073,4,0,0.1560067855615356,0.2320000000142822,0.1560067855615356,0.1940033927879089,1.0,2.0,1.0,3.0,1.0
31,38,8.0,0.716977144,4,0,0.0537473679265912,0.12800000005712875,0.0537473679265912,0.09087368399185997,5.0,4.5,6.0,10.5,5.5
31,59,7.0,0.716977144,4,0,0.0760043722383637,0.12800000005712875,0.0760043722383637,0.10200218614774623,4.0,4.5,5.0,9.5,4.0
31,97,5.0,0.134433214,4,0,0.0358279791114506,0.023999999921447985,0.0358279791114506,0.029913989516449295,7.0,6.5,7.0,13.5,7.0
31,98,10.0,0.134433214,4,0,0.0905582414961376,0.023999999921447985,0.0905582414961376,0.05727912070879279,6.0,6.5,4.0,10.5,5.5
31,112,,1.299521073,4,0,0.147553061907703,0.2320000000142822,0.147553061907703,0.18977653096099262,2.0,2.0,2.0,4.0,2.0
32,9,,1.140361622,4,0,0.140508173058327,0.24647887330640986,0.140508173058327,0.19349352318236843,2.0,2.0,3.0,5.0,2.0
32,16,11.0,0.781962255,4,0,0.1464543805838171,0.16901408453444042,0.1464543805838171,0.15773423255912877,3.0,3.5,2.0,5.5,3.0
32,45,,0.781962255,4,0,0.1068410320168046,0.16901408453444042,0.1068410320168046,0.1379275582756225,4.0,3.5,4.0,7.5,4.0
32,72,7.0,0.065163521,4,0,0.0496724465393721,0.014084506990501457,0.0496724465393721,0.031878476764936776,5.0,5.0,5.0,10.0,5.0
32,114,,1.857160355,4,0,0.2420571246042316,0.4014084506342078,0.2420571246042316,0.3217327876192197,1.0,1.0,1.0,2.0,1.0
33,26,9.0,1.622214211,4,0,0.1454899232313466,0.4761904762044545,0.1454899232313466,0.31084019971790056,2.0,1.5,3.0,4.5,3.0
33,54,,1.622214211,4,0,0.1666044244618617,0.4761904762044545,0.1666044244618617,0.3213974503331581,1.0,1.5,2.0,3.5,1.0
33,101,9.0,0.162221421,4,0,0.1712623083617127,0.0476190475910911,0.1712623083617127,0.10944067797640189,3.0,3.0,1.0,4.0,2.0
34,2,,0.775202533,4,0,0.2139331113476642,0.17777777774210413,0.2139331113476642,0.19585544454488418,1.0,3.0,1.0,4.0,1.0
34,29,11.0,0.242250792,4,0,0.10079730822967,0.05555555564473974,0.10079730822967,0.07817643193720486,5.0,6.0,4.0,10.0,5.0
34,30,11.0,0.775202533,4,0,0.1100372194538418,0.17777777774210413,0.1100372194538418,0.14390749859797297,4.0,3.0,3.0,6.0,3.5
34,39,4.0,0.242250792,4,1,0.0087765100115688,0.05555555564473974,0.0087765100115688,0.03216603282815427,7.0,6.0,7.0,13.0,7.0
34,47,7.0,0.242250792,4,0,0.0598775716788494,0.05555555564473974,0.0598775716788494,0.05771656366179457,6.0,6.0,6.0,12.0,6.0
34,58,,0.775202533,4,0,0.1602069451237001,0.17777777774210413,0.1602069451237001,0.1689923614329021,3.0,3.0,2.0,5.0,2.0
34,113,10.0,1.308154274,4,0,0.0746053624404046,0.2999999998394685,0.0746053624404046,0.18730268113993656,2.0,1.0,5.0,6.0,3.5
1,56,,1.382189481,5,0,0.3366236132512125,1.0,0.3366236132512125,0.6683118066256062,1.0,1.0,1.0,2.0,1.0
2,27,,0.686161148,5,0,0.2213827133616572,0.27500000003005853,0.2213827133616572,0.24819135669585787,2.0,2.0,2.0,4.0,2.0
2,100,,1.808970299,5,0,0.2877406363248023,0.7249999999699414,0.2877406363248023,0.5063703181473718,1.0,1.0,1.0,2.0,1.0
28,3,,1.283377896,5,0,0.1773065072853223,0.35897435896001484,0.1773065072853223,0.26814043312266855,1.0,1.0,2.0,3.0,1.0
28,36,,0.458349249,5,0,0.1870738463592809,0.12820512831988126,0.1870738463592809,0.15763948733958108,4.0,4.0,1.0,5.0,2.0
28,42,10.0,0.870863572,5,0,0.1036211035259519,0.24358974350009274,0.1036211035259519,0.17360542351302233,3.0,2.5,4.0,6.5,4.0
28,64,8.0,0.045834925,5,0,0.0584945582390876,0.012820512859959181,0.0584945582390876,0.03565753554952339,5.0,5.5,5.0,10.5,5.0
28,65,,0.870863572,5,0,0.1536777777395434,0.24358974350009274,0.1536777777395434,0.19863376061981808,2.0,2.5,3.0,5.5,3.0
28,93,6.0,0.045834925,5,0,0.0362499197881852,0.012820512859959181,0.0362499197881852,0.02453521632407219,6.0,5.5,6.0,11.5,6.0
29,0,9.0,0.028736107,5,0,0.0647784390016564,0.006535947765935294,0.0647784390016564,0.035657193383795846,8.0,7.0,7.0,14.0,8.0
29,46,7.0,0.028736107,5,0,0.0607638800206173,0.006535947765935294,0.0607638800206173,0.0336499138932763,9.0,7.0,9.0,16.0,9.0
29,57,10.0,1.752902512,5,0,0.1006271995980126,0.39869281031034454,0.1006271995980126,0.24966000495417856,1.0,1.0,5.0,6.0,3.0
29,61,11.0,0.028736107,5,0,0.0864838442904882,0.006535947765935294,0.0864838442904882,0.04650989602821174,7.0,7.0,6.0,13.0,7.0
29,62,,1.06323595,5,0,0.1386226116449972,0.24183006529258086,0.1386226116449972,0.19022633846878903,2.0,2.0,1.0,3.0,1.0
29,84,7.0,0.718402669,5,0,0.060996457070693,0.163398692783699,0.060996457070693,0.11219757492719601,4.0,3.5,8.0,11.5,6.0
29,85,,0.028736107,5,0,0.1346564137682291,0.006535947765935294,0.1346564137682291,0.0705961807670822,5.0,7.0,3.0,10.0,4.0
29,86,,0.718402669,5,0,0.1350801186802728,0.163398692783699,0.1350801186802728,0.1492394057319859,3.0,3.5,2.0,5.5,2.0
29,99,10.0,0.028736107,5,0,0.102315031837846,0.006535947765935294,0.102315031837846,0.054425489801890645,6.0,7.0,4.0,11.0,5.0
30,5,10.0,1.242521488,5,0,0.1326559238284053,0.2857142857142857,0.1326559238284053,0.2091851047713455,2.0,2.0,2.0,4.0,2.0
30,53,,1.55315186,5,0,0.1437522333121589,0.35714285714285715,0.1437522333121589,0.250447545227508,1.0,1.0,1.0,2.0,1.0
30,68,6.0,0.310630372,5,0,0.0579052557537889,0.07142857142857142,0.0579052557537889,0.06466691359118017,6.0,5.0,6.0,11.0,6.0
30,80,5.0,0.310630372,5,1,0.0138980744099974,0.07142857142857142,0.0138980744099974,0.042663322919284416,7.0,5.0,7.0,12.0,7.0
30,81,9.0,0.310630372,5,0,0.0688975302476024,0.07142857142857142,0.0688975302476024,0.07016305083808691,5.0,5.0,5.0,10.0,5.0
30,87,8.0,0.310630372,5,0,0.0718981336674476,0.07142857142857142,0.0718981336674476,0.07166335254800951,4.0,5.0,4.0,9.0,4.0
30,102,9.0,0.310630372,5,0,0.1139208491981347,0.07142857142857142,0.1139208491981347,0.09267471031335306,3.0,5.0,3.0,8.0,3.0
31,18,,1.421325874,5,0,0.152783432317021,0.2681159419729409,0.152783432317021,0.21044968714498097,1.0,1.0,2.0,3.0,1.0
31,33,,1.114012172,5,0,0.1511085098690728,0.21014492758407485,0.1511085098690728,0.18062671872657382,3.0,2.5,3.0,5.5,3.0
31,38,8.0,0.499384767,5,0,0.0531881797080709,0.09420289861770477,0.0531881797080709,0.07369553916288783,6.0,5.0,5.0,10.0,5.0
31,97,5.0,0.806698469,5,1,0.0080313066619886,0.15217391300657085,0.0080313066619886,0.08010260983427972,4.0,4.0,6.0,10.0,5.0
31,98,10.0,0.345727915,5,0,0.0915397671979105,0.06521739123463381,0.0915397671979105,0.07837857921627216,5.0,6.0,4.0,10.0,5.0
31,112,,1.114012172,5,0,0.1538528488380087,0.21014492758407485,0.1538528488380087,0.18199888821104176,2.0,2.5,1.0,3.5,2.0
32,16,11.0,1.333333333,5,0,0.1819978311522736,0.36363636361157026,0.1819978311522736,0.27281709738192195,2.0,1.5,2.0,3.5,2.0
32,45,,1.0,5,0,0.1159824822292573,0.27272727277685954,0.1159824822292573,0.1943548775030584,3.0,3.0,3.0,6.0,3.0
32,114,,1.333333333,5,0,0.2490030729186518,0.36363636361157026,0.2490030729186518,0.30631971826511106,1.0,1.5,1.0,2.5,1.0
33,15,,1.649915823,5,0,0.1692885720489804,0.4666666668552284,0.1692885720489804,0.3179776194521044,1.0,1.0,2.0,3.0,1.0
33,26,9.0,0.23570226,5,0,0.1288738941621963,0.06666666657238575,0.1288738941621963,0.09777028036729102,4.0,4.5,4.0,8.5,4.0
33,40,,0.707106781,5,0,0.1895552964500825,0.19999999999999998,0.1895552964500825,0.19477764822504123,2.0,2.5,1.0,3.5,2.0
33,48,6.0,0.23570226,5,0,0.0905097378857566,0.06666666657238575,0.0905097378857566,0.07858820222907117,5.0,4.5,5.0,9.5,5.0
33,54,,0.707106781,5,0,0.1562374337648575,0.19999999999999998,0.1562374337648575,0.17811871688242875,3.0,2.5,3.0,5.5,3.0
34,2,,1.067653235,5,0,0.2281043883588329,0.2551724137617858,0.2281043883588329,0.24163840106030934,1.0,2.5,1.0,3.5,1.0
34,29,11.0,1.356208164,5,0,0.1487622969355893,0.3241379311432704,0.1487622969355893,0.23645011403942984,2.0,1.0,3.0,4.0,2.0
34,58,,0.20198845,5,0,0.1172365903347915,0.04827586209533827,0.1172365903347915,0.08275622621506488,5.0,5.0,4.0,9.0,4.5
34,92,,1.067653235,5,0,0.1597775130469876,0.2551724137617858,0.1597775130469876,0.2074749634043867,3.0,2.5,2.0,4.5,3.0
34,113,10.0,0.490543378,5,0,0.0596298160758933,0.11724137923781974,0.0596298160758933,0.08843559765685652,4.0,4.0,5.0,9.0,4.5
1,66,,1.0,6,0,0.6263183337694269,1.0,0.6263183337694269,0.8131591668847135,1.0,1.0,1.0,2.0,1.0
2,27,,1.083880412,6,0,0.2577744803370838,0.4722222221375072,0.2577744803370838,0.3649983512372955,2.0,1.5,2.0,3.5,2.0
2,73,7.0,0.127515343,6,0,0.153146369642466,0.05555555572498567,0.153146369642466,0.10435096268372583,3.0,3.0,3.0,6.0,3.0
2,100,,1.083880412,6,0,0.3128753273554128,0.4722222221375072,0.3128753273554128,0.39254877474646,1.0,1.5,1.0,2.5,1.0
28,42,10.0,0.912870929,6,0,0.1212538637776635,0.26315789467615264,0.1212538637776635,0.19220587922690807,1.0,2.0,3.0,5.0,1.0
28,64,8.0,0.912870929,6,0,0.084040244343288,0.26315789467615264,0.084040244343288,0.17359906950972032,2.0,2.0,4.0,6.0,3.0
28,65,,0.365148372,6,0,0.1357643029762983,0.10526315798577106,0.1357643029762983,0.12051373048103467,5.0,4.5,2.0,6.5,4.0
28,70,11.0,0.365148372,6,0,0.1847854186922804,0.10526315798577106,0.1847854186922804,0.14502428833902573,3.0,4.5,1.0,5.5,2.0
28,93,6.0,0.912870929,6,1,0.0158831212203139,0.26315789467615264,0.0158831212203139,0.13952050794823326,4.0,2.0,5.0,7.0,5.0
29,0,9.0,0.929219937,6,0,0.0909336872900627,0.2056737588118754,0.0909336872900627,0.14830372305096906,3.0,2.5,4.0,6.5,3.0
29,46,7.0,0.224294468,6,0,0.0614359882542764,0.049645390157260376,0.0614359882542764,0.05554068920576839,6.0,6.0,6.0,12.0,6.0
29,61,11.0,0.929219937,6,0,0.1375718179323214,0.2056737588118754,0.1375718179323214,0.1716227883720984,2.0,2.5,2.0,4.5,2.0
29,62,,0.929219937,6,0,0.1561200408154313,0.2056737588118754,0.1561200408154313,0.18089689981365337,1.0,2.5,1.0,3.5,1.0
29,84,7.0,0.929219937,6,0,0.0724527068376334,0.2056737588118754,0.0724527068376334,0.1390632328247544,4.0,2.5,5.0,7.5,4.0
29,86,,0.576757203,6,0,0.1279853542468123,0.127659574595238,0.1279853542468123,0.12782246442102513,5.0,5.0,3.0,8.0,5.0
30,5,10.0,0.640512615,6,0,0.1229196283791059,0.15384615382767752,0.1229196283791059,0.13838289110339172,3.0,3.5,3.0,6.5,3.0
30,41,,1.441153384,6,0,0.1770909104475375,0.3461538461723224,0.1770909104475375,0.26162237830992996,1.0,1.5,1.0,2.5,1.0
30,52,8.0,0.640512615,6,0,0.0870108113214204,0.15384615382767752,0.0870108113214204,0.12042848257454897,4.0,3.5,4.0,7.5,4.0
30,53,,1.441153384,6,0,0.1302668333115495,0.3461538461723224,0.1302668333115495,0.23821033974193595,2.0,1.5,2.0,3.5,2.0
31,18,,1.828261862,6,0,0.1471779120158653,0.500000000136742,0.1471779120158653,0.3235889560763036,1.0,1.0,2.0,3.0,1.5
31,33,,0.831028119,6,0,0.1499995950451436,0.22727272731002052,0.1499995950451436,0.18863616117758206,2.0,2.0,1.0,3.0,1.5
31,38,8.0,0.498616871,6,0,0.0654239461640562,0.1363636362766188,0.0654239461640562,0.1008937912203375,4.0,3.5,4.0,7.5,4.0
31,98,10.0,0.498616871,6,0,0.124860794835252,0.1363636362766188,0.124860794835252,0.13061221555593538,3.0,3.5,3.0,6.5,3.0
32,9,,1.189206689,6,0,0.1474929267083737,0.28834355838931064,0.1474929267083737,0.21791824254884218,2.0,2.0,3.0,5.0,2.0
32,16,11.0,0.506045399,6,0,0.1741096456381177,0.1226993864093532,0.1741096456381177,0.14840451602373544,3.0,4.0,2.0,6.0,3.0
32,45,,0.733765829,6,0,0.1188331646188303,0.17791411040267235,0.1188331646188303,0.14837363751075133,4.0,3.0,4.0,7.0,4.0
32,72,7.0,0.27832497,6,0,0.0504657424959532,0.0674846626585012,0.0504657424959532,0.0589752025772272,5.0,5.0,5.0,10.0,5.0
32,114,,1.416927118,6,0,0.2591907858704556,0.3435582821401627,0.2591907858704556,0.3013745340053091,1.0,1.0,1.0,2.0,1.0
33,15,,0.946058996,6,0,0.2027775396422001,0.31034482763145377,0.2027775396422001,0.25656118363682695,1.0,1.5,1.0,2.5,1.0
33,28,7.0,0.578147164,6,0,0.1192095330186842,0.1896551723685463,0.1192095330186842,0.15443235269361524,3.0,3.5,3.0,6.5,3.0
33,48,6.0,0.578147164,6,1,0.0334485063265491,0.1896551723685463,0.0334485063265491,0.1115518393475477,4.0,3.5,4.0,7.5,4.0
33,54,,0.946058996,6,0,0.1850724421075497,0.31034482763145377,0.1850724421075497,0.24770863486950173,2.0,1.5,2.0,3.5,2.0
34,2,,0.253184842,6,0,0.1687118457122541,0.05882352943909817,0.1687118457122541,0.11376768757567612,4.0,6.0,3.0,9.0,5.0
34,25,8.0,0.506369684,6,0,0.0670644460106337,0.11764705887819633,0.0670644460106337,0.09235575244441502,6.0,4.0,6.0,10.0,6.0
34,30,11.0,0.506369684,6,0,0.0966966220747355,0.11764705887819633,0.0966966220747355,0.10717184047646591,5.0,4.0,4.0,8.0,4.0
34,58,,1.265924209,6,0,0.1865343444136025,0.29411764696315645,0.1865343444136025,0.24032599568837948,1.0,1.5,1.0,2.5,1.0
34,92,,0.506369684,6,0,0.1721362676514708,0.11764705887819633,0.1721362676514708,0.14489166326483358,3.0,4.0,2.0,6.0,2.0
34,113,10.0,1.265924209,6,0,0.0777336254100491,0.29411764696315645,0.0777336254100491,0.1859256361866028,2.0,1.5,5.0,6.5,3.0
2,27,,0.685994341,7,0,0.2919976994805729,0.400000000116619,0.2919976994805729,0.34599884979859596,2.0,1.5,2.0,3.5,2.0
2,73,7.0,0.34299717,7,1,0.084192997340738,0.19999999976676192,0.084192997340738,0.14209649855374995,3.0,3.0,3.0,6.0,3.0
2,100,,0.685994341,7,0,0.3673148915281298,0.400000000116619,0.3673148915281298,0.3836574458223744,1.0,1.5,1.0,2.5,1.0
28,3,,0.903696114,7,0,0.1641137313916471,0.2799999999504258,0.1641137313916471,0.22205686567103644,2.0,2.0,3.0,5.0,2.0
28,36,,0.387298335,7,0,0.190709664023722,0.12000000011154191,0.190709664023722,0.15535483206763195,4.0,4.0,2.0,6.0,3.0
28,42,10.0,0.903696114,7,0,0.1129940800653697,0.2799999999504258,0.1129940800653697,0.19649704000789775,3.0,2.0,5.0,7.0,4.0
28,65,,0.129099445,7,0,0.1159957558080852,0.04000000003718064,0.1159957558080852,0.07799787792263292,5.0,5.0,4.0,9.0,5.0
28,70,11.0,0.903696114,7,0,0.2208935495396425,0.2799999999504258,0.2208935495396425,0.25044677474503413,1.0,2.0,1.0,3.0,1.0
29,57,10.0,0.5,7,0,0.1004898289486073,0.14285714285714285,0.1004898289486073,0.12167348590287508,4.0,3.0,4.0,7.0,4.0
29,85,,0.5,7,0,0.1817598235952981,0.14285714285714285,0.1817598235952981,0.1623084832262205,2.0,3.0,1.0,4.0,2.0
29,86,,2.0,7,0,0.1595113193037302,0.5714285714285714,0.1595113193037302,0.3654699453661508,1.0,1.0,2.0,3.0,1.0
29,99,10.0,0.5,7,0,0.145418734009894,0.14285714285714285,0.145418734009894,0.1441379384335184,3.0,3.0,3.0,6.0,3.0
30,52,8.0,0.559016994,7,0,0.1045424310376867,0.1428571427841284,0.1045424310376867,0.12369978691090755,3.0,3.5,2.0,5.5,3.0
30,53,,0.894427191,7,0,0.134726047859482,0.22857142860793578,0.134726047859482,0.1816487382337089,2.0,2.0,1.0,3.0,1.0
30,81,9.0,0.559016994,7,0,0.0694900282780224,0.1428571427841284,0.0694900282780224,0.10617358553107539,4.0,3.5,4.0,7.5,4.0
30,87,8.0,1.900657781,7,0,0.0856739347531677,0.4857142858238074,0.0856739347531677,0.28569411028848757,1.0,1.0,3.0,4.0,2.0
31,18,,1.253256627,7,0,0.1681313465756359,0.3469387754989049,0.1681313465756359,0.2575350610372704,1.0,1.5,1.0,2.5,1.0
31,24,9.0,0.147441956,7,0,0.1270286743104419,0.04081632649671472,0.1270286743104419,0.0839225004035783,4.0,4.5,4.0,8.5,4.0
31,98,10.0,0.147441956,7,0,0.1133083100880578,0.04081632649671472,0.1133083100880578,0.07706231829238626,5.0,4.5,5.0,9.5,5.0
31,107,9.0,1.253256627,7,0,0.1357867987496831,0.3469387754989049,0.1357867987496831,0.241362787124294,2.0,1.5,3.0,4.5,2.0
31,112,,0.810930759,7,0,0.1573210878878418,0.22448979600876073,0.1573210878878418,0.19090544194830128,3.0,3.0,2.0,5.0,3.0
32,9,,0.952579344,7,0,0.1657710691888841,0.2800000000587878,0.1657710691888841,0.22288553462383592,2.0,1.5,2.0,3.5,2.0
32,16,11.0,0.40824829,7,0,0.1636871461223608,0.11999999994121226,0.1636871461223608,0.14184357303178652,3.0,4.5,3.0,7.5,3.0
32,45,,0.40824829,7,0,0.1146732367786404,0.11999999994121226,0.1146732367786404,0.11733661835992633,4.0,4.5,4.0,8.5,5.0
32,72,7.0,0.680413817,7,1,0.0158045457393572,0.2,0.0158045457393572,0.1079022728696786,5.0,3.0,5.0,8.0,4.0
32,114,,0.952579344,7,0,0.2605965391043148,0.2800000000587878,0.2605965391043148,0.2702982695815513,1.0,1.5,1.0,2.5,1.0
33,15,,1.788854382,7,0,0.2049614713491712,0.7407407409554523,0.2049614713491712,0.47285110615231174,1.0,1.0,1.0,2.0,1.0
33,54,,0.447213595,7,0,0.1882414435226275,0.18518518503181974,0.1882414435226275,0.18671331427722362,2.0,2.0,3.0,5.0,2.5
33,101,9.0,0.178885438,7,0,0.2030636350202829,0.07407407401272789,0.2030636350202829,0.1385688545165054,3.0,3.0,2.0,5.0,2.5
34,2,,1.363124392,7,0,0.2461582325130411,0.3481012657355064,0.2461582325130411,0.29712974912427376,1.0,1.0,1.0,2.0,1.0
34,29,11.0,0.247840799,7,0,0.1230223398608182,0.06329113934071487,0.1230223398608182,0.09315673960076654,5.0,4.5,4.0,8.5,5.0
34,58,,0.247840799,7,0,0.1429075076427597,0.06329113934071487,0.1429075076427597,0.10309932349173728,4.0,4.5,3.0,7.5,4.0
34,92,,0.917010955,7,0,0.1780647139055366,0.23417721522866383,0.1780647139055366,0.20612096456710022,2.0,3.0,2.0,5.0,2.0
34,113,10.0,1.140067673,7,0,0.0798955298688578,0.29113924035440003,0.0798955298688578,0.1855173851116289,3.0,2.0,5.0,7.0,3.0
2,27,,0.862655414,8,0,0.3408098978290478,0.6153792894784648,0.3408098978290478,0.4780945936537563,1.0,1.0,2.0,3.0,1.5
2,100,,0.539171766,8,0,0.3718603902254701,0.3846207105215352,0.3718603902254701,0.3782405503735027,2.0,2.0,1.0,3.0,1.5
28,3,,0.59735622,8,0,0.1572030491716009,0.19102237109614206,0.1572030491716009,0.17411271013387147,3.0,3.0,2.0,5.0,2.5
28,36,,0.843265662,8,0,0.2340467063058232,0.26965920974121255,0.2340467063058232,0.25185295802351787,1.0,2.0,1.0,3.0,1.0
28,42,10.0,1.089224295,8,0,0.119822979080929,0.3483117786677164,0.119822979080929,0.2340673788743227,2.0,1.0,4.0,5.0,2.5
28,65,,0.597307028,8,0,0.1372621662859412,0.19100664049492902,0.1372621662859412,0.1641344033904351,4.0,4.0,3.0,7.0,4.0
29,57,10.0,1.213591132,8,0,0.1389528054200578,0.37500833330473987,0.1389528054200578,0.2569805693623988,2.0,1.5,3.0,4.5,2.0
29,61,11.0,0.674121409,8,0,0.1322436855075575,0.20830833331611132,0.1322436855075575,0.1702760094118344,3.0,3.0,4.0,7.0,4.0
29,62,,0.134867431,8,0,0.1438341244000066,0.04167500007440893,0.1438341244000066,0.09275456223720777,4.0,4.0,2.0,6.0,3.0
29,86,,1.213591132,8,0,0.184679540498028,0.37500833330473987,0.184679540498028,0.2798439369013839,1.0,1.5,1.0,2.5,1.0
30,5,10.0,0.970725343,8,0,0.1806153460135015,0.2692307692307692,0.1806153460135015,0.22492305762213535,1.0,2.0,1.0,3.0,1.0
30,53,,0.693375245,8,0,0.1168848876148594,0.19230769230769232,0.1168848876148594,0.15459628996127586,4.0,4.0,3.0,7.0,4.0
30,81,9.0,0.970725343,8,0,0.0848022073239971,0.2692307692307692,0.0848022073239971,0.17701648827738314,3.0,2.0,4.0,6.0,3.0
30,102,9.0,0.970725343,8,0,0.1426551796586253,0.2692307692307692,0.1426551796586253,0.20594297444469725,2.0,2.0,2.0,4.0,2.0
31,18,,1.157255592,8,0,0.1699202651153386,0.38333333324500174,0.1699202651153386,0.2766267991801702,2.0,1.5,2.0,3.5,2.0
31,33,,0.150946382,8,0,0.1462675930198522,0.05000000013249738,0.1462675930198522,0.0981337965761748,4.0,4.0,3.0,7.0,3.5
31,98,10.0,0.553470066,8,0,0.1458466269588582,0.18333333337749913,0.1458466269588582,0.16458998016817866,3.0,3.0,4.0,7.0,3.5
31,112,,1.157255592,8,0,0.1916179735461201,0.38333333324500174,0.1916179735461201,0.2874756533955609,1.0,1.5,1.0,2.5,1.0
32,9,,1.334436338,8,0,0.2101423998648623,0.4659090909963767,0.2101423998648623,0.3380257454306195,1.0,1.0,2.0,3.0,1.5
32,16,11.0,0.650944555,8,0,0.1876990591416242,0.2272727272727273,0.1876990591416242,0.20748589320717575,3.0,3.0,3.0,6.0,3.0
32,114,,0.878775149,8,0,0.2386046654782262,0.3068181817308961,0.2386046654782262,0.27271142360456113,2.0,2.0,1.0,3.0,1.5
33,15,,0.953462589,8,0,0.2217182363017368,0.39999999991609525,0.2217182363017368,0.31085911810891603,1.0,1.5,2.0,3.5,1.0
33,40,,0.476731295,8,0,0.2229188490449039,0.2000000001678094,0.2229188490449039,0.21145942460635664,3.0,3.0,1.0,4.0,2.0
33,54,,0.953462589,8,0,0.2156676701653703,0.39999999991609525,0.2156676701653703,0.3078338350407328,2.0,1.5,3.0,4.5,3.0
34,2,,0.514272052,8,0,0.1998676998092539,0.17808219177607834,0.1998676998092539,0.1889749457926661,3.0,3.0,1.0,4.0,1.5
34,29,11.0,0.197796943,8,0,0.1255868125101818,0.06849315065647012,0.1255868125101818,0.09703998158332597,5.0,4.5,4.0,8.5,5.0
34,58,,0.830747161,8,0,0.1982678095359712,0.2876712328956866,0.1982678095359712,0.24296952121582888,2.0,2.0,2.0,4.0,1.5
34,92,,0.197796943,8,0,0.1781964408684611,0.06849315065647012,0.1781964408684611,0.1233447957624656,4.0,4.5,3.0,7.5,4.0
34,113,10.0,1.14722227,8,0,0.0922052413052093,0.3972602740152948,0.0922052413052093,0.24473275766025204,1.0,1.0,5.0,6.0,3.0
28,3,,1.128423568,9,0,0.1939619112467309,0.5384615382413014,0.1939619112467309,0.36621172474401614,1.0,1.0,3.0,4.0,1.0
28,36,,0.161203367,9,0,0.2222237863233317,0.0769230769597831,0.2222237863233317,0.1495734316415574,3.0,4.0,1.0,5.0,2.0
28,42,10.0,0.268672278,9,0,0.12099063155188,0.12820512810724505,0.12099063155188,0.12459787982956252,4.0,3.0,5.0,8.0,5.0
28,65,,0.483610101,9,0,0.1733567606309858,0.2307692308793493,0.1733567606309858,0.20206299575516756,2.0,2.0,4.0,6.0,3.0
28,70,11.0,0.053734456,9,0,0.2138777385624097,0.025641025812321146,0.2138777385624097,0.11975938218736543,5.0,5.0,2.0,7.0,4.0
29,57,10.0,1.046319775,9,0,0.1373986538214807,0.3148272975540678,0.1373986538214807,0.22611297568777425,2.0,1.5,4.0,5.5,2.5
29,62,,1.046319775,9,0,0.1884688429576805,0.3148272975540678,0.1884688429576805,0.25164807025587416,1.0,1.5,1.0,2.5,1.0
29,86,,0.615416331,9,0,0.1779857826681488,0.18517270244593217,0.1779857826681488,0.1815792425570405,3.0,3.5,2.0,5.5,2.5
29,99,10.0,0.615416331,9,0,0.1667177591435722,0.18517270244593217,0.1667177591435722,0.1759452307947522,4.0,3.5,3.0,6.5,4.0
30,5,10.0,1.111167799,9,0,0.2109753464731261,0.44000000006335677,0.2109753464731261,0.32548767326824146,2.0,2.0,1.0,3.0,1.5
30,53,,1.414213562,9,0,0.1862134549141515,0.5599999999366433,0.1862134549141515,0.3731067274253974,1.0,1.0,2.0,3.0,1.5
31,18,,1.226278679,9,0,0.2220102936249774,0.5,0.2220102936249774,0.3610051468124887,1.0,1.5,1.0,2.5,1.0
31,33,,1.226278679,9,0,0.2172052265521965,0.5,0.2172052265521965,0.35860261327609827,2.0,1.5,2.0,3.5,2.0
32,9,,0.036249972,9,0,0.1711668745365905,0.014285714409570821,0.1711668745365905,0.09272629447308066,4.0,4.0,3.0,7.0,4.0
32,16,11.0,0.253749802,9,0,0.1961138365913063,0.1000000000788178,0.1961138365913063,0.14805691833506204,3.0,3.0,2.0,5.0,2.5
32,45,,1.341248952,9,0,0.1671331254628471,0.5285714284250527,0.1671331254628471,0.3478522769439499,1.0,1.0,4.0,5.0,2.5
32,114,,0.906249292,9,0,0.2642086091251344,0.35714285708655874,0.2642086091251344,0.31067573310584656,2.0,2.0,1.0,3.0,1.0
33,15,,1.224744871,9,0,0.215263703002522,0.5294117646041735,0.215263703002522,0.3723377338033478,1.0,1.0,2.0,3.0,1.0
33,54,,0.544331054,9,0,0.1877589567884739,0.2352941176979133,0.1877589567884739,0.2115265372431936,3.0,2.5,3.0,5.5,3.0
33,101,9.0,0.544331054,9,1,0.2472034300866499,0.2352941176979133,0.2472034300866499,0.2412487738922816,2.0,2.5,1.0,3.5,2.0
34,2,,0.324442842,9,0,0.1865629969167908,0.11764705878086913,0.1865629969167908,0.15210502784882995,4.0,4.0,2.0,6.0,3.0
34,29,11.0,0.778662821,9,0,0.1815075743563781,0.2823529411466084,0.1815075743563781,0.23193025775149326,2.0,2.0,3.0,5.0,2.0
34,58,,0.097332853,9,0,0.1554325036842837,0.03529411777930577,0.1554325036842837,0.09536331073179474,5.0,5.0,4.0,9.0,5.0
34,92,,0.778662821,9,0,0.2480710081800627,0.2823529411466084,0.2480710081800627,0.26521197466333557,1.0,2.0,1.0,3.0,1.0
34,113,10.0,0.778662821,9,0,0.0870191620482202,0.2823529411466084,0.0870191620482202,0.1846860515974143,3.0,2.0,5.0,7.0,4.0
28,3,,1.4509525,10,0,0.2208831458492672,0.6666666666666666,0.2208831458492672,0.4437749062579669,1.0,1.0,1.0,2.0,1.0
28,65,,0.72547625,10,0,0.1887676063946584,0.3333333333333333,0.1887676063946584,0.2610504698639958,2.0,2.0,2.0,4.0,2.0
29,62,,1.309307341,10,0,0.2330763361707172,0.5,0.2330763361707172,0.3665381680853586,1.0,1.5,1.0,2.5,1.0
29,86,,1.309307341,10,0,0.2235716931163424,0.5,0.2235716931163424,0.3617858465581712,2.0,1.5,2.0,3.5,2.0
30,41,,0.904534034,10,0,0.2502537816529055,0.5,0.2502537816529055,0.3751268908264528,1.0,1.5,1.0,2.5,1.0
30,53,,0.904534034,10,0,0.2027134470738684,0.5,0.2027134470738684,0.3513567235369342,2.0,1.5,2.0,3.5,2.0
31,18,,1.0,10,0,0.2591400499100009,0.5,0.2591400499100009,0.3795700249550005,2.0,1.5,2.0,3.5,2.0
31,33,,1.0,10,0,0.2825153542819328,0.5,0.2825153542819328,0.3912576771409664,1.0,1.5,1.0,2.5,1.0
32,9,,0.316227766,10,0,0.1929001035503423,0.16666666666666669,0.1929001035503423,0.1797833851085045,3.0,3.0,3.0,6.0,3.0
32,16,11.0,0.632455532,10,0,0.23922310789551,0.33333333333333337,0.23922310789551,0.28627822061442165,2.0,2.0,2.0,4.0,2.0
32,114,,0.948683298,10,0,0.2977607874619944,0.5,0.2977607874619944,0.3988803937309972,1.0,1.0,1.0,2.0,1.0
34,2,,0.534522484,10,0,0.2327252299039512,0.2222222222222222,0.2327252299039512,0.2274737260630867,2.0,2.5,2.0,4.5,2.0
34,92,,1.33630621,10,0,0.2732722995772644,0.5555555555555556,0.2732722995772644,0.41441392756641,1.0,1.0,1.0,2.0,1.0
34,113,10.0,0.534522484,10,1,0.0297076326411799,0.2222222222222222,0.0297076326411799,0.12596492743170107,3.0,2.5,3.0,5.5,3.0
28,3,,1.341640786,11,0,0.2480107368190912,0.7500000001397542,0.2480107368190912,0.4990053684794227,1.0,1.0,1.0,2.0,1.0
28,65,,0.447213595,11,0,0.2046072627216335,0.24999999986024576,0.2046072627216335,0.2273036312909396,2.0,2.0,2.0,4.0,2.0
29,61,11.0,0.577350269,11,1,0.2143172930066638,0.33333333333333337,0.2143172930066638,0.2738253131699986,3.0,2.0,3.0,5.0,3.0
29,62,,0.577350269,11,0,0.2827535684436075,0.33333333333333337,0.2827535684436075,0.3080434508884704,1.0,2.0,1.0,3.0,1.0
29,86,,0.577350269,11,0,0.2479214138828609,0.33333333333333337,0.2479214138828609,0.29062737360809715,2.0,2.0,2.0,4.0,2.0
32,9,,0.303239217,11,0,0.2068972887691894,0.15384615372907479,0.2068972887691894,0.1803717212491321,3.0,3.5,2.0,5.5,2.5
32,16,11.0,0.303239217,11,1,0.184314413037087,0.15384615372907479,0.184314413037087,0.1690802833830809,4.0,3.5,3.0,6.5,4.0
32,45,,0.682288239,11,0,0.1793459887390241,0.3461538462709252,0.1793459887390241,0.2627499175049747,2.0,1.5,4.0,5.5,2.5
32,114,,0.682288239,11,0,0.3188936710669759,0.3461538462709252,0.3188936710669759,0.33252375866895056,1.0,1.5,1.0,2.5,1.0
34,2,,1.372812946,11,0,0.2507715551374707,0.6363636365321991,0.2507715551374707,0.44356759583483485,1.0,1.0,2.0,3.0,1.0
34,58,,0.39223227,11,0,0.2215923506113629,0.18181818173390052,0.2215923506113629,0.2017052661726317,3.0,2.5,3.0,5.5,3.0
34,92,,0.39223227,11,0,0.2567824135365427,0.18181818173390052,0.2567824135365427,0.2193002976352216,2.0,2.5,1.0,3.5,2.0
