contestant_id,season_idx,season,weeks_participated,placement,celebrity_name,week_idx,judge_rank,score_sum,vote_rank,total_rank,obs_id,estimated_strength,fan_votes,week,eliminated_week,eliminated_actual,pos_judge,pos_combined
0,0,1,6,2,56,0,1,0.739940073,1,2,0,8.188113543,10.42655414,1,,0,1.0,2.0
1,0,1,6,1,66,0,3,-2.085285661,6,9,1,5.252630787,10.84545343,1,,0,3.0,9.0
2,0,1,3,5,32,0,2,-0.067267279,4,6,2,4.035439964,6.543419792,1,3.0,0,2.0,6.0
3,0,1,4,4,89,0,1,0.739940073,1,2,3,2.709685945,3.450451323,1,4.0,0,1.0,2.0
4,0,1,5,3,55,0,1,0.739940073,1,2,4,8.624971433,10.98283886,1,,0,1.0,2.0
5,0,1,2,6,108,0,2,-0.067267279,4,6,5,2.839779484,4.604669986,1,2.0,0,2.0,6.0
0,0,1,6,2,56,1,1,1.437277734,1,2,6,6.105223667,7.774250414,2,,0,1.0,2.0
1,0,1,6,1,66,1,5,-0.780236484,5,10,7,2.619501383,8.770076137,2,,0,5.0,10.0
2,0,1,3,5,32,1,6,-1.51940789,6,12,8,1.161760432,4.952885167,2,3.0,0,6.0,12.0
3,0,1,4,4,89,1,2,0.944496797,2,4,9,1.730816599,2.806499339,2,4.0,0,2.0,4.0
4,0,1,5,3,55,1,3,0.205325391,3,6,10,3.696371754,7.632142702,2,,0,3.0,6.0
5,0,1,2,6,108,1,4,-0.287455547,4,8,11,0.555535615,1.460628236,2,2.0,1,4.0,8.0
0,0,1,6,2,56,2,2,0.629889779,2,4,12,3.54543529,5.748882812,3,,0,2.0,4.0
1,0,1,6,1,66,2,4,-0.044992127,4,8,13,2.932927684,7.711327361,3,,0,4.0,8.0
2,0,1,3,5,32,2,5,-1.84467721,5,10,14,0.645772533,2.162042866,3,3.0,1,5.0,10.0
3,0,1,4,4,89,2,1,1.07981105,1,2,15,1.849228586,2.354764851,3,4.0,0,1.0,2.0
4,0,1,5,3,55,2,3,0.179968508,3,6,16,2.933596415,6.05719012,3,,0,3.0,6.0
0,0,1,6,2,56,3,3,-0.784464541,3,6,17,2.135710486,4.409742386,4,,0,3.0,6.0
1,0,1,6,1,66,3,1,1.176696811,1,2,18,5.998031161,7.637753959,4,,0,1.0,2.0
3,0,1,4,4,89,3,2,0.784464541,2,4,19,0.640218963,1.038107733,4,4.0,1,2.0,4.0
4,0,1,5,3,55,3,4,-1.176696811,4,8,20,1.82835808,4.807165129,4,,0,4.0,8.0
0,0,1,6,2,56,4,1,1.382189481,1,2,21,3.408771362,4.340650501,5,,0,1.0,2.0
1,0,1,6,1,66,4,2,-0.431934213,2,4,22,3.728657819,6.045976049,5,,0,2.0,4.0
4,0,1,5,3,55,4,3,-0.950255268,3,6,23,1.214686669,2.508043729,5,,0,3.0,6.0
0,0,1,6,2,56,5,2,-1.0,2,4,24,1.863059896,3.020930334,6,,0,2.0,4.0
1,0,1,6,1,66,5,1,1.0,1,2,25,3.976281271,5.063304476,6,,0,1.0,2.0
6,1,2,2,9,103,0,2,0.89043824,2,4,26,6.374343198,10.33592466,1,2.0,0,2.0,4.0
7,1,2,5,6,105,0,5,0.127205463,6,11,27,2.948302429,9.870900223,1,5.0,0,5.0,11.0
8,1,2,6,5,34,0,7,-0.381616388,8,15,28,1.462569778,7.939903417,1,6.0,0,7.0,15.0
9,1,2,7,4,73,0,6,-0.127205463,7,13,29,2.187695741,9.326712707,1,7.0,0,6.0,13.0
10,1,2,8,3,100,0,3,0.636027314,4,7,30,10.32504282,21.3187973,1,,0,3.0,7.0
11,1,2,8,2,49,0,4,0.381616388,5,9,31,6.524763222,17.15507186,1,,0,4.0,9.0
12,1,2,3,8,35,0,2,0.89043824,2,4,32,3.86585956,6.268447105,1,3.0,0,2.0,4.0
13,1,2,4,7,76,0,9,-1.908081942,10,19,33,1.045448679,9.202699374,1,4.0,0,9.0,19.0
14,1,2,8,1,27,0,1,1.144849165,1,2,34,19.79604431,25.20782432,1,,0,1.0,2.0
15,1,2,1,10,67,0,8,-1.653671017,9,17,35,0.280695247,1.940397154,1,1.0,1,8.0,17.0
6,1,2,2,9,103,1,7,-1.307574978,8,15,36,0.447821808,2.431105824,2,2.0,1,7.0,15.0
7,1,2,5,6,105,1,5,-0.055641488,5,10,37,2.447559008,8.194414019,2,5.0,0,5.0,10.0
8,1,2,6,5,34,1,5,-0.055641488,5,10,38,2.201344543,7.370089351,2,6.0,0,5.0,10.0
9,1,2,7,4,73,1,6,-0.556414884,7,13,39,1.759252707,7.500149254,2,7.0,0,6.0,13.0
10,1,2,8,3,100,1,1,1.697065396,1,2,40,17.42182372,22.18454682,2,,0,1.0,2.0
11,1,2,8,2,49,1,4,0.194745209,4,8,41,5.283620468,13.89182805,2,,0,4.0,8.0
12,1,2,3,8,35,1,3,0.445131907,3,6,42,2.25287478,4.651659235,2,3.0,0,3.0,6.0
13,1,2,4,7,76,1,8,-1.557961675,9,17,43,1.173578729,8.112744524,2,4.0,0,8.0,17.0
14,1,2,8,1,27,1,2,1.196292001,2,4,44,10.24081548,16.60536529,2,,0,2.0,4.0
7,1,2,5,6,105,2,2,0.767365737,3,5,45,4.525414629,7.337908114,3,5.0,0,2.0,5.0
8,1,2,6,5,34,2,4,-0.177084401,5,9,46,2.160659373,5.680860061,3,6.0,0,4.0,9.0
9,1,2,7,4,73,2,3,0.531253202,4,7,47,3.574382882,7.380264226,3,7.0,0,3.0,7.0
10,1,2,8,3,100,2,1,1.003478271,1,2,48,12.96522338,16.50961516,3,,0,1.0,2.0
11,1,2,8,2,49,2,5,-0.885422004,7,12,49,2.770526042,9.275705861,3,,0,5.0,12.0
12,1,2,3,8,35,2,4,-0.177084401,5,9,50,0.585631333,1.539756657,3,3.0,1,4.0,9.0
13,1,2,4,7,76,2,6,-2.065984676,8,14,51,1.570404523,6.695040608,3,4.0,0,6.0,14.0
14,1,2,8,1,27,2,1,1.003478271,1,2,52,11.87949421,15.12707278,3,,0,1.0,2.0
7,1,2,5,6,105,3,3,0.386963736,4,7,53,2.678348287,5.530162465,4,5.0,0,3.0,7.0
8,1,2,6,5,34,3,5,-0.250388299,6,11,54,1.416216918,4.741486408,4,6.0,0,5.0,11.0
9,1,2,7,4,73,3,2,0.546301744,2,4,55,4.307664764,6.984829195,4,7.0,0,2.0,4.0
10,1,2,8,3,100,3,2,0.546301744,2,4,56,7.935677116,12.86760977,4,,0,2.0,4.0
11,1,2,8,2,49,3,4,0.227625727,5,9,57,3.344176526,8.792593178,4,,0,4.0,9.0
13,1,2,4,7,76,3,6,-2.321782413,7,13,58,0.655970294,2.796571007,4,4.0,1,6.0,13.0
14,1,2,8,1,27,3,1,0.864977762,1,2,59,9.321786624,11.87014718,4,,0,1.0,2.0
7,1,2,5,6,105,4,6,-1.185187437,6,12,60,0.586329393,2.499673832,5,5.0,1,6.0,12.0
8,1,2,6,5,34,4,4,-0.436648003,4,8,61,1.601626374,4.211036417,5,6.0,0,4.0,8.0
9,1,2,7,4,73,4,3,-0.062378286,3,6,62,2.662433948,5.497303078,5,7.0,0,3.0,6.0
10,1,2,8,3,100,4,1,1.808970299,1,2,63,8.979926071,11.43482987,5,,0,1.0,2.0
11,1,2,8,2,49,4,5,-0.81091772,5,10,64,2.180246652,7.299453728,5,,0,5.0,10.0
14,1,2,8,1,27,4,2,0.686161148,2,4,65,5.425731785,8.797762095,5,,0,2.0,4.0
8,1,2,6,5,34,5,3,-1.147638084,4,7,66,1.02765608,2.121869329,6,6.0,1,3.0,7.0
9,1,2,7,4,73,5,2,0.127515343,3,5,67,3.031639903,4.915769463,6,7.0,0,2.0,5.0
10,1,2,8,3,100,5,1,1.083880412,1,2,68,7.886769928,10.04283016,6,,0,1.0,2.0
11,1,2,8,2,49,5,3,-1.147638084,4,7,69,3.266162066,6.743860366,6,,0,3.0,7.0
14,1,2,8,1,27,5,1,1.083880412,1,2,70,6.49782147,8.274175364,6,,0,1.0,2.0
9,1,2,7,4,73,6,2,0.34299717,3,5,71,1.321113957,2.142171187,7,7.0,1,2.0,5.0
10,1,2,8,3,100,6,1,0.685994341,1,2,72,7.339387061,9.345805495,7,,0,1.0,2.0
11,1,2,8,2,49,6,3,-1.714985851,4,7,73,3.160714516,6.52613585,7,,0,3.0,7.0
14,1,2,8,1,27,6,1,0.685994341,1,2,74,5.83446026,7.429466562,7,,0,1.0,2.0
10,1,2,8,3,100,7,2,0.539171766,2,4,75,4.076225534,6.609553128,8,,0,2.0,4.0
11,1,2,8,2,49,7,3,-1.40182718,3,6,76,2.473442823,5.107080631,8,,0,3.0,6.0
14,1,2,8,1,27,7,1,0.862655414,1,2,77,4.7571564,6.057652779,8,,0,1.0,2.0
16,2,28,8,7,64,0,7,-0.498493,9,16,78,1.763213879,9.572020503,1,8.0,0,7.0,16.0
17,2,28,10,5,42,0,1,1.61277147,1,2,79,20.69762095,26.35587114,1,10.0,0,1.0,2.0
18,2,28,11,2,65,0,6,-0.146615588,7,13,80,5.144773488,21.93349988,1,,0,6.0,13.0
19,2,28,2,11,90,0,7,-0.498493,9,16,81,1.618757227,8.787803652,1,2.0,0,7.0,16.0
20,2,28,4,10,69,0,9,-1.906002646,12,21,82,1.138243672,10.0195395,1,4.0,0,9.0,21.0
21,2,28,6,9,93,0,4,0.557139235,4,8,83,3.310470734,8.703973062,1,6.0,0,4.0,8.0
22,2,28,9,6,96,0,8,-1.554125235,11,19,84,2.626387782,18.15575945,1,9.0,0,8.0,19.0
23,2,28,2,12,75,0,5,0.205261823,5,10,85,2.207435309,7.390481203,1,2.0,0,5.0,10.0
24,2,28,11,4,70,0,3,0.909016647,3,6,86,21.23748878,43.85044464,1,11.0,0,3.0,6.0
25,2,28,11,3,3,0,6,-0.146615588,7,13,87,5.542268236,23.62812279,1,,0,6.0,13.0
26,2,28,7,8,63,0,5,0.205261823,5,10,88,4.470691791,14.96785138,1,7.0,0,5.0,10.0
27,2,28,11,1,36,0,2,1.260894058,2,4,89,32.55707481,52.79092481,1,,0,2.0,4.0
16,2,28,8,7,64,1,2,0.883541262,2,4,90,8.10724962,13.14581262,2,8.0,0,2.0,4.0
17,2,28,10,5,42,1,3,0.56225353,3,6,91,8.226709965,16.98623098,2,10.0,0,3.0,6.0
18,2,28,11,2,65,1,3,0.56225353,3,6,92,11.4974641,23.73957289,2,,0,3.0,6.0
19,2,28,2,11,90,1,7,-1.044185128,10,17,93,0.613864714,3.33250872,2,2.0,1,7.0,17.0
20,2,28,4,10,69,1,8,-2.008048322,12,20,94,1.41035913,9.749566031,2,4.0,0,8.0,20.0
21,2,28,6,9,93,1,5,-0.080321933,8,13,95,1.767727478,5.918341817,2,6.0,0,5.0,13.0
22,2,28,9,6,96,1,6,-0.722897396,9,15,96,3.922606126,16.72308435,2,9.0,0,6.0,15.0
23,2,28,2,12,75,1,7,-1.044185128,10,17,97,0.500676813,2.718041623,2,2.0,1,7.0,17.0
24,2,28,11,4,70,1,4,0.240965799,6,10,98,10.3057374,27.09610443,2,11.0,0,4.0,10.0
25,2,28,11,3,3,1,3,0.56225353,3,6,99,12.89762791,26.63058353,2,,0,3.0,6.0
26,2,28,7,8,63,1,4,0.240965799,6,10,100,4.140736068,10.8869276,2,7.0,0,4.0,10.0
27,2,28,11,1,36,1,1,1.847404456,1,2,101,35.58055561,45.30745543,2,,0,1.0,2.0
16,2,28,8,7,64,2,1,1.064742266,1,2,102,8.859960181,11.28206809,3,8.0,0,1.0,2.0
17,2,28,10,5,42,2,2,0.811232203,3,5,103,7.92384376,12.84842212,3,10.0,0,2.0,5.0
18,2,28,11,2,65,2,4,0.050702013,6,10,104,5.582413032,14.67742099,3,,0,4.0,10.0
20,2,28,4,10,69,2,7,-1.977378494,10,17,105,1.302608357,7.071515286,3,4.0,0,7.0,17.0
21,2,28,6,9,93,2,2,0.811232203,3,5,106,3.663531435,5.940374362,3,6.0,0,2.0,5.0
22,2,28,9,6,96,2,6,-1.216848304,9,15,107,2.856040984,12.17604132,3,9.0,0,6.0,15.0
24,2,28,11,4,70,2,4,0.050702013,6,10,108,7.867211888,20.68467171,3,11.0,0,4.0,10.0
25,2,28,11,3,3,2,1,1.064742266,1,2,109,18.91266229,24.08294613,3,,0,1.0,2.0
26,2,28,7,8,63,2,5,-0.96333824,8,13,110,2.00394636,6.709201326,3,7.0,0,5.0,13.0
27,2,28,11,1,36,2,3,0.304212076,5,8,111,11.53265285,23.81222943,3,,0,3.0,8.0
16,2,28,8,7,64,3,4,-0.505246733,8,12,112,2.206048225,5.800197576,4,8.0,0,4.0,12.0
17,2,28,10,5,42,3,3,-0.045931521,6,9,113,4.115136288,8.496793469,4,10.0,0,3.0,9.0
18,2,28,11,2,65,3,1,0.872698903,1,2,114,14.48798157,18.44866018,4,,0,1.0,2.0
20,2,28,4,10,69,3,6,-1.88319237,10,16,115,0.765705682,3.264401343,4,4.0,1,6.0,16.0
21,2,28,6,9,93,3,2,0.643041297,5,7,116,2.723490515,4.416108751,4,6.0,0,2.0,7.0
22,2,28,9,6,96,3,5,-1.653534764,9,14,117,3.208391623,10.74167741,4,9.0,0,5.0,14.0
24,2,28,11,4,70,3,1,0.872698903,1,2,118,20.56092351,26.18180378,4,11.0,0,1.0,2.0
25,2,28,11,3,3,3,1,0.872698903,1,2,119,15.01696839,19.12225974,4,,0,1.0,2.0
26,2,28,7,8,63,3,3,-0.045931521,6,9,120,3.474079225,7.173160646,4,7.0,0,3.0,9.0
27,2,28,11,1,36,3,1,0.872698903,1,2,121,21.39587146,27.24500717,4,,0,1.0,2.0
16,2,28,8,7,64,4,4,0.045834925,5,9,122,1.963058331,5.161322424,5,8.0,0,4.0,9.0
17,2,28,10,5,42,4,2,0.870863572,2,4,123,5.638711111,9.143105638,5,10.0,0,2.0,4.0
18,2,28,11,2,65,4,2,0.870863572,2,4,124,8.362626561,13.55990342,5,,0,2.0,4.0
21,2,28,6,9,93,4,4,0.045834925,5,9,125,1.216535507,3.198545805,5,6.0,0,4.0,9.0
22,2,28,9,6,96,4,7,-2.016736693,9,16,126,1.506502842,8.178404367,5,9.0,0,7.0,16.0
24,2,28,11,4,70,4,5,-0.366679399,7,12,127,3.632235312,12.16070373,5,11.0,0,5.0,12.0
25,2,28,11,3,3,4,1,1.283377896,1,2,128,12.28607757,15.64480662,5,,0,1.0,2.0
26,2,28,7,8,63,4,6,-1.191708046,8,14,129,1.098341206,4.682512604,5,7.0,0,6.0,14.0
27,2,28,11,1,36,4,3,0.458349249,4,7,130,7.994434731,16.50663698,5,,0,3.0,7.0
16,2,28,8,7,64,5,1,0.912870929,1,2,131,4.802196351,6.115005609,6,8.0,0,1.0,2.0
17,2,28,10,5,42,5,1,0.912870929,1,2,132,6.928643136,8.822773695,6,10.0,0,1.0,2.0
18,2,28,11,2,65,5,2,0.365148372,4,6,133,6.092299635,9.878594246,6,,0,2.0,6.0
21,2,28,6,9,93,5,1,0.912870929,1,2,134,0.907587399,1.155700773,6,6.0,1,1.0,2.0
22,2,28,9,6,96,5,5,-2.373464416,9,14,135,2.364896799,7.917661398,6,9.0,0,5.0,14.0
24,2,28,11,4,70,5,2,0.365148372,4,6,136,8.292077624,13.44550912,6,11.0,0,2.0,6.0
25,2,28,11,3,3,5,3,-0.182574186,6,9,137,4.444525144,9.176904378,6,,0,3.0,9.0
26,2,28,7,8,63,5,3,-0.182574186,6,9,138,2.595850303,5.359823432,6,7.0,0,3.0,9.0
27,2,28,11,1,36,5,4,-0.730296743,8,12,139,4.142228886,10.89085255,6,,0,4.0,12.0
16,2,28,8,7,64,6,5,-0.645497224,7,12,140,1.233494122,4.129731497,7,8.0,0,5.0,12.0
17,2,28,10,5,42,6,1,0.903696114,1,2,141,5.933434555,7.555498137,7,10.0,0,1.0,2.0
18,2,28,11,2,65,6,3,0.129099445,5,8,142,3.756459165,7.756209143,7,,0,3.0,8.0
22,2,28,9,6,96,6,6,-2.194690563,8,14,143,1.703042726,7.260511569,7,9.0,0,6.0,14.0
24,2,28,11,4,70,6,1,0.903696114,1,2,144,11.5993459,14.77033842,7,11.0,0,1.0,2.0
25,2,28,11,3,3,6,1,0.903696114,1,2,145,8.617779658,10.97368102,7,,0,1.0,2.0
26,2,28,7,8,63,6,4,-0.387298335,6,10,146,0.634519826,1.668295512,7,7.0,1,4.0,10.0
27,2,28,11,1,36,6,2,0.387298335,4,6,147,7.864411333,12.75205312,7,,0,2.0,6.0
16,2,28,8,7,64,7,5,-0.386527506,5,10,148,0.55642401,1.862904509,8,8.0,1,5.0,10.0
17,2,28,10,5,42,7,1,1.089224295,1,2,149,4.976646406,6.337146269,8,10.0,0,1.0,2.0
18,2,28,11,2,65,7,4,0.597307028,4,8,150,2.761065323,7.259462514,8,,0,4.0,8.0
22,2,28,9,6,96,7,7,-1.862230117,7,14,151,1.308748376,7.104847822,8,9.0,0,7.0,14.0
24,2,28,11,4,70,7,6,-0.878395582,6,12,152,2.259060806,9.630960438,8,11.0,0,6.0,12.0
25,2,28,11,3,3,7,3,0.59735622,3,6,153,4.026648728,8.314087366,8,,0,3.0,6.0
27,2,28,11,1,36,7,2,0.843265662,2,4,154,7.633826048,12.37816171,8,,0,2.0,4.0
17,2,28,10,5,42,8,3,0.268672278,3,6,155,2.58570604,5.338877903,9,10.0,0,3.0,6.0
18,2,28,11,2,65,8,2,0.483610101,2,4,156,4.717643678,7.649605319,9,,0,2.0,4.0
22,2,28,9,6,96,8,6,-2.09564377,6,12,157,0.782377142,3.335476088,9,9.0,1,6.0,12.0
24,2,28,11,4,70,8,5,0.053734456,5,10,158,2.818896283,9.437649161,9,11.0,0,5.0,10.0
25,2,28,11,3,3,8,1,1.128423568,1,2,159,6.721369235,8.558835909,9,,0,1.0,2.0
27,2,28,11,1,36,8,4,0.161203367,4,8,160,3.729589237,9.805929989,9,,0,4.0,8.0
17,2,28,10,5,42,9,4,-1.4509525,5,9,161,1.002038285,2.634584306,10,10.0,1,4.0,9.0
18,2,28,11,2,65,9,2,0.72547625,2,4,162,4.329327904,7.019955729,10,,0,2.0,4.0
24,2,28,11,4,70,9,3,-0.362738125,3,6,163,4.697215259,9.698650335,10,11.0,0,3.0,6.0
25,2,28,11,3,3,9,1,1.4509525,1,2,164,6.450784548,8.214279636,10,,0,1.0,2.0
27,2,28,11,1,36,9,3,-0.362738125,3,6,165,4.659549587,9.620879537,10,,0,3.0,6.0
18,2,28,11,2,65,10,2,0.447213595,2,4,166,3.810698514,6.179004098,11,,0,2.0,4.0
24,2,28,11,4,70,10,4,-1.341640786,4,8,167,3.010057981,7.914120282,11,11.0,1,4.0,8.0
25,2,28,11,3,3,10,1,1.341640786,1,2,168,5.881809767,7.489760328,11,,0,1.0,2.0
27,2,28,11,1,36,10,3,-0.447213595,3,6,169,4.173090006,8.616454337,11,,0,3.0,6.0
28,3,29,4,13,8,0,4,0.221948381,6,10,170,6.305673233,16.57903494,1,4.0,0,4.0,10.0
29,3,29,5,12,50,0,4,0.221948381,6,10,171,7.706297332,20.26159111,1,5.0,0,4.0,10.0
30,3,29,8,8,20,0,7,-1.442664475,13,20,172,2.730586227,14.82362841,1,8.0,0,7.0,20.0
31,3,29,10,5,99,0,1,1.220716094,1,2,173,49.11257582,62.53881654,1,10.0,0,1.0,2.0
32,3,29,11,4,61,0,1,1.220716094,1,2,174,42.81823468,54.52374832,1,11.0,0,1.0,2.0
33,3,29,2,15,17,0,8,-1.775587046,14,22,175,1.196400516,8.270507549,1,2.0,0,8.0,22.0
34,3,29,6,11,110,0,5,-0.11097419,11,16,176,5.051392208,16.91203317,1,6.0,0,5.0,16.0
35,3,29,10,6,57,0,4,0.221948381,6,10,177,10.82180278,28.45295651,1,10.0,0,4.0,10.0
36,3,29,11,2,86,0,2,0.887793523,3,5,178,37.04139566,60.06219983,1,,0,2.0,5.0
37,3,29,9,7,0,0,4,0.221948381,6,10,179,9.46690359,24.89062144,1,9.0,0,4.0,10.0
38,3,29,11,3,85,0,6,-0.443896762,12,18,180,8.400506088,35.81352993,1,,0,6.0,18.0
39,3,29,11,1,62,0,2,0.887793523,3,5,181,34.62247233,56.13994328,1,,0,2.0,5.0
40,3,29,3,14,14,0,9,-2.108509618,15,24,182,0.900753314,7.928999414,1,3.0,0,9.0,24.0
41,3,29,7,10,84,0,3,0.554870952,5,8,183,10.80657192,22.31304223,1,7.0,0,3.0,8.0
42,3,29,7,9,46,0,4,0.221948381,6,10,184,9.09471949,23.91206563,1,7.0,0,4.0,10.0
28,3,29,4,13,8,1,5,-0.096523418,6,11,185,3.916161577,13.11128729,2,4.0,0,5.0,11.0
29,3,29,5,12,50,1,3,0.86871076,4,7,186,8.820225676,18.21170204,2,5.0,0,3.0,7.0
30,3,29,8,8,20,1,5,-0.096523418,6,11,187,5.353715083,17.92420848,2,8.0,0,5.0,11.0
31,3,29,10,5,99,1,7,-1.544374685,14,21,188,3.309859869,17.96835137,2,10.0,0,7.0,21.0
32,3,29,11,4,61,1,2,1.351327849,2,4,189,23.1007188,37.45755159,2,11.0,0,2.0,4.0
33,3,29,2,15,17,1,7,-1.544374685,14,21,190,0.66505963,3.610432342,2,2.0,1,7.0,21.0
34,3,29,6,11,110,1,5,-0.096523418,6,11,191,5.410937492,18.11578879,2,6.0,0,5.0,11.0
35,3,29,10,6,57,1,5,-0.096523418,6,11,192,6.530120554,21.86280749,2,10.0,0,5.0,11.0
36,3,29,11,2,86,1,2,1.351327849,2,4,193,30.71302851,49.8008248,2,,0,2.0,4.0
37,3,29,9,7,0,1,4,0.386093671,5,9,194,7.71083051,20.27350985,2,9.0,0,4.0,9.0
38,3,29,11,3,85,1,5,-0.096523418,6,11,195,11.6190388,38.90047762,2,,0,5.0,11.0
39,3,29,11,1,62,1,1,1.833944938,1,2,196,41.95198312,53.42068366,2,,0,1.0,2.0
40,3,29,3,14,14,1,6,-1.061757596,12,18,197,1.936721977,8.256746647,2,3.0,0,6.0,18.0
41,3,29,7,10,84,1,6,-1.061757596,12,18,198,2.499029015,10.65400697,2,7.0,0,6.0,18.0
42,3,29,7,9,46,1,5,-0.096523418,6,11,199,5.705952982,19.10349902,2,7.0,0,5.0,11.0
28,3,29,4,13,8,2,8,-1.534440367,13,21,200,1.036520902,7.165287733,3,4.0,0,8.0,21.0
29,3,29,5,12,50,2,5,-0.021611836,9,14,201,2.886726559,9.664744549,3,5.0,0,5.0,14.0
30,3,29,8,8,20,2,3,0.583519576,4,7,202,8.536917147,17.62673622,3,8.0,0,3.0,7.0
31,3,29,10,5,99,2,7,-0.626743248,11,18,203,2.979058907,16.17252069,3,10.0,0,7.0,18.0
32,3,29,11,4,61,2,6,-0.324177542,10,16,204,3.704141544,15.79171334,3,11.0,0,6.0,16.0
34,3,29,6,11,110,2,3,0.583519576,4,7,205,7.960245525,16.43604427,3,6.0,0,3.0,7.0
35,3,29,10,6,57,2,1,1.188650988,1,2,206,20.00089402,25.4686752,3,10.0,0,1.0,2.0
36,3,29,11,2,86,2,1,1.188650988,1,2,207,32.46769752,41.34361404,3,,0,1.0,2.0
37,3,29,9,7,0,2,4,0.28095387,7,11,208,5.274936154,13.86899504,3,9.0,0,4.0,11.0
38,3,29,11,3,85,2,7,-0.626743248,11,18,209,4.12057094,22.36948676,3,,0,7.0,18.0
39,3,29,11,1,62,2,2,0.886085282,3,5,210,20.24290175,32.82363388,3,,0,2.0,5.0
40,3,29,3,14,14,2,9,-2.442137485,14,23,211,0.404510537,3.560757161,3,3.0,1,9.0,23.0
41,3,29,7,10,84,2,4,0.28095387,7,11,212,4.272464606,11.23327159,3,7.0,0,4.0,11.0
42,3,29,7,9,46,2,3,0.583519576,4,7,213,8.205664561,16.94277715,3,7.0,0,3.0,7.0
28,3,29,4,13,8,3,5,-1.08012345,10,15,214,0.832793003,2.788186367,4,4.0,1,5.0,15.0
29,3,29,5,12,50,3,5,-1.08012345,10,15,215,2.458159462,8.229904281,4,5.0,0,5.0,15.0
30,3,29,8,8,20,3,4,-0.578637562,8,12,216,4.037146787,10.61456805,4,8.0,0,4.0,12.0
31,3,29,10,5,99,3,1,2.430277762,1,2,217,22.04950724,28.07733183,4,10.0,0,1.0,2.0
32,3,29,11,4,61,3,3,0.424334212,3,6,218,10.39631937,21.4659667,4,11.0,0,3.0,6.0
34,3,29,6,11,110,3,4,-0.578637562,8,12,219,3.997475543,10.51026341,4,6.0,0,4.0,12.0
35,3,29,10,6,57,3,3,0.424334212,3,6,220,8.537961175,17.6288919,4,10.0,0,3.0,6.0
36,3,29,11,2,86,3,3,0.424334212,3,6,221,13.08099249,27.00918846,4,,0,3.0,6.0
37,3,29,9,7,0,3,3,0.424334212,3,6,222,6.923118988,14.29462066,4,9.0,0,3.0,6.0
38,3,29,11,3,85,3,5,-1.08012345,10,15,223,6.201278528,20.76184621,4,,0,5.0,15.0
39,3,29,11,1,62,3,2,0.9258201,2,4,224,16.90647529,27.4136565,4,,0,2.0,4.0
41,3,29,7,10,84,3,3,0.424334212,3,6,225,5.621842962,11.60779017,4,7.0,0,3.0,6.0
42,3,29,7,9,46,3,5,-1.08012345,10,15,226,2.843459576,9.51988693,4,7.0,0,5.0,15.0
29,3,29,5,12,50,4,6,-1.695430299,11,17,227,0.670927611,2.860337916,5,5.0,1,6.0,17.0
30,3,29,8,8,20,4,6,-1.695430299,11,17,228,1.83138806,7.80768092,5,8.0,0,6.0,17.0
31,3,29,10,5,99,4,4,0.028736107,5,9,229,6.2831551,16.51982969,5,10.0,0,4.0,9.0
32,3,29,11,4,61,4,4,0.028736107,5,9,230,5.310963575,13.96371924,5,11.0,0,4.0,9.0
34,3,29,6,11,110,4,5,-1.005763736,10,15,231,2.39220206,8.009079264,5,6.0,0,5.0,15.0
35,3,29,10,6,57,4,1,1.752902512,1,2,232,12.75923282,16.24731156,5,10.0,0,1.0,2.0
36,3,29,11,2,86,4,3,0.718402669,3,6,233,10.5629863,21.81009491,5,,0,3.0,6.0
37,3,29,9,7,0,4,4,0.028736107,5,9,234,3.97803697,10.45915503,5,9.0,0,4.0,9.0
38,3,29,11,3,85,4,4,0.028736107,5,9,235,8.269235885,21.74168333,5,,0,4.0,9.0
39,3,29,11,1,62,4,2,1.06323595,2,4,236,13.80340739,22.38206737,5,,0,2.0,4.0
41,3,29,7,10,84,4,3,0.718402669,3,6,237,4.769796966,9.848514577,5,7.0,0,3.0,6.0
42,3,29,7,9,46,4,4,0.028736107,5,9,238,3.731503335,9.810962585,5,7.0,0,4.0,9.0
30,3,29,8,8,20,5,4,-0.128168267,7,11,239,2.904929744,7.637714473,6,8.0,0,4.0,11.0
31,3,29,10,5,99,5,7,-2.242944676,11,18,240,1.758421629,9.546004648,6,10.0,0,7.0,18.0
32,3,29,11,4,61,5,1,0.929219937,1,2,241,13.8320717,17.61343974,6,11.0,0,1.0,2.0
34,3,29,6,11,110,5,6,-1.185556472,10,16,242,0.687116472,2.929355218,6,6.0,1,6.0,16.0
35,3,29,10,6,57,5,5,-0.833093737,9,14,243,2.589013836,8.668004001,6,10.0,0,5.0,14.0
36,3,29,11,2,86,5,2,0.576757203,5,7,244,10.10557626,16.38607644,6,,0,2.0,7.0
37,3,29,9,7,0,5,1,0.929219937,1,2,245,9.142870263,11.64231923,6,9.0,0,1.0,2.0
38,3,29,11,3,85,5,4,-0.128168267,7,11,246,6.267202427,16.47788653,6,,0,4.0,11.0
39,3,29,11,1,62,5,1,0.929219937,1,2,247,15.69699108,19.98818488,6,,0,1.0,2.0
41,3,29,7,10,84,5,1,0.929219937,1,2,248,7.284711732,9.276183197,6,7.0,0,1.0,2.0
42,3,29,7,9,46,5,3,0.224294468,6,9,249,3.80948889,7.865703116,6,7.0,0,3.0,9.0
30,3,29,8,8,20,6,3,0.0,5,8,250,4.038209694,8.337958055,7,8.0,0,3.0,8.0
31,3,29,10,5,99,6,2,0.5,2,4,251,9.857388264,15.98364244,7,10.0,0,2.0,4.0
32,3,29,11,4,61,6,3,0.0,5,8,252,5.536752417,11.43209811,7,11.0,0,3.0,8.0
35,3,29,10,6,57,6,2,0.5,2,4,253,6.811827016,11.04529967,7,10.0,0,2.0,4.0
36,3,29,11,2,86,6,1,2.0,1,2,254,13.76860551,17.53262336,7,,0,1.0,2.0
37,3,29,9,7,0,6,3,0.0,5,8,255,3.97188392,8.201010852,7,9.0,0,3.0,8.0
38,3,29,11,3,85,6,2,0.5,2,4,256,12.32081385,19.97805888,7,,0,2.0,4.0
39,3,29,11,1,62,6,5,-1.0,9,14,257,3.388053012,11.34318274,7,,0,5.0,14.0
41,3,29,7,10,84,6,6,-2.0,10,16,258,0.756206226,3.223902705,7,7.0,1,6.0,16.0
42,3,29,7,9,46,6,4,-0.5,8,12,259,1.078959059,2.836826343,7,7.0,1,4.0,12.0
30,3,29,8,8,20,7,4,-0.40449442,5,9,260,1.012510105,2.662117079,8,8.0,1,4.0,9.0
31,3,29,10,5,99,7,5,-0.404602292,7,12,261,3.08685047,10.3347583,8,10.0,0,5.0,12.0
32,3,29,11,4,61,7,2,0.674121409,3,5,262,6.571644249,10.65584606,8,11.0,0,2.0,5.0
35,3,29,10,6,57,7,1,1.213591132,1,2,263,8.792722497,11.19644918,8,10.0,0,1.0,2.0
36,3,29,11,2,86,7,1,1.213591132,1,2,264,11.68624085,14.88098843,8,,0,1.0,2.0
37,3,29,9,7,0,7,4,-0.40449442,5,9,265,2.729778587,7.177202638,8,9.0,0,4.0,9.0
38,3,29,11,3,85,7,6,-2.022579972,8,14,266,2.833564404,12.08021785,8,,0,6.0,14.0
39,3,29,11,1,62,7,3,0.134867431,4,7,267,5.613116919,11.58977294,8,,0,3.0,7.0
31,3,29,10,5,99,8,2,0.615416331,3,5,268,7.178113292,11.63922869,9,10.0,0,2.0,5.0
32,3,29,11,4,61,8,3,-0.677035511,5,8,269,4.09966389,8.464846588,9,11.0,0,3.0,8.0
35,3,29,10,6,57,8,1,1.046319775,1,2,270,7.532998283,9.592345541,9,10.0,0,1.0,2.0
36,3,29,11,2,86,8,2,0.615416331,3,5,271,7.663263467,12.42589415,9,,0,2.0,5.0
37,3,29,9,7,0,8,4,-1.107852792,6,10,272,1.14383077,3.007388679,9,9.0,1,4.0,10.0
38,3,29,11,3,85,8,5,-1.538583909,7,12,273,3.442809891,11.52650847,9,,0,5.0,12.0
39,3,29,11,1,62,8,1,1.046319775,1,2,274,10.33296492,13.15775821,9,,0,1.0,2.0
31,3,29,10,5,99,9,3,-0.654653671,4,7,275,2.137022505,4.412451398,10,10.0,1,3.0,7.0
32,3,29,11,4,61,9,2,0.0,3,5,276,6.435458399,10.43502226,10,11.0,0,2.0,5.0
35,3,29,10,6,57,9,3,-0.654653671,4,7,277,1.900010005,3.923076048,10,10.0,1,3.0,7.0
36,3,29,11,2,86,9,1,1.309307341,1,2,278,10.54891403,13.43274281,10,,0,1.0,2.0
38,3,29,11,3,85,9,4,-1.309307341,6,10,279,5.277367162,13.87538671,10,,0,4.0,10.0
39,3,29,11,1,62,9,1,1.309307341,1,2,280,10.99737717,14.00380538,10,,0,1.0,2.0
32,3,29,11,4,61,10,1,0.577350269,1,2,281,7.848889665,9.99459431,11,11.0,1,1.0,2.0
36,3,29,11,2,86,10,1,0.577350269,1,2,282,9.079565145,11.56170796,11,,0,1.0,2.0
38,3,29,11,3,85,10,2,-1.732050808,4,6,283,7.334109653,11.892175,11,,0,2.0,6.0
39,3,29,11,1,62,10,1,0.577350269,1,2,284,10.3552146,13.18609043,11,,0,1.0,2.0
43,4,30,2,15,74,0,9,-3.064338984,15,24,285,0.91135147,8.02229107,1,2.0,0,9.0,24.0
44,4,30,4,13,12,0,6,-0.107520666,9,15,286,6.533107575,27.85232713,1,4.0,0,6.0,15.0
45,4,30,9,6,81,0,4,0.430082664,5,9,287,11.76298906,30.92754721,1,9.0,0,4.0,9.0
46,4,30,4,12,77,0,6,-0.107520666,9,15,288,7.241067037,30.87054141,1,4.0,0,6.0,15.0
47,4,30,7,9,82,0,6,-0.107520666,9,15,289,6.755006778,28.79834082,1,7.0,0,6.0,15.0
48,4,30,9,5,102,0,2,0.967685995,2,4,290,39.71464679,64.39684598,1,9.0,0,2.0,4.0
49,4,30,10,1,41,0,8,-0.913925662,14,22,291,5.322156109,36.79113448,1,,0,8.0,22.0
50,4,30,10,3,22,0,6,-0.107520666,9,15,292,25.14119586,107.1834198,1,,0,6.0,15.0
51,4,30,5,11,80,0,3,0.69888433,4,7,293,12.90889251,26.65384227,1,5.0,0,3.0,7.0
52,4,30,8,7,52,0,7,-0.645123997,13,20,294,4.523991541,24.5595502,1,8.0,0,7.0,20.0
53,4,30,8,8,87,0,5,0.161280999,7,12,295,8.355460936,27.97403699,1,8.0,0,5.0,12.0
54,4,30,10,2,53,0,1,1.23648766,1,2,296,66.12694217,84.20451659,1,,0,1.0,2.0
55,4,30,3,14,21,0,5,0.161280999,7,12,297,6.10338379,20.43409516,1,3.0,0,5.0,12.0
56,4,30,6,10,68,0,4,0.430082664,5,9,298,10.28416333,27.03938133,1,6.0,0,4.0,9.0
57,4,30,10,4,5,0,2,0.967685995,2,4,299,43.99402148,71.33580315,1,10.0,0,2.0,4.0
43,4,30,2,15,74,1,11,-2.659289981,15,26,300,0.332029397,4.739177194,2,2.0,1,11.0,26.0
44,4,30,4,13,12,1,9,-0.664822495,13,22,301,1.730074661,15.22920955,2,4.0,0,9.0,22.0
45,4,30,9,6,81,1,5,0.332411248,5,10,302,6.842855789,22.90984332,2,9.0,0,5.0,10.0
46,4,30,4,12,77,1,10,-0.914130931,14,24,303,1.459795513,16.36294565,2,4.0,0,10.0,24.0
47,4,30,7,9,82,1,6,0.083102812,8,14,304,5.537827064,23.60918892,2,7.0,0,6.0,14.0
48,4,30,9,5,102,1,4,0.581719683,4,8,305,15.96030163,41.96322718,2,9.0,0,4.0,8.0
49,4,30,10,1,41,1,7,-0.166205624,9,16,306,7.46007396,40.49876293,2,,0,7.0,16.0
50,4,30,10,3,22,1,8,-0.41551406,10,18,307,10.02840087,69.32458154,2,,0,8.0,18.0
51,4,30,5,11,80,1,3,1.080336555,3,6,308,10.20632101,21.07366455,2,5.0,0,3.0,6.0
52,4,30,8,7,52,1,5,0.332411248,5,10,309,10.58383459,35.43461964,2,8.0,0,5.0,10.0
53,4,30,8,8,87,1,5,0.332411248,5,10,310,7.41321307,24.81939635,2,8.0,0,5.0,10.0
54,4,30,10,2,53,1,2,1.329644991,2,4,311,32.44958612,52.61663312,2,,0,2.0,4.0
55,4,30,3,14,21,1,8,-0.41551406,10,18,312,1.900281216,13.13631174,2,3.0,0,8.0,18.0
56,4,30,6,10,68,1,8,-0.41551406,10,18,313,2.128151011,14.71153578,2,6.0,0,8.0,18.0
57,4,30,10,4,5,1,1,1.578953426,1,2,314,50.48632582,64.28811798,2,10.0,0,1.0,2.0
44,4,30,4,13,12,2,6,-1.199250702,12,18,315,3.723046823,15.87231143,3,4.0,0,6.0,18.0
45,4,30,9,6,81,2,2,0.899438027,4,6,316,13.01264049,21.09984786,3,9.0,0,2.0,6.0
46,4,30,4,12,77,2,5,-0.67457852,10,15,317,5.302867976,17.75397265,3,4.0,0,5.0,15.0
47,4,30,7,9,82,2,3,0.374765844,5,8,318,11.53845998,23.82421979,3,7.0,0,3.0,8.0
48,4,30,9,5,102,2,4,-0.149906338,7,11,319,9.614502685,25.2786927,3,9.0,0,4.0,11.0
49,4,30,10,1,41,2,6,-1.199250702,12,18,320,6.387844919,27.23303486,3,,0,6.0,18.0
50,4,30,10,3,22,2,7,-1.723922885,14,21,321,8.101118098,43.97882153,3,,0,7.0,21.0
51,4,30,5,11,80,2,3,0.374765844,5,8,322,7.033758815,14.52306601,3,5.0,0,3.0,8.0
52,4,30,8,7,52,2,5,-0.67457852,10,15,323,6.023488714,20.16660689,3,8.0,0,5.0,15.0
53,4,30,8,8,87,2,1,1.424110209,1,2,324,21.42263071,27.27908177,3,8.0,0,1.0,2.0
54,4,30,10,2,53,2,1,1.424110209,1,2,325,36.07152805,45.93264836,3,,0,1.0,2.0
55,4,30,3,14,21,2,4,-0.149906338,7,11,326,1.393835691,3.664707917,3,3.0,1,4.0,11.0
56,4,30,6,10,68,2,4,-0.149906338,7,11,327,5.583561212,14.68043982,3,6.0,0,4.0,11.0
57,4,30,10,4,5,2,1,1.424110209,1,2,328,39.24313245,49.97129595,3,10.0,0,1.0,2.0
44,4,30,4,13,12,3,10,-2.075715563,13,23,329,0.623609931,6.990085471,4,4.0,1,10.0,23.0
45,4,30,9,6,81,3,1,1.510805631,1,2,330,16.98887637,21.63324169,4,9.0,0,1.0,2.0
46,4,30,4,12,77,3,9,-1.221781945,12,21,331,0.770593461,6.783250202,4,4.0,1,9.0,21.0
47,4,30,7,9,82,3,5,0.144511843,7,12,332,4.719143945,15.79966782,4,7.0,0,5.0,12.0
48,4,30,9,5,102,3,3,0.656872014,4,7,333,13.08424086,27.0158956,4,9.0,0,3.0,7.0
49,4,30,10,1,41,3,6,-0.197061604,9,15,334,6.036777301,25.73634282,4,,0,6.0,15.0
50,4,30,10,3,22,3,8,-1.050995222,11,19,335,5.851464963,40.45015402,4,,0,8.0,19.0
51,4,30,5,11,80,3,4,0.315298567,6,10,336,4.041275527,10.62542344,4,5.0,0,4.0,10.0
52,4,30,8,7,52,3,5,0.144511843,7,12,337,5.397449784,18.07063202,4,8.0,0,5.0,12.0
53,4,30,8,8,87,3,2,0.998445461,2,4,338,11.89408935,19.28612997,4,8.0,0,2.0,4.0
54,4,30,10,2,53,3,2,0.998445461,2,4,339,20.01327648,32.45129914,4,,0,2.0,4.0
56,4,30,6,10,68,3,7,-0.880208498,10,17,340,1.946404999,10.5665165,4,6.0,0,7.0,17.0
57,4,30,10,4,5,3,3,0.656872014,4,7,341,14.30096767,29.52815174,4,10.0,0,3.0,7.0
45,4,30,9,6,81,4,3,0.310630372,3,6,342,7.209161843,14.88523222,5,9.0,0,3.0,6.0
47,4,30,7,9,82,4,5,-0.931891116,9,14,343,3.764506731,12.60354771,5,7.0,0,5.0,14.0
48,4,30,9,5,102,4,3,0.310630372,3,6,344,11.92022176,24.61246853,5,9.0,0,3.0,6.0
49,4,30,10,1,41,4,6,-2.174412605,11,17,345,4.660815649,19.87026245,5,,0,6.0,17.0
50,4,30,10,3,22,4,5,-0.931891116,9,14,346,11.43760365,38.29303375,5,,0,5.0,14.0
51,4,30,5,11,80,4,3,0.310630372,3,6,347,1.454238887,3.002663002,5,5.0,1,3.0,6.0
52,4,30,8,7,52,4,4,-0.310630372,8,12,348,5.712749611,15.02010521,5,8.0,0,4.0,12.0
53,4,30,8,8,87,4,3,0.310630372,3,6,349,7.523132977,15.53350914,5,8.0,0,3.0,6.0
54,4,30,10,2,53,4,1,1.55315186,1,2,350,24.38987724,31.05750478,5,,0,1.0,2.0
56,4,30,6,10,68,4,3,0.310630372,3,6,351,6.058974227,12.51036395,5,6.0,0,3.0,6.0
57,4,30,10,4,5,4,2,1.242521488,2,4,352,17.67521544,28.66015987,5,10.0,0,2.0,4.0
45,4,30,9,6,81,5,4,-0.960768923,8,12,353,3.410548635,8.967100401,6,9.0,0,4.0,12.0
47,4,30,7,9,82,5,4,-0.960768923,8,12,354,4.026148271,10.58565047,6,7.0,0,4.0,12.0
48,4,30,9,5,102,5,3,-0.160128154,5,8,355,8.28514846,17.1068928,6,9.0,0,3.0,8.0
49,4,30,10,1,41,5,1,1.441153384,1,2,356,27.70963906,35.2848126,6,,0,1.0,2.0
50,4,30,10,3,22,5,3,-0.160128154,5,8,357,21.47154182,44.33370941,6,,0,3.0,8.0
52,4,30,8,7,52,5,2,0.640512615,3,5,358,10.69180108,17.33663328,6,8.0,0,2.0,5.0
53,4,30,8,8,87,5,3,-0.160128154,5,8,359,5.506884152,11.37042713,6,8.0,0,3.0,8.0
54,4,30,10,2,53,5,1,1.441153384,1,2,360,20.38301641,25.955261,6,,0,1.0,2.0
56,4,30,6,10,68,5,5,-1.761409692,10,15,361,1.13950203,3.815046491,6,6.0,1,5.0,15.0
57,4,30,10,4,5,5,2,0.640512615,3,5,362,15.10424044,24.49135329,6,10.0,0,2.0,5.0
45,4,30,9,6,81,6,3,0.559016994,3,6,363,5.217646608,10.77321929,7,9.0,0,3.0,6.0
47,4,30,7,9,82,6,6,-1.453444185,9,15,364,1.09093276,4.650928485,7,7.0,1,6.0,15.0
48,4,30,9,5,102,6,5,-0.782623792,6,11,365,4.382732011,14.67336253,7,9.0,0,5.0,11.0
49,4,30,10,1,41,6,5,-0.782623792,6,11,366,5.831945963,19.52532282,7,,0,5.0,11.0
50,4,30,10,3,22,6,4,-0.111803399,5,9,367,14.29760199,37.59161538,7,,0,4.0,9.0
52,4,30,8,7,52,6,3,0.559016994,3,6,368,7.849550132,16.20748419,7,8.0,0,3.0,6.0
53,4,30,8,8,87,6,1,1.900657781,1,2,369,10.4307318,13.28225228,7,8.0,0,1.0,2.0
54,4,30,10,2,53,6,2,0.894427191,2,4,370,12.88132949,20.88692858,7,,0,2.0,4.0
57,4,30,10,4,5,6,5,-0.782623792,6,11,371,5.209530625,17.44147971,7,10.0,0,5.0,11.0
45,4,30,9,6,81,7,1,0.970725343,1,2,372,9.192511893,11.70553174,8,9.0,0,1.0,2.0
48,4,30,9,5,102,7,1,0.970725343,1,2,373,15.46374178,19.69117062,8,9.0,0,1.0,2.0
49,4,30,10,1,41,7,5,-0.970725343,7,12,374,5.372369631,17.9866638,8,,0,5.0,12.0
50,4,30,10,3,22,7,3,-0.138675049,5,8,375,17.56860993,36.27506836,8,,0,3.0,8.0
52,4,30,8,7,52,7,6,-1.802775638,8,14,376,1.546807384,6.5944399,8,8.0,1,6.0,14.0
53,4,30,8,8,87,7,4,-0.693375245,6,10,377,1.793499176,4.715513221,8,8.0,1,4.0,10.0
54,4,30,10,2,53,7,2,0.693375245,4,6,378,9.950123273,16.13401119,8,,0,2.0,6.0
57,4,30,10,4,5,7,1,0.970725343,1,2,379,19.5786026,24.93093909,8,10.0,0,1.0,2.0
45,4,30,9,6,81,8,4,-1.010152545,5,9,380,2.147990293,5.647550198,9,9.0,1,4.0,9.0
48,4,30,9,5,102,8,3,-0.101015254,3,6,381,3.128033409,6.458657012,9,9.0,1,3.0,6.0
49,4,30,10,1,41,8,3,-0.101015254,3,6,382,10.16371636,20.98569592,9,,0,3.0,6.0
50,4,30,10,3,22,8,5,-1.313198308,6,11,383,10.10289094,33.82442298,9,,0,5.0,11.0
54,4,30,10,2,53,8,1,1.414213562,1,2,384,16.23322801,20.67101657,9,,0,1.0,2.0
57,4,30,10,4,5,8,2,1.111167799,2,4,385,14.44337188,23.41976247,9,10.0,0,2.0,4.0
49,4,30,10,1,41,9,1,0.904534034,1,2,386,17.45668416,22.22893729,10,,0,1.0,2.0
50,4,30,10,3,22,9,3,-1.507556723,4,7,387,14.74631204,30.44768363,10,,0,3.0,7.0
54,4,30,10,2,53,9,1,0.904534034,1,2,388,14.14046412,18.0061395,10,,0,1.0,2.0
57,4,30,10,4,5,9,2,-0.301511345,3,5,389,11.18899006,18.14281953,10,10.0,1,2.0,5.0
58,5,31,1,16,44,0,10,-1.352833107,15,25,390,0.622518016,6.977846122,1,1.0,1,10.0,25.0
59,5,31,3,14,19,0,8,-0.662024712,10,18,391,2.784049488,19.24564725,1,3.0,0,8.0,18.0
60,5,31,5,12,97,0,3,0.949861543,3,6,392,18.97376306,39.17638076,1,5.0,0,3.0,6.0
61,5,31,5,11,60,0,7,-0.201485782,9,16,393,7.986350591,43.35577918,1,5.0,0,7.0,16.0
62,5,31,9,6,107,0,8,-0.662024712,10,18,394,6.029873149,41.68345862,1,9.0,0,8.0,18.0
63,5,31,9,5,24,0,4,0.719592078,6,10,395,30.1004151,79.14076977,1,9.0,0,4.0,10.0
64,5,31,10,3,112,0,2,1.180131008,2,4,396,71.93502766,116.6418254,1,,0,2.0,4.0
65,5,31,4,13,94,0,9,-0.892294177,12,21,397,1.77832941,15.65397832,1,4.0,0,9.0,21.0
66,5,31,6,10,51,0,9,-0.892294177,12,21,398,3.635495989,32.00193117,1,6.0,0,9.0,21.0
67,5,31,7,9,59,0,5,0.489322613,7,12,399,14.67648526,49.13679147,1,7.0,0,5.0,12.0
68,5,31,8,8,38,0,6,0.028783683,8,14,400,7.405909938,31.57330932,1,8.0,0,6.0,14.0
69,5,31,10,1,18,0,1,1.870939403,1,2,401,96.79252938,123.2533651,1,,0,1.0,2.0
70,5,31,2,15,104,0,9,-0.892294177,12,21,402,2.228420069,19.61596049,1,2.0,0,9.0,21.0
71,5,31,8,7,111,0,11,-1.583102572,16,27,403,2.86289191,40.86310476,1,8.0,0,11.0,27.0
72,5,31,10,4,98,0,3,0.949861543,3,6,404,48.43133385,99.9993712,1,10.0,0,3.0,6.0
73,5,31,10,2,33,0,3,0.949861543,3,6,405,57.0339641,117.7617896,1,,0,3.0,6.0
59,5,31,3,14,19,1,10,-2.019956806,15,25,406,1.156153406,12.95940094,2,3.0,0,10.0,25.0
60,5,31,5,12,97,1,4,0.166594376,6,10,407,8.69985858,22.87388737,2,5.0,0,4.0,10.0
61,5,31,5,11,60,1,8,-1.082863442,13,21,408,3.321458155,22.96065939,2,5.0,0,8.0,21.0
62,5,31,9,6,107,1,2,0.791323285,4,6,409,35.38617681,57.37828137,2,9.0,0,2.0,6.0
63,5,31,9,5,24,1,3,0.47895883,5,8,410,30.28913108,62.53996786,2,9.0,0,3.0,8.0
64,5,31,10,3,112,1,1,1.416052194,1,2,411,72.90711657,92.83823363,2,,0,1.0,2.0
65,5,31,4,13,94,1,6,-0.458134533,11,17,412,2.82027048,12.02354241,2,4.0,0,6.0,17.0
66,5,31,6,10,51,1,7,-0.770498988,12,19,413,4.103776534,22.27831438,2,6.0,0,7.0,19.0
67,5,31,7,9,59,1,5,-0.145770079,9,14,414,10.67733845,35.74767008,2,7.0,0,5.0,14.0
68,5,31,8,8,38,1,4,0.166594376,6,10,415,11.24355757,29.56184486,2,8.0,0,4.0,10.0
69,5,31,10,1,18,1,1,1.416052194,1,2,416,71.18830351,90.64953689,2,,0,1.0,2.0
70,5,31,2,15,104,1,9,-1.395227897,14,23,417,0.637094035,5.608103962,2,2.0,1,9.0,23.0
71,5,31,8,7,111,1,5,-0.145770079,9,14,418,15.66565101,52.44851292,2,8.0,0,5.0,14.0
72,5,31,10,4,98,1,4,0.166594376,6,10,419,21.74795324,57.18026659,2,10.0,0,4.0,10.0
73,5,31,10,2,33,1,1,1.416052194,1,2,420,83.91701688,106.8579857,2,,0,1.0,2.0
59,5,31,3,14,19,2,10,-1.450705892,13,23,421,0.46989376,5.267070617,3,3.0,1,10.0,23.0
60,5,31,5,12,97,2,6,-0.238175594,9,15,422,3.499657544,14.91994516,3,5.0,0,6.0,15.0
61,5,31,5,11,60,2,5,0.06495698,7,12,423,8.274616792,27.70337124,3,5.0,0,5.0,12.0
62,5,31,9,6,107,2,7,-0.541308169,10,17,424,4.547046979,24.68471206,3,9.0,0,7.0,17.0
63,5,31,9,5,24,2,3,0.671222129,5,8,425,23.66957697,48.87213763,3,9.0,0,3.0,8.0
64,5,31,10,3,112,2,1,1.277487278,1,2,426,59.21010516,75.39677654,3,,0,1.0,2.0
65,5,31,4,13,94,2,9,-1.147573318,12,21,427,1.077926128,9.488586386,3,4.0,0,9.0,21.0
66,5,31,6,10,51,2,8,-0.844440743,11,19,428,2.858002661,19.7568726,3,6.0,0,8.0,19.0
67,5,31,7,9,59,2,5,0.06495698,7,12,429,9.129714007,30.56623199,3,7.0,0,5.0,12.0
68,5,31,8,8,38,2,2,0.974354704,4,6,430,16.05311869,26.02994853,3,8.0,0,2.0,6.0
69,5,31,10,1,18,2,1,1.277487278,1,2,431,52.75858577,67.18156117,3,,0,1.0,2.0
71,5,31,8,7,111,2,11,-1.753838467,14,25,432,1.870497143,26.69829079,3,8.0,0,11.0,25.0
72,5,31,10,4,98,2,4,0.368089555,6,10,433,16.53596464,43.47677486,3,10.0,0,4.0,10.0
73,5,31,10,2,33,2,1,1.277487278,1,2,434,65.40779864,83.28877587,3,,0,1.0,2.0
60,5,31,5,12,97,3,3,0.134433214,6,9,435,6.976572207,14.40498905,4,5.0,0,3.0,9.0
61,5,31,5,11,60,3,6,-1.030654644,11,17,436,4.20372237,17.9215556,4,5.0,0,6.0,17.0
62,5,31,9,6,107,3,6,-1.030654644,11,17,437,4.715760906,20.1045083,4,9.0,0,6.0,17.0
63,5,31,9,5,24,3,5,-0.73938268,9,14,438,8.44550116,28.27549116,4,9.0,0,5.0,14.0
64,5,31,10,3,112,3,1,1.299521073,1,2,439,46.58884028,59.32515017,4,,0,1.0,2.0
65,5,31,4,13,94,3,7,-1.904470539,13,20,440,0.851590976,4.623061548,4,4.0,1,7.0,20.0
66,5,31,6,10,51,3,4,-0.15683875,8,12,441,7.594218345,19.96691021,4,6.0,0,4.0,12.0
67,5,31,7,9,59,3,2,0.716977144,4,6,442,18.8458315,30.55830044,4,7.0,0,2.0,6.0
68,5,31,8,8,38,3,2,0.716977144,4,6,443,13.32704698,21.6096544,4,8.0,0,2.0,6.0
69,5,31,10,1,18,3,1,1.299521073,1,2,444,42.62075235,54.2722789,4,,0,1.0,2.0
71,5,31,8,7,111,3,5,-0.73938268,9,14,445,9.517337213,31.86399234,4,8.0,0,5.0,14.0
72,5,31,10,4,98,3,3,0.134433214,6,9,446,17.63387515,36.40982577,4,10.0,0,3.0,9.0
73,5,31,10,2,33,3,1,1.299521073,1,2,447,49.258044,62.72405236,4,,0,1.0,2.0
60,5,31,5,12,97,4,3,0.806698469,4,7,448,1.107973106,2.287705191,5,5.0,1,3.0,7.0
61,5,31,5,11,60,4,8,-0.729870043,10,18,449,0.94906569,6.560725147,5,5.0,1,8.0,18.0
62,5,31,9,6,107,4,6,-0.422556341,7,13,450,5.054047782,21.54671273,5,9.0,0,6.0,13.0
63,5,31,9,5,24,4,9,-1.190840597,11,20,451,2.540522326,22.36328162,5,9.0,0,9.0,20.0
64,5,31,10,3,112,4,2,1.114012172,2,4,452,27.02747649,43.82474431,5,,0,2.0,4.0
66,5,31,6,10,51,4,6,-0.422556341,7,13,453,4.182851104,17.83257599,5,6.0,0,6.0,13.0
67,5,31,7,9,59,4,7,-0.576213192,9,16,454,3.31704268,18.00734495,5,7.0,0,7.0,16.0
68,5,31,8,8,38,4,4,0.499384767,5,9,455,5.762370661,15.15057013,5,8.0,0,4.0,9.0
69,5,31,10,1,18,4,1,1.421325874,1,2,456,34.17693911,43.52012268,5,,0,1.0,2.0
71,5,31,8,7,111,4,10,-1.959124854,12,22,457,2.197923857,24.63667568,5,8.0,0,10.0,22.0
72,5,31,10,4,98,4,5,0.345727915,6,11,458,7.788232725,26.07496008,5,10.0,0,5.0,11.0
73,5,31,10,2,33,4,2,1.114012172,2,4,459,26.54537585,43.04302363,5,,0,2.0,4.0
62,5,31,9,6,107,5,4,-0.166205624,5,9,460,7.970310654,20.95574158,6,9.0,0,4.0,9.0
63,5,31,9,5,24,5,4,-0.166205624,5,9,461,9.464737858,24.88492724,6,9.0,0,4.0,9.0
64,5,31,10,3,112,5,4,-0.166205624,5,9,462,10.88430325,28.61728432,6,,0,4.0,9.0
66,5,31,6,10,51,5,5,-0.831028119,9,14,463,1.598949951,5.353275591,6,6.0,1,5.0,14.0
67,5,31,7,9,59,5,4,-0.166205624,5,9,464,6.916255262,18.18439259,6,7.0,0,4.0,9.0
68,5,31,8,8,38,5,3,0.498616871,3,6,465,7.312365265,15.09832314,6,8.0,0,3.0,6.0
69,5,31,10,1,18,5,1,1.828261862,1,2,466,26.67335661,33.96523452,6,,0,1.0,2.0
71,5,31,8,7,111,5,6,-2.16067311,10,16,467,4.758368508,20.28615552,6,8.0,0,6.0,16.0
72,5,31,10,4,98,5,3,0.498616871,3,6,468,13.95555897,28.81496361,6,10.0,0,3.0,6.0
73,5,31,10,2,33,5,2,0.831028119,2,4,469,21.34853974,34.61641325,6,,0,2.0,4.0
62,5,31,9,6,107,6,1,1.253256627,1,2,470,19.60603052,24.96586517,7,9.0,0,1.0,2.0
63,5,31,9,5,24,6,3,0.147441956,4,7,471,11.31149474,23.35558968,7,9.0,0,3.0,7.0
64,5,31,10,3,112,6,2,0.810930759,3,5,472,17.83865553,28.92517612,7,,0,2.0,5.0
67,5,31,7,9,59,6,6,-0.737209781,8,14,473,1.24880712,5.323987708,7,7.0,1,6.0,14.0
68,5,31,8,8,38,6,5,-0.516046847,7,12,474,3.129059702,10.47607457,7,8.0,0,5.0,12.0
69,5,31,10,1,18,6,1,1.253256627,1,2,475,24.2762061,30.91275859,7,,0,1.0,2.0
71,5,31,8,7,111,6,7,-2.064187386,9,16,476,3.263308904,17.71563853,7,8.0,0,7.0,16.0
72,5,31,10,4,98,6,3,0.147441956,4,7,477,10.08974045,20.83295297,7,10.0,0,3.0,7.0
73,5,31,10,2,33,6,4,-0.294883912,6,10,478,8.12129946,21.35272516,7,,0,4.0,10.0
62,5,31,9,6,107,7,4,-0.050315461,5,9,479,6.872830955,18.07022031,8,9.0,0,4.0,9.0
63,5,31,9,5,24,7,4,-0.050315461,5,9,480,7.579426506,19.92801913,8,9.0,0,4.0,9.0
64,5,31,10,3,112,7,1,1.157255592,1,2,481,23.24066686,29.5941269,8,,0,1.0,2.0
68,5,31,8,8,38,7,5,-0.855362829,7,12,482,1.763686547,5.904812802,8,8.0,1,5.0,12.0
69,5,31,10,1,18,7,1,1.157255592,1,2,483,20.60902848,26.24305954,8,,0,1.0,2.0
71,5,31,8,7,111,7,6,-2.062933882,8,14,484,2.248991319,9.58803161,8,8.0,1,6.0,14.0
72,5,31,10,4,98,7,2,0.553470066,3,5,485,13.89158452,22.52504557,8,10.0,0,2.0,5.0
73,5,31,10,2,33,7,3,0.150946382,4,7,486,10.94073665,22.59006099,8,,0,3.0,7.0
62,5,31,9,6,107,8,4,-1.532848349,6,10,487,3.366907094,8.852356961,9,9.0,1,4.0,10.0
63,5,31,9,5,24,8,3,-0.797081141,5,8,488,4.063708823,8.390607788,9,9.0,1,3.0,8.0
64,5,31,10,3,112,8,2,-0.061313934,3,5,489,15.27195315,24.76329753,9,,0,2.0,5.0
69,5,31,10,1,18,8,1,1.226278679,1,2,490,19.80882025,25.22409291,9,,0,1.0,2.0
72,5,31,10,4,98,8,2,-0.061313934,3,5,491,13.38785882,21.7082601,9,10.0,0,2.0,5.0
73,5,31,10,2,33,8,1,1.226278679,1,2,492,19.38008918,24.6781567,9,,0,1.0,2.0
64,5,31,10,3,112,9,2,-1.0,3,5,493,12.14641255,19.69526916,10,,0,2.0,5.0
69,5,31,10,1,18,9,1,1.0,1,2,494,15.54592655,19.79582281,10,,0,1.0,2.0
72,5,31,10,4,98,9,2,-1.0,3,5,495,9.446799128,15.31787685,10,10.0,1,2.0,5.0
73,5,31,10,2,33,9,1,1.0,1,2,496,16.94822143,21.58147263,10,,0,1.0,2.0
74,6,32,2,13,43,0,7,-0.444400903,9,16,497,7.023608744,38.12930903,1,2.0,0,7.0,16.0
75,6,32,5,10,83,0,5,0.148133634,7,12,498,11.29215226,37.80606329,1,5.0,0,5.0,12.0
76,6,32,8,7,11,0,6,-0.148133634,8,14,499,10.89206861,46.43570531,1,8.0,0,6.0,14.0
77,6,32,11,5,4,0,8,-1.036935441,11,19,500,10.50707986,72.63360564,1,11.0,0,8.0,19.0
78,6,32,11,1,114,0,4,0.444400903,5,9,501,65.33094385,171.7697636,1,,0,4.0,9.0
79,6,32,4,11,1,0,4,0.444400903,5,9,502,22.49953136,59.15633472,1,4.0,0,4.0,9.0
80,6,32,1,14,78,0,9,-1.33320271,12,21,503,1.264282113,11.12900943,1,1.0,1,9.0,21.0
81,6,32,3,12,109,0,9,-1.33320271,12,21,504,2.364980872,20.8180549,1,3.0,0,9.0,21.0
82,6,32,11,2,45,0,2,1.33320271,2,4,505,87.39408112,141.708504,1,,0,2.0,4.0
83,6,32,7,8,72,0,3,0.740668172,4,7,506,26.43382569,54.57966439,1,7.0,0,3.0,7.0
84,6,32,9,6,37,0,9,-1.33320271,12,21,507,8.551086508,75.27206267,1,9.0,0,9.0,21.0
85,6,32,6,9,79,0,7,-0.444400903,9,16,508,6.968851123,37.83204443,1,6.0,0,7.0,16.0
86,6,32,11,4,16,0,1,1.629469979,1,2,509,168.8952103,215.067249,1,11.0,0,1.0,2.0
87,6,32,11,3,9,0,2,1.33320271,2,4,510,92.35294545,149.7492458,1,,0,2.0,4.0
74,6,32,2,13,43,1,6,-0.656217959,9,15,511,1.555684236,6.632284215,2,2.0,1,6.0,15.0
75,6,32,5,10,83,1,5,-0.087495728,7,12,512,7.875620977,26.36753546,2,5.0,0,5.0,12.0
76,6,32,8,7,11,1,7,-0.940579074,10,17,513,6.055939987,32.876092,2,8.0,0,7.0,17.0
77,6,32,11,5,4,1,4,0.196865388,6,10,514,30.16062859,79.29908458,2,11.0,0,4.0,10.0
78,6,32,11,1,114,1,1,1.618670965,1,2,515,170.8465708,217.5520663,2,,0,1.0,2.0
79,6,32,4,11,1,1,7,-0.940579074,10,17,516,5.934423419,32.21641078,2,4.0,0,7.0,17.0
81,6,32,3,12,109,1,5,-0.087495728,7,12,517,5.306408431,17.76582607,2,3.0,0,5.0,12.0
82,6,32,11,2,45,1,1,1.618670965,1,2,518,91.93938165,117.0734792,2,,0,1.0,2.0
83,6,32,7,8,72,1,2,0.765587619,3,5,519,28.57566619,46.33511621,2,7.0,0,2.0,5.0
84,6,32,9,6,37,1,7,-0.940579074,10,17,520,13.58178779,73.73192368,2,9.0,0,7.0,17.0
85,6,32,6,9,79,1,8,-1.793662421,13,21,521,3.612319086,24.97133014,2,6.0,0,8.0,21.0
86,6,32,11,4,16,1,2,0.765587619,3,5,522,77.07912705,124.9829238,2,11.0,0,2.0,5.0
87,6,32,11,3,9,1,3,0.481226503,5,8,523,43.03083092,88.84859639,2,,0,3.0,8.0
75,6,32,5,10,83,2,4,-0.196585351,6,10,524,9.698888507,25.50056203,3,5.0,0,4.0,10.0
76,6,32,8,7,11,2,5,-0.411042097,7,12,525,8.549866261,28.62490494,3,8.0,0,5.0,12.0
77,6,32,11,5,4,2,6,-0.625498843,8,14,526,11.85071849,50.52267766,3,11.0,0,6.0,14.0
78,6,32,11,1,114,2,2,1.090155126,3,5,527,80.39638784,130.3618243,3,,0,2.0,5.0
79,6,32,4,11,1,2,8,-1.054412335,11,19,528,3.362291174,23.24293091,3,4.0,0,8.0,19.0
81,6,32,3,12,109,2,9,-1.483325827,12,21,529,0.811210221,7.140784569,3,3.0,1,9.0,21.0
82,6,32,11,2,45,2,1,1.519068618,1,2,530,69.67367892,88.72084902,3,,0,1.0,2.0
83,6,32,7,8,72,2,3,0.017871396,5,8,531,15.47181677,31.94568113,3,7.0,0,3.0,8.0
84,6,32,9,6,37,2,6,-0.625498843,8,14,532,14.5242331,61.92056184,3,9.0,0,6.0,14.0
85,6,32,6,9,79,2,7,-0.839955589,10,17,533,3.951308374,21.45060517,3,6.0,0,7.0,17.0
86,6,32,11,4,16,2,2,1.090155126,3,5,534,65.24432058,105.7929203,3,11.0,0,2.0,5.0
87,6,32,11,3,9,2,1,1.519068618,1,2,535,74.50096468,94.8678029,3,,0,1.0,2.0
75,6,32,5,10,83,3,5,-0.293235846,6,11,536,6.107418325,20.44760276,4,5.0,0,5.0,11.0
76,6,32,8,7,11,3,7,-1.368433946,10,17,537,3.966050618,21.53063691,4,8.0,0,7.0,17.0
77,6,32,11,5,4,3,7,-1.368433946,10,17,538,6.957648727,37.7712296,4,11.0,0,7.0,17.0
78,6,32,11,1,114,3,1,1.857160355,1,2,539,98.75507325,125.752423,4,,0,1.0,2.0
79,6,32,4,11,1,3,5,-0.293235846,6,11,540,1.726141657,5.779112719,4,4.0,1,5.0,11.0
82,6,32,11,2,45,3,3,0.781962255,3,6,541,26.8822569,55.50556991,4,,0,3.0,6.0
83,6,32,7,8,72,3,4,0.065163521,5,9,542,9.81490855,25.80560485,4,7.0,0,4.0,9.0
84,6,32,9,6,37,3,5,-0.293235846,6,11,543,17.10687111,57.27370985,4,9.0,0,5.0,11.0
85,6,32,6,9,79,3,6,-1.010034579,9,15,544,4.824502256,20.56810079,4,6.0,0,6.0,15.0
86,6,32,11,4,16,3,3,0.781962255,3,6,545,36.84936591,76.08531766,4,11.0,0,3.0,6.0
87,6,32,11,3,9,3,2,1.140361622,2,4,546,45.01799889,72.99617081,4,,0,2.0,4.0
75,6,32,5,10,83,4,4,-0.666666667,8,12,547,2.370187331,6.231756248,5,5.0,1,4.0,12.0
76,6,32,8,7,11,4,3,0.0,4,7,548,11.74210457,24.24469823,5,8.0,0,3.0,7.0
77,6,32,11,5,4,4,5,-1.0,9,14,549,10.05357471,33.6593125,5,11.0,0,5.0,14.0
78,6,32,11,1,114,4,1,1.333333333,1,2,550,82.73302029,105.3503119,5,,0,1.0,2.0
82,6,32,11,2,45,4,2,1.0,3,5,551,30.26283608,49.07084292,5,,0,2.0,5.0
83,6,32,7,8,72,4,3,0.0,4,7,552,11.43704997,23.61483186,5,7.0,0,3.0,7.0
84,6,32,9,6,37,4,6,-2.0,10,16,553,7.869586709,33.55008331,5,9.0,0,6.0,16.0
85,6,32,6,9,79,4,3,0.0,4,7,554,10.74960337,22.1954155,5,6.0,0,3.0,7.0
86,6,32,11,4,16,4,1,1.333333333,1,2,555,60.47005801,77.00117132,5,11.0,0,1.0,2.0
87,6,32,11,3,9,4,3,0.0,4,7,556,23.32950905,48.16997695,5,,0,3.0,7.0
76,6,32,8,7,11,5,7,-0.860277179,7,14,557,3.160414404,17.15705158,6,8.0,0,7.0,14.0
77,6,32,11,5,4,5,8,-1.087997609,8,16,558,4.254102858,29.40786913,6,11.0,0,8.0,16.0
78,6,32,11,1,114,5,1,1.416927118,1,2,559,68.03051281,86.62847935,6,,0,1.0,2.0
82,6,32,11,2,45,5,3,0.733765829,3,6,560,19.23569828,39.71721569,6,,0,3.0,6.0
83,6,32,7,8,72,5,5,0.27832497,5,10,561,5.037940896,16.86699825,6,7.0,0,5.0,10.0
84,6,32,9,6,37,5,9,-1.543438468,9,18,562,3.582396019,31.53451171,6,9.0,0,9.0,18.0
85,6,32,6,9,79,5,6,-0.632556749,6,12,563,1.272829991,5.426403421,6,6.0,1,6.0,12.0
86,6,32,11,4,16,5,4,0.506045399,4,8,564,22.13279078,58.19209117,6,11.0,0,4.0,8.0
87,6,32,11,3,9,5,2,1.189206689,2,4,565,30.40173949,49.29607321,6,,0,2.0,4.0
76,6,32,8,7,11,6,5,-1.496910398,7,12,566,5.17866748,17.33815007,7,8.0,0,5.0,12.0
77,6,32,11,5,4,6,4,-0.136082763,6,10,567,11.39198944,29.95210567,7,11.0,0,4.0,10.0
78,6,32,11,1,114,6,1,0.952579344,1,2,568,57.02076009,72.60891524,7,,0,1.0,2.0
82,6,32,11,2,45,6,3,0.40824829,4,7,569,15.47435433,31.9509206,7,,0,3.0,7.0
83,6,32,7,8,72,6,2,0.680413817,3,5,570,2.715747759,4.403553961,7,7.0,1,2.0,5.0
84,6,32,9,6,37,6,6,-1.769075925,8,14,571,7.172116047,30.5765855,7,9.0,0,6.0,14.0
86,6,32,11,4,16,6,3,0.40824829,4,7,572,22.08843989,45.60745956,7,11.0,0,3.0,7.0
87,6,32,11,3,9,6,1,0.952579344,1,2,573,36.27213315,46.18809426,7,,0,1.0,2.0
76,6,32,8,7,11,7,5,-0.260377822,5,10,574,1.862882931,6.236921745,8,8.0,1,5.0,10.0
77,6,32,11,5,4,7,4,-0.032547228,4,8,575,10.71169939,28.16346993,8,11.0,0,4.0,8.0
78,6,32,11,1,114,7,2,0.878775149,2,4,576,33.55773307,54.41348074,8,,0,2.0,4.0
82,6,32,11,2,45,7,6,-0.71603901,6,12,577,5.200874668,22.17267372,8,,0,6.0,12.0
84,6,32,9,6,37,7,7,-1.855191981,7,14,578,4.85102326,26.33491867,8,9.0,0,7.0,14.0
86,6,32,11,4,16,7,3,0.650944555,3,6,579,20.7309323,42.80452404,8,11.0,0,3.0,6.0
87,6,32,11,3,9,7,1,1.334436338,1,2,580,37.6343412,47.92269843,8,,0,1.0,2.0
77,6,32,11,5,4,8,5,-1.051249179,5,10,581,7.865455006,26.33349984,9,11.0,0,5.0,10.0
78,6,32,11,1,114,8,2,0.906249292,2,4,582,31.2957524,50.74570493,9,,0,2.0,4.0
82,6,32,11,2,45,8,1,1.341248952,1,2,583,25.20913322,32.10072638,9,,0,1.0,2.0
84,6,32,9,6,37,8,6,-1.486248839,6,12,584,2.895542094,12.34444477,9,9.0,1,6.0,12.0
86,6,32,11,4,16,8,3,0.253749802,3,6,585,18.24272544,37.66695914,9,11.0,0,3.0,6.0
87,6,32,11,3,9,8,4,0.036249972,4,8,586,12.50386455,32.8754757,9,,0,4.0,8.0
77,6,32,11,5,4,9,5,-1.897366596,5,10,587,5.696591894,19.07215814,10,11.0,0,5.0,10.0
78,6,32,11,1,114,9,1,0.948683298,1,2,588,36.01569697,45.86155436,10,,0,1.0,2.0
82,6,32,11,2,45,9,4,0.0,4,8,589,8.56963702,22.53150557,10,,0,4.0,8.0
86,6,32,11,4,16,9,2,0.632455532,2,4,590,22.72325286,36.84549487,10,11.0,0,2.0,4.0
87,6,32,11,3,9,9,3,0.316227766,3,6,591,14.38940669,29.71075762,10,,0,3.0,6.0
77,6,32,11,5,4,10,3,-1.971054913,5,8,592,8.171286901,16.87179532,11,11.0,1,3.0,8.0
78,6,32,11,1,114,10,1,0.682288239,1,2,593,38.22054311,48.66915437,11,,0,1.0,2.0
82,6,32,11,2,45,10,1,0.682288239,1,2,594,21.495256,27.37156113,11,,0,1.0,2.0
86,6,32,11,4,16,10,2,0.303239217,3,5,595,17.34815546,28.12983585,11,11.0,1,2.0,5.0
87,6,32,11,3,9,10,2,0.303239217,3,5,596,19.47371488,31.57640618,11,,0,2.0,5.0
88,7,33,2,12,106,0,7,-0.887625365,11,18,597,5.524462779,29.9908432,1,2.0,0,7.0,18.0
89,7,33,3,10,31,0,9,-1.775250729,13,22,598,3.762331177,33.11841459,1,3.0,0,9.0,22.0
90,7,33,3,10,91,0,8,-1.331438047,12,20,599,4.794843052,33.14591153,1,3.0,0,8.0,20.0
91,7,33,9,3,15,0,1,1.775250729,1,2,600,149.1794707,189.9616828,1,,0,1.0,2.0
92,7,33,7,6,28,0,2,1.331438047,2,4,601,82.91587741,134.4471478,1,7.0,0,2.0,4.0
93,7,33,9,5,26,0,4,0.443812682,5,9,602,46.69264619,122.7654818,1,9.0,0,4.0,9.0
94,7,33,9,4,101,0,3,0.887625365,3,6,603,103.6058252,213.9217846,1,9.0,0,3.0,6.0
95,7,33,9,2,40,0,6,-0.443812682,8,14,604,30.56027991,130.2863765,1,,0,6.0,14.0
96,7,33,2,12,7,0,6,-0.443812682,8,14,605,5.349204454,22.80504196,1,2.0,0,6.0,14.0
97,7,33,4,9,13,0,6,-0.443812682,8,14,606,6.963182456,29.68584757,1,4.0,0,6.0,14.0
98,7,33,5,8,88,0,5,0.0,6,11,607,17.60330488,58.93576734,1,5.0,0,5.0,11.0
99,7,33,6,7,48,0,5,0.0,6,11,608,22.56867914,75.55981292,1,6.0,0,5.0,11.0
100,7,33,9,1,54,0,3,0.887625365,3,6,609,68.13004144,140.6725928,1,,0,3.0,6.0
88,7,33,2,12,106,1,5,-0.318606445,9,14,610,2.58931036,8.668996762,2,2.0,1,5.0,14.0
89,7,33,3,10,31,1,7,-1.824746006,12,19,611,5.876924958,31.90426689,2,3.0,0,7.0,19.0
90,7,33,3,10,91,1,7,-1.824746006,12,19,612,5.482023118,29.76044954,2,3.0,0,7.0,19.0
91,7,33,9,3,15,1,1,1.564068005,1,2,613,115.3532953,146.8882145,2,,0,1.0,2.0
92,7,33,7,6,28,1,2,0.810998225,2,4,614,60.15296121,97.53733928,2,7.0,0,2.0,4.0
93,7,33,9,5,26,1,3,0.434463335,5,8,615,44.82255109,92.54807929,2,9.0,0,3.0,8.0
94,7,33,9,4,101,1,2,0.810998225,2,4,616,108.2525046,175.5301992,2,9.0,0,2.0,4.0
95,7,33,9,2,40,1,3,0.434463335,5,8,617,65.29323637,134.8152541,2,,0,3.0,8.0
96,7,33,2,12,7,1,6,-1.071676226,11,17,618,1.842209017,7.853813456,2,2.0,1,6.0,17.0
97,7,33,4,9,13,1,4,0.057928445,8,12,619,9.722693915,25.56315181,2,4.0,0,4.0,12.0
98,7,33,5,8,88,1,3,0.434463335,5,8,620,23.82464296,49.19231261,2,5.0,0,3.0,8.0
99,7,33,6,7,48,1,5,-0.318606445,9,14,621,15.4951789,51.87777323,2,6.0,0,5.0,14.0
100,7,33,9,1,54,1,2,0.810998225,2,4,622,70.00658691,113.5148808,2,,0,2.0,4.0
89,7,33,3,10,31,2,8,-1.427795757,10,18,623,2.090864334,14.4537795,3,3.0,1,8.0,18.0
90,7,33,3,10,91,2,9,-1.911049706,11,20,624,1.75412584,15.44092321,3,3.0,1,9.0,20.0
91,7,33,9,3,15,2,2,1.350914447,2,4,625,61.16137022,99.17246297,3,,0,2.0,4.0
92,7,33,7,6,28,2,7,-0.702914834,9,16,626,8.007574737,43.47099944,3,7.0,0,7.0,16.0
93,7,33,9,5,26,2,5,0.263593063,6,11,627,19.45768604,65.14422521,3,9.0,0,5.0,11.0
94,7,33,9,4,101,2,3,0.505220037,3,6,628,54.61267686,112.7623981,3,9.0,0,3.0,6.0
95,7,33,9,2,40,2,6,-0.219660886,7,13,629,18.73464445,79.87063428,3,,0,6.0,13.0
97,7,33,4,9,13,2,4,0.38440655,5,9,630,8.645881488,22.73196944,3,4.0,0,4.0,9.0
98,7,33,5,8,88,2,6,-0.219660886,7,13,631,7.770197951,33.12636333,3,5.0,0,6.0,13.0
99,7,33,6,7,48,2,3,0.505220037,3,6,632,27.68997405,57.17331682,3,6.0,0,3.0,6.0
100,7,33,9,1,54,2,1,1.471727934,1,2,633,76.92915958,97.95981005,3,,0,1.0,2.0
91,7,33,9,3,15,3,3,-0.324442842,4,7,634,31.19310407,64.40646054,4,,0,3.0,7.0
92,7,33,7,6,28,3,4,-1.784435632,9,13,635,14.01421778,36.84653448,4,7.0,0,4.0,13.0
93,7,33,9,5,26,3,1,1.622214211,1,2,636,58.28279337,74.21595919,4,9.0,0,1.0,2.0
94,7,33,9,4,101,3,2,0.162221421,3,5,637,53.87810233,87.3627273,4,9.0,0,2.0,5.0
95,7,33,9,2,40,3,3,-0.324442842,4,7,638,38.84219969,80.20005308,4,,0,3.0,7.0
97,7,33,4,9,13,3,3,-0.324442842,4,7,639,4.495309945,9.281763109,4,4.0,1,3.0,7.0
98,7,33,5,8,88,3,3,-0.324442842,4,7,640,15.09998262,31.17793063,4,5.0,0,3.0,7.0
99,7,33,6,7,48,3,3,-0.324442842,4,7,641,20.16331625,41.63252974,4,6.0,0,3.0,7.0
100,7,33,9,1,54,3,1,1.622214211,1,2,642,66.74119438,84.98669112,4,,0,1.0,2.0
91,7,33,9,3,15,4,1,1.649915823,1,2,643,51.12481283,65.10115255,5,,0,1.0,2.0
92,7,33,7,6,28,4,4,-1.178511302,6,10,644,13.22858173,34.78092039,5,7.0,0,4.0,10.0
93,7,33,9,5,26,4,3,0.23570226,4,7,645,24.00242649,49.55939401,5,9.0,0,3.0,7.0
94,7,33,9,4,101,4,4,-1.178511302,6,10,646,21.41028655,56.29246484,5,9.0,0,4.0,10.0
95,7,33,9,2,40,4,2,0.707106781,2,4,647,44.95552427,72.89486893,5,,0,2.0,4.0
98,7,33,5,8,88,4,4,-1.178511302,6,10,648,4.198977324,11.04005698,5,5.0,1,4.0,10.0
99,7,33,6,7,48,4,3,0.23570226,4,7,649,16.8572025,34.80617848,5,6.0,0,3.0,7.0
100,7,33,9,1,54,4,2,0.707106781,2,4,650,37.05375622,60.08224233,5,,0,2.0,4.0
91,7,33,9,3,15,5,1,0.946058996,1,2,651,45.79608513,58.31567412,6,,0,1.0,2.0
92,7,33,7,6,28,5,2,0.578147164,3,5,652,21.14280212,34.28281205,6,7.0,0,2.0,5.0
93,7,33,9,5,26,5,3,-0.525588331,5,8,653,18.96432641,39.15689628,6,9.0,0,3.0,8.0
94,7,33,9,4,101,5,3,-0.525588331,5,8,654,24.00706963,49.568981,6,9.0,0,3.0,8.0
95,7,33,9,2,40,5,4,-1.997235659,7,11,655,16.51318666,43.41688641,6,,0,4.0,11.0
99,7,33,6,7,48,5,2,0.578147164,3,5,656,5.93237078,9.619271435,6,6.0,1,2.0,5.0
100,7,33,9,1,54,5,1,0.946058996,1,2,657,41.79749556,53.22396278,6,,0,1.0,2.0
91,7,33,9,3,15,6,1,1.788854382,1,2,658,35.27903528,44.92350642,7,,0,1.0,2.0
92,7,33,7,6,28,6,6,-1.431083506,6,12,659,3.084977008,13.1520548,7,7.0,1,6.0,12.0
93,7,33,9,5,26,6,5,-0.626099034,5,10,660,9.947292566,33.30348048,7,9.0,0,5.0,10.0
94,7,33,9,4,101,6,3,0.178885438,3,6,661,21.55572995,44.50753818,7,9.0,0,3.0,6.0
95,7,33,9,2,40,6,4,-0.357770876,4,8,662,15.98754763,42.03486303,7,,0,4.0,8.0
100,7,33,9,1,54,6,2,0.447213595,2,4,663,25.44501837,41.25880655,7,,0,2.0,4.0
91,7,33,9,3,15,7,1,0.953462589,1,2,664,31.23882711,39.77879892,8,,0,1.0,2.0
93,7,33,9,5,26,7,3,-0.953462589,4,7,665,13.95727534,28.8185075,8,9.0,0,3.0,7.0
94,7,33,9,4,101,7,4,-1.430193884,5,9,666,12.21908347,32.12672213,8,9.0,0,4.0,9.0
95,7,33,9,2,40,7,2,0.476731295,3,5,667,24.6651153,39.99420264,8,,0,2.0,5.0
100,7,33,9,1,54,7,1,0.953462589,1,2,668,30.38633706,38.69325784,8,,0,1.0,2.0
91,7,33,9,3,15,8,1,1.224744871,1,2,669,26.06989918,33.19680581,9,,0,1.0,2.0
93,7,33,9,5,26,8,4,-1.496910398,5,9,670,8.496496272,22.33920207,9,9.0,1,4.0,9.0
94,7,33,9,4,101,8,2,0.544331054,2,4,671,23.51072876,38.12237804,9,9.0,1,2.0,4.0
95,7,33,9,2,40,8,3,-0.816496581,4,7,672,15.30490215,31.6010415,9,,0,3.0,7.0
100,7,33,9,1,54,8,2,0.544331054,2,4,673,17.85715475,28.95517238,9,,0,2.0,4.0
101,8,34,2,13,23,0,6,-1.34687429,13,19,674,9.133895743,38.94015969,1,2.0,0,6.0,19.0
102,8,34,8,8,25,0,4,0.141776241,6,10,675,31.14197826,81.87927386,1,8.0,0,4.0,10.0
103,8,34,11,5,30,0,4,0.141776241,6,10,676,46.03933541,121.0477806,1,11.0,0,4.0,10.0
104,8,34,2,13,10,0,5,-0.850657446,9,14,677,15.68721098,52.52069557,1,2.0,0,5.0,14.0
105,8,34,11,3,58,0,5,-0.850657446,9,14,678,39.9115045,133.6234963,1,,0,5.0,14.0
106,8,34,9,7,6,0,6,-1.34687429,13,19,679,18.16706533,77.45089771,1,9.0,0,6.0,19.0
107,8,34,11,1,92,0,1,1.630426772,1,2,680,229.6193584,292.3919727,1,,0,1.0,2.0
108,8,34,4,11,39,0,2,1.134209928,3,5,681,24.27248318,39.35755413,1,4.0,0,2.0,5.0
109,8,34,3,12,71,0,3,0.637993085,4,7,682,43.40237499,89.61574795,1,3.0,0,3.0,7.0
110,8,34,6,10,95,0,5,-0.850657446,9,14,683,21.75615997,72.83950322,1,6.0,0,5.0,14.0
111,8,34,11,2,2,0,3,0.637993085,4,7,684,155.4878536,321.0460326,1,,0,3.0,7.0
112,8,34,7,9,47,0,4,0.141776241,6,10,685,34.3665439,90.35738308,1,7.0,0,4.0,10.0
113,8,34,10,6,113,0,1,1.630426772,1,2,686,89.91564005,114.4964935,1,10.0,0,1.0,2.0
114,8,34,11,4,29,0,5,-0.850657446,9,14,687,34.01704404,113.8888752,1,11.0,0,5.0,14.0
101,8,34,2,13,23,1,7,-2.176626959,14,21,688,3.518194833,19.09934663,2,2.0,1,7.0,21.0
102,8,34,8,8,25,1,4,-0.38411064,10,14,689,19.95686017,52.47107957,2,8.0,0,4.0,14.0
103,8,34,11,5,30,1,2,0.51214752,5,7,690,69.8621433,113.2806671,2,11.0,0,2.0,7.0
104,8,34,2,13,10,1,5,-0.83223972,11,16,691,5.069801703,16.97366806,2,2.0,1,5.0,16.0
105,8,34,11,3,58,1,1,0.960276599,1,2,692,153.6901868,195.7055243,2,,0,1.0,2.0
106,8,34,9,7,6,1,6,-1.728497879,13,19,693,15.40428769,65.67246217,2,9.0,0,6.0,19.0
107,8,34,11,1,92,1,1,0.960276599,1,2,694,181.0641861,230.5629409,2,,0,1.0,2.0
108,8,34,4,11,39,1,2,0.51214752,5,7,695,16.37990147,26.55982308,2,4.0,0,2.0,7.0
109,8,34,3,12,71,1,2,0.51214752,5,7,696,38.05231716,61.70139748,2,3.0,0,2.0,7.0
110,8,34,6,10,95,1,5,-0.83223972,11,16,697,16.51925389,55.30637062,2,6.0,0,5.0,16.0
111,8,34,11,2,2,1,2,0.51214752,5,7,698,147.4802398,239.1375238,2,,0,2.0,7.0
112,8,34,7,9,47,1,1,0.960276599,1,2,699,81.39943956,103.652161,2,7.0,0,1.0,2.0
113,8,34,10,6,113,1,1,0.960276599,1,2,700,70.44526381,89.70336734,2,10.0,0,1.0,2.0
114,8,34,11,4,29,1,3,0.06401844,9,12,701,45.92815141,94.83088523,2,11.0,0,3.0,12.0
102,8,34,8,8,25,2,4,-0.206372086,8,12,702,17.09113353,44.93643888,3,8.0,0,4.0,12.0
103,8,34,11,5,30,2,4,-0.206372086,8,12,703,25.24929034,66.38607032,3,11.0,0,4.0,12.0
105,8,34,11,3,58,2,1,1.279506932,1,2,704,125.0047012,159.1780912,3,,0,1.0,2.0
106,8,34,9,7,6,2,6,-1.692251104,11,17,705,12.61424395,53.77778415,3,9.0,0,6.0,17.0
107,8,34,11,1,92,2,3,0.28892092,5,8,706,56.93348807,117.5543301,3,,0,3.0,8.0
108,8,34,4,11,39,2,3,0.28892092,5,8,707,9.602576859,19.82707416,3,4.0,0,3.0,8.0
109,8,34,3,12,71,2,6,-1.692251104,11,17,708,3.23830475,13.80573061,3,3.0,1,6.0,17.0
110,8,34,6,10,95,2,3,0.28892092,5,8,709,27.66888621,57.12977534,3,6.0,0,3.0,8.0
111,8,34,11,2,2,2,2,0.784213926,3,5,710,113.3838373,183.8505967,3,,0,2.0,5.0
112,8,34,7,9,47,2,5,-1.196958098,10,15,711,12.18638419,40.79994684,3,7.0,0,5.0,15.0
113,8,34,10,6,113,2,1,1.279506932,1,2,712,52.70225141,67.10982631,3,10.0,0,1.0,2.0
114,8,34,11,4,29,2,2,0.784213926,3,5,713,65.36857342,105.9943949,3,11.0,0,2.0,5.0
102,8,34,8,8,25,3,5,-0.823652691,9,14,714,9.301017652,31.13975564,4,8.0,0,5.0,14.0
103,8,34,11,5,30,3,2,0.775202533,2,4,715,48.24443604,78.2278018,4,11.0,0,2.0,4.0
105,8,34,11,3,58,3,2,0.775202533,2,4,716,70.24072176,113.8945278,4,,0,2.0,4.0
106,8,34,9,7,6,3,6,-2.422507916,11,17,717,9.525350804,40.60903385,4,9.0,0,6.0,17.0
107,8,34,11,1,92,3,4,-0.29070095,8,12,718,31.44507814,82.6761917,4,,0,4.0,12.0
108,8,34,4,11,39,3,3,0.242250792,5,8,719,3.021847425,6.239407803,4,4.0,1,3.0,8.0
110,8,34,6,10,95,3,5,-0.823652691,9,14,720,11.58282485,38.7792335,4,6.0,0,5.0,14.0
111,8,34,11,2,2,3,2,0.775202533,2,4,721,93.79628421,152.0896031,4,,0,2.0,4.0
112,8,34,7,9,47,3,3,0.242250792,5,8,722,20.61649625,42.56824039,4,7.0,0,3.0,8.0
113,8,34,10,6,113,3,1,1.308154274,1,2,723,41.65188085,53.03854037,4,10.0,0,1.0,2.0
114,8,34,11,4,29,3,3,0.242250792,5,8,724,34.70560461,71.65895221,4,11.0,0,3.0,8.0
102,8,34,8,8,25,4,6,-0.663676335,8,14,725,5.883346066,25.08222578,5,8.0,0,6.0,14.0
103,8,34,11,5,30,4,5,-0.375121407,6,11,726,12.84341573,42.9996848,5,11.0,0,5.0,11.0
105,8,34,11,3,58,4,4,0.20198845,5,9,727,24.9272881,65.53945393,5,,0,4.0,9.0
106,8,34,9,7,6,4,7,-2.106450977,10,17,728,5.810067652,31.5413163,5,9.0,0,7.0,17.0
107,8,34,11,1,92,4,2,1.067653235,2,4,729,55.08602106,89.32135373,5,,0,2.0,4.0
110,8,34,6,10,95,4,5,-0.375121407,6,11,730,9.962822564,33.35547483,5,6.0,0,5.0,11.0
111,8,34,11,2,2,4,2,1.067653235,2,4,731,78.64287596,127.5185248,5,,0,2.0,4.0
112,8,34,7,9,47,4,6,-0.663676335,8,14,732,6.3752017,27.17913355,5,7.0,0,6.0,14.0
113,8,34,10,6,113,4,3,0.490543378,4,7,733,16.14478516,33.33520339,5,10.0,0,3.0,7.0
114,8,34,11,4,29,4,1,1.356208164,1,2,734,65.30938114,83.16345331,5,11.0,0,1.0,2.0
102,8,34,8,8,25,5,2,0.506369684,3,5,735,18.85780338,30.57771272,6,8.0,0,2.0,5.0
103,8,34,11,5,30,5,2,0.506369684,3,5,736,27.19005368,44.08836137,6,11.0,0,2.0,5.0
105,8,34,11,3,58,5,1,1.265924209,1,2,737,66.79047214,85.04944028,6,,0,1.0,2.0
106,8,34,9,7,6,5,6,-1.772293892,10,16,738,6.819176197,29.07191165,6,9.0,0,6.0,16.0
107,8,34,11,1,92,5,2,0.506369684,3,5,739,48.40287342,78.48470619,6,,0,2.0,5.0
110,8,34,6,10,95,5,5,-1.519109051,9,14,740,2.817670122,9.43354398,6,6.0,1,5.0,14.0
111,8,34,11,2,2,5,3,0.253184842,6,9,741,37.2552423,76.92335742,6,,0,3.0,9.0
112,8,34,7,9,47,5,4,-0.506369684,7,11,742,9.792376912,25.7463641,6,7.0,0,4.0,11.0
113,8,34,10,6,113,5,1,1.265924209,1,2,743,27.83329557,35.44227393,6,10.0,0,1.0,2.0
114,8,34,11,4,29,5,4,-0.506369684,7,11,744,15.64245446,41.12753538,6,11.0,0,4.0,11.0
102,8,34,8,8,25,6,5,-0.421329358,6,11,745,5.87253031,19.66119899,7,8.0,0,5.0,11.0
103,8,34,11,5,30,6,7,-1.090499514,8,15,746,4.834911764,26.24745362,7,11.0,0,7.0,15.0
105,8,34,11,3,58,6,4,0.247840799,4,8,747,18.83915255,49.53237455,7,,0,4.0,8.0
106,8,34,9,7,6,6,8,-1.75966967,9,17,748,3.932555045,27.18506533,7,9.0,0,8.0,17.0
107,8,34,11,1,92,6,3,0.917010955,3,6,749,29.89104721,61.71801782,7,,0,3.0,6.0
111,8,34,11,2,2,6,1,1.363124392,1,2,750,67.00257935,85.3195327,7,,0,1.0,2.0
112,8,34,7,9,47,6,6,-0.644386076,7,13,751,1.550117229,6.608550627,7,7.0,1,6.0,13.0
113,8,34,10,6,113,6,2,1.140067673,2,4,752,17.07822346,27.69214421,7,10.0,0,2.0,4.0
114,8,34,11,4,29,6,4,0.247840799,4,8,753,16.21773878,42.6400874,7,11.0,0,4.0,8.0
102,8,34,8,8,25,7,6,-0.435153275,7,13,754,1.797925763,7.665022494,8,8.0,1,6.0,13.0
103,8,34,11,5,30,7,5,-0.118678166,6,11,755,7.469924343,25.00926537,8,11.0,0,5.0,11.0
105,8,34,11,3,58,7,2,0.830747161,2,4,756,33.59588928,54.47535059,8,,0,2.0,4.0
106,8,34,9,7,6,7,7,-2.334003928,8,15,757,4.400926122,23.89146068,8,9.0,0,7.0,15.0
107,8,34,11,1,92,7,4,0.197796943,4,8,758,18.62168885,48.96061349,8,,0,4.0,8.0
111,8,34,11,2,2,7,3,0.514272052,3,6,759,26.59620065,54.91493069,8,,0,3.0,6.0
113,8,34,10,6,113,7,1,1.14722227,1,2,760,19.89511656,25.33398063,8,10.0,0,1.0,2.0
114,8,34,11,4,29,7,4,0.197796943,4,8,761,13.12393522,34.50578113,8,11.0,0,4.0,8.0
103,8,34,11,5,30,8,4,-0.583997116,6,10,762,9.143300305,24.03979553,9,11.0,0,4.0,10.0
105,8,34,11,3,58,8,3,0.097332853,5,8,763,18.64513606,38.49784289,9,,0,3.0,8.0
106,8,34,9,7,6,8,5,-2.173767043,7,12,764,3.280806188,10.98412097,9,9.0,1,5.0,12.0
107,8,34,11,1,92,8,1,0.778662821,1,2,765,48.25181106,61.44273863,9,,0,1.0,2.0
111,8,34,11,2,2,8,2,0.324442842,4,6,766,28.49746114,46.20830762,9,,0,2.0,6.0
113,8,34,10,6,113,8,1,0.778662821,1,2,767,16.92592858,21.55308542,9,10.0,0,1.0,2.0
114,8,34,11,4,29,8,1,0.778662821,1,2,768,35.30468654,44.95617014,9,11.0,0,1.0,2.0
103,8,34,11,5,30,9,3,-0.267261242,4,7,769,11.23120774,23.18981581,10,11.0,0,3.0,7.0
105,8,34,11,3,58,9,3,-0.267261242,4,7,770,19.78072,40.84255801,10,,0,3.0,7.0
107,8,34,11,1,92,9,1,1.33630621,1,2,771,44.0873779,56.13984591,10,,0,1.0,2.0
111,8,34,11,2,2,9,2,0.534522484,2,4,772,29.48527483,47.81003624,10,,0,2.0,4.0
113,8,34,10,6,113,9,2,0.534522484,2,4,773,3.763827899,6.103003932,10,10.0,1,2.0,4.0
114,8,34,11,4,29,9,4,-1.870828693,6,10,774,11.92377621,31.35029283,10,11.0,0,4.0,10.0
103,8,34,11,5,30,10,4,-1.568929081,5,9,775,6.874037067,18.07339145,11,11.0,1,4.0,9.0
105,8,34,11,3,58,10,2,0.39223227,2,4,776,25.56691983,41.45646838,11,,0,2.0,4.0
107,8,34,11,1,92,10,2,0.39223227,2,4,777,29.62708489,48.03997962,11,,0,2.0,4.0
111,8,34,11,2,2,10,1,1.372812946,1,2,778,36.84332905,46.91544188,11,,0,1.0,2.0
114,8,34,11,4,29,10,3,-0.588348405,4,7,779,15.78827945,32.59910252,11,11.0,1,3.0,7.0
