celebrity_name,season,week,judge_score,placement,weeks_participated,results,fan_votes,data_source,fan_vote_rank,judge_score_rank,method1_total_rank,method1_pos,judge_share,fan_share,method2_total_share,method2_pos,n_contestants,method1_is_bottom_two,method1_rank_from_bottom,method2_is_bottom_two,method2_rank_from_bottom,both_methods_bottom_two,survived_weeks,remaining_weeks,survival_ratio
Jerry Rice,2,1,21.0,2,8,2nd Place,17.15507186,rank,3.0,5.0,8.0,4.0,0.1076923076923077,0.14468712569173564,0.25237943338404334,3.0,10,0,7.0,0,8.0,0,1,7,0.125
Jerry Rice,2,2,23.0,2,8,2nd Place,13.89182805,rank,3.0,4.0,7.0,3.0,0.115,0.15275497530213217,0.26775497530213216,3.0,9,0,7.0,0,7.0,0,2,6,0.25
Jerry Rice,2,3,19.0,2,8,2nd Place,9.275705861,rank,3.0,7.0,10.0,5.0,0.1043956043956044,0.13337468806485753,0.23777029246046194,5.0,8,0,4.0,0,4.0,0,3,5,0.375
Jerry Rice,2,4,24.0,2,8,2nd Place,8.792593178,rank,3.0,5.0,8.0,4.0,0.1518987341772152,0.16409173939655036,0.31599047357376553,3.0,7,0,4.0,0,5.0,0,4,4,0.5
Jerry Rice,2,5,23.0,2,8,2nd Place,7.299453728,rank,3.0,5.0,8.0,4.0,0.152317880794702,0.18367999212901018,0.3359978729237122,3.0,6,0,3.0,0,4.0,0,5,3,0.625
Jerry Rice,2,6,23.0,2,8,2nd Place,6.743860366,rank,3.0,4.5,7.5,4.0,0.17293233082706766,0.21009889503612236,0.38303122586319005,3.0,5,1,2.0,0,3.0,0,6,2,0.75
Jerry Rice,2,7,20.5,2,8,2nd Place,6.52613585,rank,3.0,4.0,7.0,3.5,0.20098039215686275,0.25649441165055925,0.457474803807422,3.0,4,1,1.5,1,2.0,1,7,1,0.875
Jerry Rice,2,8,26.666600000000003,2,8,2nd Place,5.107080631,rank,3.0,3.0,6.0,3.0,0.31620636785880724,0.28732971194548207,0.6035360798042892,3.0,3,1,1.0,1,1.0,1,8,0,1.0
Jerry Springer,3,1,16.0,5,7,Eliminated Week 7,2.392446275,pct,6.0,9.0,15.0,7.5,0.07547169811320754,0.09217843405013892,0.16765013216334645,9.0,11,0,4.5,0,3.0,0,1,6,0.14285714285714285
Jerry Springer,3,2,19.0,5,7,Eliminated Week 7,2.237122896,pct,4.0,10.0,14.0,7.0,0.08260869565217391,0.10237878439605355,0.18498748004822746,9.0,10,0,4.0,1,2.0,0,2,5,0.2857142857142857
Jerry Springer,3,3,21.0,5,7,Eliminated Week 7,2.078905713,pct,5.0,8.0,13.0,8.0,0.10144927536231885,0.11324849850810963,0.2146977738704285,7.0,9,1,2.0,0,3.0,0,3,4,0.42857142857142855
Jerry Springer,3,4,22.0,5,7,Eliminated Week 7,1.941765561,pct,4.0,7.0,11.0,7.0,0.1111111111111111,0.12823486832997877,0.23934597944108987,6.0,8,1,2.0,0,3.0,0,4,3,0.5714285714285714
Jerry Springer,3,5,24.0,5,7,Eliminated Week 7,1.862149677,pct,2.0,6.5,8.5,5.0,0.13259668508287292,0.1517893253358811,0.284386010418754,5.0,7,0,3.0,0,3.0,0,5,2,0.7142857142857143
Jerry Springer,3,6,18.0,5,7,Eliminated Week 7,1.606278141,pct,5.0,5.0,10.0,5.0,0.15254237288135594,0.19526765898093693,0.34781003186229287,5.0,5,1,1.0,1,1.0,1,6,1,0.8571428571428571
Jerry Springer,3,7,23.0,5,7,Eliminated Week 7,1.400107268,pct,5.0,5.0,10.0,5.0,0.17037037037037037,0.1836300909911166,0.354000461361487,5.0,5,1,1.0,1,1.0,1,7,0,1.0
Clyde Drexler,4,1,16.0,8,5,Eliminated Week 5,2.362698886,pct,3.0,9.0,12.0,5.0,0.07766990291262135,0.09344614468633726,0.1711160475989586,9.0,11,0,7.0,0,3.0,0,1,4,0.2
Clyde Drexler,4,2,18.0,8,5,Eliminated Week 5,2.221964622,pct,3.0,11.0,14.0,7.0,0.07346938775510205,0.09515726049507825,0.1686266482501803,9.0,11,0,5.0,0,3.0,0,2,3,0.4
Clyde Drexler,4,3,16.0,8,5,Eliminated Week 5,2.082738653,pct,3.0,10.0,13.0,7.0,0.07339449541284404,0.10529563157198304,0.17869012698482709,9.0,10,0,4.0,1,2.0,0,3,2,0.6
Clyde Drexler,4,4,15.0,8,5,Eliminated Week 5,1.961051356,pct,1.0,9.0,10.0,5.0,0.07894736842105263,0.11729006011298958,0.1962374285340422,8.0,9,0,5.0,1,2.0,0,4,1,0.8
Clyde Drexler,4,5,13.0,8,5,Eliminated Week 5,1.598376462,pct,7.0,8.0,15.0,8.0,0.07386363636363637,0.11631523378235581,0.19017887014599216,8.0,8,1,1.0,1,1.0,1,5,0,1.0
Billy Ray Cyrus,4,1,13.0,5,8,Eliminated Week 8,2.324107273,pct,7.0,11.0,18.0,11.0,0.06310679611650485,0.09191982346383801,0.15502661958034286,11.0,11,1,1.0,1,1.0,1,1,7,0.125
Billy Ray Cyrus,4,2,21.0,5,8,Eliminated Week 8,2.173022797,pct,7.0,7.5,14.5,8.0,0.08571428571428572,0.09306129103430548,0.17877557674859118,7.0,11,0,4.0,0,5.0,0,2,6,0.25
Billy Ray Cyrus,4,3,21.0,5,8,Eliminated Week 8,2.011132475,pct,8.0,7.0,15.0,8.0,0.0963302752293578,0.10167548570005362,0.1980057609294114,7.0,10,0,3.0,0,4.0,0,3,5,0.375
Billy Ray Cyrus,4,4,21.0,5,8,Eliminated Week 8,1.866758865,pct,7.0,5.5,12.5,8.0,0.11052631578947368,0.11165044649259363,0.2221767622820673,6.0,9,1,2.0,0,4.0,0,4,4,0.5
Billy Ray Cyrus,4,5,17.0,5,8,Eliminated Week 8,1.750306966,pct,3.0,7.0,10.0,5.0,0.09659090909090909,0.12737134760257493,0.22396225669348402,7.0,8,0,4.0,1,2.0,0,5,3,0.625
Billy Ray Cyrus,4,6,21.0,5,8,Eliminated Week 8,1.629085693,pct,4.0,6.0,10.0,6.0,0.12352941176470589,0.14708268676798794,0.27061209853269386,5.0,7,1,2.0,0,3.0,0,6,2,0.75
Billy Ray Cyrus,4,7,19.0,5,8,Eliminated Week 8,1.609280209,pct,1.0,6.0,7.0,4.0,0.12297734627831715,0.18000962336144796,0.3029869696397651,5.0,6,0,3.0,1,2.0,0,7,1,0.875
Billy Ray Cyrus,4,8,19.0,5,8,Eliminated Week 8,1.301370445,pct,5.0,5.0,10.0,5.0,0.15139442231075698,0.18628416320688795,0.33767858551764496,5.0,5,1,1.0,1,1.0,1,8,0,1.0
Michael Irvin,9,1,19.0,7,7,Eliminated Week 7,2.429494714,pct,3.0,14.0,17.0,11.0,0.046798213983109294,0.06513480983738426,0.11193302382049355,12.0,16,0,6.0,0,5.0,0,1,6,0.14285714285714285
Michael Irvin,9,2,20.0,7,7,Eliminated Week 7,2.221061541,pct,5.0,7.5,12.5,5.5,0.06802721088435375,0.07327412624912694,0.1413013371334807,7.0,14,0,9.5,0,8.0,0,2,5,0.2857142857142857
Michael Irvin,9,3,14.0,7,7,Eliminated Week 7,2.132746846,pct,1.0,13.0,14.0,7.5,0.05426356589147287,0.08140368181641135,0.13566724770788421,11.0,13,0,6.5,0,3.0,0,3,4,0.42857142857142855
Michael Irvin,9,4,16.0,7,7,Eliminated Week 7,1.959011074,pct,3.0,10.5,13.5,8.5,0.06611570247933884,0.09468871071083712,0.16080441319017597,10.0,11,0,3.5,1,2.0,0,4,3,0.5714285714285714
Michael Irvin,9,5,21.0,7,7,Eliminated Week 7,1.807277424,pct,3.0,10.0,13.0,8.0,0.08677685950413223,0.10408310005308909,0.19085995955722132,9.0,10,0,3.0,1,2.0,0,5,2,0.7142857142857143
Michael Irvin,9,6,21.9998,7,7,Eliminated Week 7,1.767341833,pct,1.0,9.0,10.0,6.0,0.08461490828237482,0.12253122635273027,0.2071461346351051,7.0,9,0,4.0,0,3.0,0,6,1,0.8571428571428571
Michael Irvin,9,7,23.5,7,7,Eliminated Week 7,1.297890119,pct,7.0,6.0,13.0,6.5,0.1339031339031339,0.12602260757304634,0.25992574147618025,6.0,7,1,1.5,1,2.0,1,7,0,1.0
Bristol Palin,11,1,18.0,3,10,3rd Place,2.489022089,pct,1.0,7.5,8.5,2.0,0.07929515418502203,0.08694659427642892,0.16624174846145096,7.0,12,0,11.0,0,6.0,0,1,9,0.1
Bristol Palin,11,2,22.0,3,10,3rd Place,2.307523682,pct,1.0,3.5,4.5,1.0,0.09954751131221719,0.09438183448694464,0.19392934579916182,3.0,11,0,11.0,0,9.0,0,2,8,0.2
Bristol Palin,11,3,19.0,3,10,3rd Place,2.178838829,pct,1.0,9.0,10.0,5.5,0.08597285067873303,0.10549198099467817,0.19146483167341122,8.0,10,0,5.5,0,3.0,0,3,7,0.3
Bristol Palin,11,4,16.0,3,10,3rd Place,2.027034976,pct,1.0,8.0,9.0,5.0,0.0893854748603352,0.11779596634019338,0.20718144120052856,7.0,9,0,5.0,0,3.0,0,4,6,0.4
Bristol Palin,11,5,18.0,3,10,3rd Place,1.911997397,pct,1.0,8.0,9.0,6.5,0.0989010989010989,0.13538526047926583,0.23428635938036474,7.0,8,0,2.5,1,2.0,0,5,5,0.5
Bristol Palin,11,6,27.9998,3,10,3rd Place,1.759206296,pct,2.0,6.0,8.0,4.5,0.13526519171803963,0.15349804742025136,0.288763239138291,4.0,7,0,3.5,0,4.0,0,6,4,0.6
Bristol Palin,11,7,32.5,3,10,3rd Place,1.650947969,pct,1.0,6.0,7.0,4.5,0.15587529976019185,0.18077572786354543,0.3366510276237373,5.0,6,0,2.5,1,2.0,0,7,3,0.7
Bristol Palin,11,8,23.5,3,10,3rd Place,1.565760648,pct,1.0,5.0,6.0,4.0,0.17735849056603772,0.2206099804907752,0.39796847105681293,4.0,5,1,2.0,1,2.0,1,8,2,0.8
Bristol Palin,11,9,26.5,3,10,3rd Place,1.487137011,pct,1.0,4.0,5.0,3.0,0.2324561403508772,0.28064812047848814,0.5131042608293653,3.0,4,1,2.0,1,2.0,1,9,1,0.9
Bristol Palin,11,10,25.666600000000003,3,10,3rd Place,1.315655027,pct,1.0,3.0,4.0,2.0,0.3092368897274451,0.34579641047229576,0.6550333001997408,3.0,3,1,2.0,1,1.0,1,10,0,1.0
Kirstie Alley,12,1,23.0,2,10,2nd Place,2.3482428,pct,10.0,2.0,12.0,7.0,0.1111111111111111,0.08997991366509617,0.20109102477620727,2.0,11,0,5.0,0,10.0,0,1,9,0.1
Kirstie Alley,12,2,20.0,2,10,2nd Place,2.194900033,pct,9.0,5.0,14.0,8.0,0.09259259259259259,0.09092365402828508,0.18351624662087768,5.0,11,0,4.0,0,7.0,0,2,8,0.2
Kirstie Alley,12,3,21.0,2,10,2nd Place,2.035687368,pct,8.0,6.0,14.0,8.0,0.09813084112149532,0.10002765982681366,0.198158500948309,7.0,10,0,3.0,0,4.0,0,3,7,0.3
Kirstie Alley,12,4,22.0,2,10,2nd Place,1.897525122,pct,7.0,7.0,14.0,8.0,0.10679611650485436,0.11220946396186703,0.2190055804667214,6.0,9,1,2.0,0,4.0,0,4,6,0.4
Kirstie Alley,12,5,23.0,2,10,2nd Place,1.750970314,pct,7.0,5.0,12.0,7.0,0.11855670103092783,0.12558710003353493,0.24414380106446276,6.0,8,1,2.0,0,3.0,0,5,5,0.5
Kirstie Alley,12,6,26.0,2,10,2nd Place,1.622553872,pct,6.0,4.0,10.0,5.5,0.14444444444444443,0.14194593801808195,0.28639038246252635,5.0,7,0,2.5,0,3.0,0,6,4,0.6
Kirstie Alley,12,7,30.0,2,10,2nd Place,1.54885275,pct,4.0,5.5,9.5,5.0,0.15915119363395225,0.17118699930463388,0.33033819293858613,5.0,6,1,2.0,1,2.0,1,7,3,0.7
Kirstie Alley,12,8,26.5,2,10,2nd Place,1.411674694,pct,4.0,3.0,7.0,4.0,0.20384615384615384,0.2031043304039956,0.40695048425014946,3.0,5,1,2.0,0,3.0,0,8,2,0.8
Kirstie Alley,12,9,27.0,2,10,2nd Place,1.322610439,pct,3.0,3.0,6.0,3.0,0.2297872340425532,0.25320066435906985,0.48298789840162304,3.0,4,1,2.0,1,2.0,1,9,1,0.9
Kirstie Alley,12,10,27.9999,2,10,2nd Place,1.181511167,pct,3.0,3.0,6.0,3.0,0.32061039857740076,0.31989476571579595,0.6405051642931967,3.0,3,1,1.0,1,1.0,1,10,0,1.0
Kirstie Alley,15,1,19.0,7,8,Eliminated Week 8,2.36723283,pct,10.0,12.0,22.0,12.0,0.06871609403254973,0.07630558851238788,0.1450216825449376,12.0,13,1,2.0,1,2.0,1,1,7,0.125
Kirstie Alley,15,2,21.0,7,8,Eliminated Week 8,2.213758291,pct,11.0,11.0,22.0,12.0,0.07608695652173914,0.08270822188663227,0.1587951784083714,10.0,12,1,1.0,0,3.0,0,2,6,0.25
Kirstie Alley,15,3,24.0,7,8,Eliminated Week 8,2.095598571,pct,9.0,9.5,18.5,10.0,0.08633093525179857,0.09213884353815889,0.17846977878995746,8.0,11,1,2.0,0,4.0,0,3,5,0.375
Kirstie Alley,15,4,30.0,7,8,Eliminated Week 8,1.949192409,pct,5.0,9.0,14.0,8.0,0.09331259720062209,0.11286383981579401,0.20617643701641608,8.0,9,1,2.0,1,2.0,1,4,4,0.5
Kirstie Alley,15,5,26.25,7,8,Eliminated Week 8,1.711967031,pct,8.0,7.0,15.0,8.0,0.11811023622047244,0.1204321426888067,0.23854237890927915,8.0,8,1,1.0,1,1.0,1,5,3,0.625
Kirstie Alley,15,6,27.5,7,8,Eliminated Week 8,1.645978301,pct,7.0,5.5,12.5,8.0,0.12168141592920353,0.12567855893814828,0.2473599748673518,6.0,8,1,1.0,0,3.0,0,6,2,0.75
Kirstie Alley,15,7,27.9999,7,8,Eliminated Week 8,1.461462381,pct,7.0,7.0,14.0,7.0,0.11570240079206841,0.1367025618645998,0.25240496265666823,7.0,7,1,1.0,1,1.0,1,7,1,0.875
Kirstie Alley,15,8,25.5,7,8,Eliminated Week 8,1.237868619,pct,6.0,7.0,13.0,7.0,0.127962327890669,0.12542660512396805,0.25338893301463705,7.0,7,1,1.0,1,1.0,1,8,0,1.0
Bristol Palin,15,1,19.5,9,4,Eliminated Week 4,2.464293936,pct,2.0,11.0,13.0,8.5,0.0705244122965642,0.07943426462786456,0.14995867692442877,11.0,13,0,5.5,0,3.0,0,1,3,0.25
Bristol Palin,15,2,18.0,9,4,Eliminated Week 4,2.326418966,pct,2.0,12.0,14.0,7.0,0.06521739130434782,0.08691733728268963,0.15213472858703747,11.0,12,0,6.0,1,2.0,0,2,2,0.5
Bristol Palin,15,3,22.5,9,4,Eliminated Week 4,2.188334706,pct,1.0,11.0,12.0,6.0,0.08093525179856115,0.09621624669701921,0.17715149849558037,9.0,11,0,6.0,0,3.0,0,3,1,0.75
Bristol Palin,15,4,32.0,9,4,Eliminated Week 4,1.649682331,pct,9.0,8.0,17.0,9.0,0.09953343701399689,0.09552134591394752,0.19505478292794443,9.0,9,1,1.0,1,1.0,1,4,0,1.0
Bill Engvall,17,1,18.0,4,11,Eliminated Week 11,2.435264592,pct,3.0,10.0,13.0,7.0,0.0703125,0.08446627283866788,0.15477877283866787,10.0,12,0,6.0,0,3.0,0,1,10,0.09090909090909091
Bill Engvall,17,2,21.0,4,11,Eliminated Week 11,2.286533986,pct,3.0,8.0,11.0,5.0,0.07894736842105263,0.08552180412096612,0.16446917254201876,8.0,12,0,8.0,0,5.0,0,2,9,0.18181818181818182
Bill Engvall,17,3,24.0,4,11,Eliminated Week 11,2.111884365,pct,3.0,7.0,10.0,4.5,0.09411764705882353,0.09287410745655247,0.186991754515376,6.0,11,0,7.5,0,6.0,0,3,8,0.2727272727272727
Bill Engvall,17,4,21.0,4,11,Eliminated Week 11,1.97718055,pct,2.0,8.5,10.5,6.0,0.08860759493670886,0.1029717283923274,0.19157932332903627,8.0,10,0,5.0,0,3.0,0,4,7,0.36363636363636365
Bill Engvall,17,5,24.0,4,11,Eliminated Week 11,1.857936649,pct,1.0,8.0,9.0,4.0,0.10212765957446808,0.11566149658136861,0.2177891561558367,7.0,9,0,6.0,0,3.0,0,5,6,0.45454545454545453
Bill Engvall,17,6,23.9999,4,11,Eliminated Week 11,1.673841977,pct,4.0,8.0,12.0,7.0,0.10389603080876471,0.12571558372759234,0.22961161453635703,8.0,8,1,2.0,1,1.0,1,6,5,0.5454545454545454
Bill Engvall,17,7,25.0,4,11,Eliminated Week 11,1.614904752,pct,1.0,8.0,9.0,5.0,0.11286681715575621,0.1314519949011226,0.24431881205687883,7.0,8,0,4.0,1,2.0,0,7,4,0.6363636363636364
Bill Engvall,17,8,24.0,4,11,Eliminated Week 11,1.5211992,pct,1.0,7.0,8.0,4.0,0.125,0.15288472336720035,0.2778847233672004,6.0,7,0,4.0,1,2.0,0,8,3,0.7272727272727273
Bill Engvall,17,9,21.0,4,11,Eliminated Week 11,1.494405149,pct,1.0,6.0,7.0,3.0,0.13333333333333333,0.18878959696681816,0.3221229303001515,5.0,6,0,4.0,1,2.0,0,9,2,0.8181818181818182
Bill Engvall,17,10,30.0,4,11,Eliminated Week 11,1.368478844,pct,1.0,5.0,6.0,4.0,0.17142857142857143,0.2194082851092454,0.39083685653781686,4.0,5,1,2.0,1,2.0,1,10,1,0.9090909090909091
Bill Engvall,17,11,25.4999,4,11,Eliminated Week 11,1.185556246,pct,3.0,4.0,7.0,4.0,0.22270771724567986,0.24887517160089365,0.4715828888465735,4.0,4,1,1.0,1,1.0,1,11,0,1.0
Tommy Chong,19,1,27.0,5,10,Eliminated Week 10,2.410975569,pct,8.0,9.0,17.0,9.0,0.07258064516129033,0.0771827418033391,0.14976338696462943,9.0,13,0,5.0,0,5.0,0,1,9,0.1
Tommy Chong,19,2,28.0,5,10,Eliminated Week 10,2.24472275,pct,6.0,9.5,15.5,9.0,0.07734806629834254,0.08384125628511997,0.16118932258346252,8.0,12,0,4.0,0,5.0,0,2,8,0.2
Tommy Chong,19,3,34.0,5,10,Eliminated Week 10,2.073537566,pct,8.0,3.0,11.0,5.0,0.09631728045325778,0.09065268927266117,0.18696996972591895,3.0,11,0,7.0,0,9.0,0,3,7,0.3
Tommy Chong,19,4,28.0,5,10,Eliminated Week 10,1.946008015,pct,6.0,8.0,14.0,8.5,0.0875,0.10091305621859786,0.18841305621859786,7.0,10,0,2.5,0,4.0,0,4,6,0.4
Tommy Chong,19,5,23.0,5,10,Eliminated Week 10,1.75871635,pct,8.0,8.0,16.0,9.0,0.08712121212121213,0.1083647664304343,0.19548597855164643,8.0,9,1,1.0,1,2.0,1,5,5,0.5
Tommy Chong,19,6,28.0,5,10,Eliminated Week 10,1.701747521,pct,6.0,8.5,14.5,8.5,0.09556313993174062,0.11360616467747614,0.20916930460921676,8.0,9,1,1.5,1,2.0,1,6,4,0.6
Tommy Chong,19,7,30.0,5,10,Eliminated Week 10,1.563668435,pct,5.0,6.0,11.0,7.0,0.11605415860735009,0.12625386946813927,0.24230802807548935,6.0,8,1,2.0,0,3.0,0,7,3,0.7
Tommy Chong,19,8,29.0,5,10,Eliminated Week 10,1.478980394,pct,3.0,6.0,9.0,5.0,0.11693548387096774,0.14599357818132455,0.2629290620522923,6.0,7,0,3.0,1,2.0,0,8,2,0.8
Tommy Chong,19,9,28.5,5,10,Eliminated Week 10,1.453197766,pct,1.0,6.0,7.0,4.5,0.13317757009345793,0.18137643624840538,0.3145540063418633,5.0,6,0,2.5,1,2.0,0,9,1,0.9
Tommy Chong,19,10,31.0,5,10,Eliminated Week 10,1.127575225,pct,5.0,5.0,10.0,5.0,0.16986301369863013,0.17783472173695922,0.34769773543558935,5.0,5,1,1.0,1,1.0,1,10,0,1.0
Michael Waltrip,19,1,25.0,7,8,Eliminated Week 8,2.500635686,pct,2.0,10.5,12.5,6.0,0.06720430107526881,0.08005303785670743,0.14725733893197623,10.0,13,0,8.0,0,4.0,0,1,7,0.125
Michael Waltrip,19,2,24.0,7,8,Eliminated Week 8,2.349585461,pct,2.0,12.0,14.0,8.0,0.06629834254143646,0.08775791878952212,0.15405626133095857,11.0,12,0,5.0,1,2.0,0,2,6,0.25
Michael Waltrip,19,3,28.0,7,8,Eliminated Week 8,2.177589847,pct,2.0,10.0,12.0,6.5,0.07932011331444759,0.09520173591269904,0.17452184922714664,8.0,11,0,5.5,0,4.0,0,3,5,0.375
Michael Waltrip,19,4,25.0,7,8,Eliminated Week 8,2.046162387,pct,1.0,9.0,10.0,5.0,0.078125,0.10610670583065988,0.1842317058306599,8.0,10,0,6.0,0,3.0,0,4,4,0.5
Michael Waltrip,19,5,20.0,7,8,Eliminated Week 8,1.863088446,pct,2.0,9.0,11.0,5.0,0.07575757575757576,0.11479573968254221,0.19055331544011797,9.0,9,0,5.0,1,1.0,0,5,3,0.625
Michael Waltrip,19,6,30.0,7,8,Eliminated Week 8,1.768243521,pct,1.0,7.0,8.0,4.0,0.10238907849829351,0.1180453399565177,0.2204344184548112,5.0,9,0,6.0,0,5.0,0,6,2,0.75
Michael Waltrip,19,7,28.0,7,8,Eliminated Week 8,1.659173969,pct,1.0,8.0,9.0,5.0,0.10831721470019343,0.13396518662030837,0.2422824013205018,7.0,8,0,4.0,1,2.0,0,7,1,0.875
Michael Waltrip,19,8,25.0,7,8,Eliminated Week 8,1.332043895,pct,7.0,7.0,14.0,7.0,0.10080645161290322,0.13148913624181457,0.2322955878547178,7.0,7,1,1.0,1,1.0,1,8,0,1.0
Bobby Bones,27,1,20.0,1,9,1st Place,2.49078733,pct,5.0,6.0,11.0,4.0,0.0784313725490196,0.07756357418389884,0.15599494673291844,6.0,13,0,10.0,0,8.0,0,1,8,0.1111111111111111
Bobby Bones,27,2,19.5,1,9,1st Place,2.335610134,pct,5.0,10.0,15.0,8.0,0.07208872458410351,0.08475638032814248,0.156845104912246,10.0,12,0,5.0,0,3.0,0,2,7,0.2222222222222222
Bobby Bones,27,3,23.0,1,9,1st Place,2.167561576,pct,5.0,8.0,13.0,7.5,0.08487084870848709,0.09219738989043821,0.1770682385989253,8.0,11,0,4.5,0,4.0,0,3,6,0.3333333333333333
Bobby Bones,27,4,20.0,1,9,1st Place,2.042724705,pct,3.0,9.0,12.0,6.0,0.08620689655172414,0.10299476523333242,0.18920166178505657,8.0,10,0,5.0,0,3.0,0,4,5,0.4444444444444444
Bobby Bones,27,5,21.0,1,9,1st Place,1.838480668,pct,6.0,8.0,14.0,8.0,0.0945945945945946,0.11013756842503628,0.20473216301963088,8.0,9,1,2.0,1,2.0,1,5,4,0.5555555555555556
Bobby Bones,27,6,22.0,1,9,1st Place,1.760640505,pct,4.0,7.5,11.5,6.0,0.09606986899563319,0.11418264436136578,0.21025251335699896,7.0,9,0,4.0,0,3.0,0,6,3,0.6666666666666666
Bobby Bones,27,7,26.5,1,9,1st Place,1.6609059,pct,4.0,6.5,10.5,6.0,0.12183908045977011,0.13061338150113555,0.25245246196090565,5.0,8,0,3.0,0,4.0,0,7,2,0.7777777777777778
Bobby Bones,27,8,22.5,1,9,1st Place,1.680869021,pct,1.0,6.0,7.0,4.0,0.13975155279503104,0.1889975191655781,0.32874907196060915,4.0,6,0,3.0,0,3.0,0,8,1,0.8888888888888888
Bobby Bones,27,9,27.0,1,9,1st Place,1.360459515,pct,4.0,4.0,8.0,4.0,0.23376623376623376,0.24190589681616564,0.47567213058239943,4.0,4,1,1.0,1,1.0,1,9,0,1.0
Joe Amabile,27,1,14.0,6,8,Eliminated Week 8,2.57282477,pct,2.0,13.0,15.0,8.5,0.054901960784313725,0.08011823510844159,0.13502019589275532,13.0,13,0,5.5,1,1.0,0,1,7,0.125
Joe Amabile,27,2,17.5,6,8,Eliminated Week 8,2.390267419,pct,2.0,12.0,14.0,7.0,0.06469500924214418,0.08673982506822413,0.1514348343103683,11.0,12,0,6.0,1,2.0,0,2,6,0.25
Joe Amabile,27,3,18.0,6,8,Eliminated Week 8,2.241465742,pct,2.0,11.0,13.0,7.5,0.06642066420664207,0.09534090898704618,0.16176157319368825,10.0,11,0,4.5,1,2.0,0,3,5,0.375
Joe Amabile,27,4,15.0,6,8,Eliminated Week 8,2.141312311,pct,1.0,10.0,11.0,4.0,0.06465517241379311,0.10796558059089491,0.17262075300468802,10.0,10,0,7.0,1,1.0,0,4,4,0.5
Joe Amabile,27,5,17.0,6,8,Eliminated Week 8,1.890047612,pct,3.0,9.0,12.0,6.0,0.07657657657657657,0.11322678112230572,0.1898033576988823,9.0,9,0,4.0,1,1.0,0,5,3,0.625
Joe Amabile,27,6,22.0,6,8,Eliminated Week 8,1.791978726,pct,2.0,7.5,9.5,4.5,0.09606986899563319,0.11621501890528829,0.21228488790092148,6.0,9,0,5.5,0,4.0,0,6,2,0.75
Joe Amabile,27,7,23.5,6,8,Eliminated Week 8,1.736722866,pct,1.0,8.0,9.0,4.5,0.10804597701149425,0.1365756159085253,0.24462159292001956,6.0,8,0,4.5,0,3.0,0,7,1,0.875
Joe Amabile,27,8,23.0,6,8,Eliminated Week 8,1.393105351,pct,5.0,5.0,10.0,6.0,0.14285714285714285,0.15664126828790662,0.2994984111450495,6.0,6,1,1.0,1,1.0,1,8,0,1.0
Sean Spicer,28,1,12.0,6,9,Eliminated Week 9,18.15575945,rank,6.0,11.0,17.0,8.0,0.06091370558375635,0.07375703989424098,0.13467074547799734,7.0,12,0,5.0,0,6.0,0,1,8,0.1111111111111111
Sean Spicer,28,2,16.0,6,9,Eliminated Week 9,16.72308435,rank,6.0,9.0,15.0,8.0,0.0730593607305936,0.08269166079482922,0.1557510215254228,7.0,12,0,5.0,0,6.0,0,2,7,0.2222222222222222
Sean Spicer,28,3,15.0,6,9,Eliminated Week 9,12.17604132,rank,6.0,9.0,15.0,8.0,0.07575757575757576,0.08741824941106287,0.16317582516863863,7.0,10,0,3.0,0,4.0,0,3,6,0.3333333333333333
Sean Spicer,28,4,21.0,6,9,Eliminated Week 9,10.74167741,rank,5.0,9.0,14.0,7.5,0.07446808510638298,0.08206640430909451,0.15653448941547748,6.0,10,0,3.5,0,5.0,0,4,5,0.4444444444444444
Sean Spicer,28,5,19.0,6,9,Eliminated Week 9,8.178404367,rank,6.0,9.0,15.0,8.0,0.08837209302325581,0.09268790268241729,0.1810599957056731,6.0,9,1,2.0,0,4.0,0,5,4,0.5555555555555556
Sean Spicer,28,6,21.0,6,9,Eliminated Week 9,7.917661398,rank,6.0,9.0,15.0,9.0,0.09210526315789473,0.10881465055992885,0.20091991371782358,7.0,9,1,1.0,0,3.0,0,6,3,0.6666666666666666
Sean Spicer,28,7,21.0,6,9,Eliminated Week 9,7.260511569,rank,6.0,8.0,14.0,7.0,0.10396039603960396,0.10858249326084497,0.21254288930044893,6.0,8,1,2.0,0,3.0,0,7,2,0.7777777777777778
Sean Spicer,28,8,20.0,6,9,Eliminated Week 9,7.104847822,rank,5.0,7.0,12.0,6.5,0.1036273725486945,0.134338706384795,0.2379660789334895,6.0,7,1,1.5,1,2.0,1,8,1,0.8888888888888888
Sean Spicer,28,9,25.0,6,9,Eliminated Week 9,3.335476088,rank,6.0,6.0,12.0,6.0,0.11990407673860912,0.07558917168466178,0.1954932484232709,6.0,6,1,1.0,1,1.0,1,9,0,1.0
Nelly,29,1,16.0,3,11,3rd Place,35.81352993,rank,5.0,12.0,17.0,9.0,0.06153846153846154,0.07898486000886172,0.14052332154732328,5.0,15,0,7.0,0,11.0,0,1,10,0.09090909090909091
Nelly,29,2,18.0,3,11,3rd Place,38.90047762,rank,3.0,8.5,11.5,5.0,0.06593406593406594,0.11156757994854481,0.17750164588261075,4.0,15,0,11.0,0,12.0,0,2,9,0.18181818181818182
Nelly,29,3,18.0,3,11,3rd Place,22.36948676,rank,4.0,11.5,15.5,7.0,0.06405693950177936,0.08931066544036938,0.15336760494214874,4.0,14,0,8.0,0,11.0,0,3,8,0.2727272727272727
Nelly,29,4,21.0,3,11,3rd Place,20.76184621,rank,5.0,11.5,16.5,8.0,0.06976744186046512,0.09890262180499791,0.16867006366546303,5.0,13,0,6.0,0,9.0,0,4,7,0.36363636363636365
Nelly,29,5,24.0,3,11,3rd Place,21.74168333,rank,3.0,7.0,10.0,4.0,0.08362369337979095,0.13465641376822918,0.21828010714802012,3.0,12,0,9.0,0,10.0,0,5,6,0.45454545454545453
Nelly,29,6,24.0,3,11,3rd Place,16.47788653,rank,3.0,7.5,10.5,6.0,0.08955223880597014,0.12870244762393082,0.21825468642990098,4.0,11,0,6.0,0,8.0,0,6,5,0.5454545454545454
Nelly,29,7,27.0,3,11,3rd Place,19.97805888,rank,1.0,3.0,4.0,2.0,0.10384615384615385,0.18175982359529813,0.285605977441452,1.0,10,0,9.0,0,10.0,0,7,4,0.6363636363636364
Nelly,29,8,24.0,3,11,3rd Place,12.08021785,rank,2.0,8.0,10.0,5.0,0.10810830289784307,0.14992075910471464,0.2580290620025577,5.0,8,0,4.0,0,4.0,0,8,3,0.7272727272727273
Nelly,29,9,24.0,3,11,3rd Place,11.52650847,rank,4.0,7.0,11.0,5.5,0.1243528470584334,0.16510317943308706,0.28945602649152047,5.0,7,0,2.5,0,3.0,0,9,2,0.8181818181818182
Nelly,29,10,28.0,3,11,3rd Place,13.87538671,rank,2.0,6.0,8.0,4.0,0.16091954022988506,0.23093896334330966,0.39185850357319474,3.0,6,0,3.0,0,4.0,0,10,1,0.9090909090909091
Nelly,29,11,28.5,3,11,3rd Place,11.892175,rank,2.0,4.0,6.0,3.5,0.24050632911392406,0.25500772466686766,0.4955140537807917,3.0,4,1,1.5,1,2.0,1,11,0,1.0
Vinny Guadagnino,31,1,17.0,7,8,Eliminated Week 8,40.86310476,rank,9.0,16.0,25.0,13.0,0.04450261780104712,0.04664305055026456,0.09114566835131169,11.0,16,0,4.0,0,6.0,0,1,7,0.125
Vinny Guadagnino,31,2,27.0,7,8,Eliminated Week 8,52.44851292,rank,7.0,9.5,16.5,8.0,0.06553398058252427,0.07668962831377786,0.14222360889630214,7.0,15,0,8.0,0,9.0,0,2,6,0.25
Vinny Guadagnino,31,3,23.0,7,8,Eliminated Week 8,26.69829079,rank,8.0,14.0,22.0,11.5,0.05707196029776675,0.05304320188727847,0.11011516218504522,10.0,14,0,3.5,0,5.0,0,3,5,0.375
Vinny Guadagnino,31,4,29.0,7,8,Eliminated Week 8,31.86399234,rank,5.0,9.5,14.5,7.0,0.07073170731707316,0.07925187919285119,0.14998358650992435,6.0,13,0,7.0,0,8.0,0,4,4,0.5
Vinny Guadagnino,31,5,31.0,7,8,Eliminated Week 8,24.63667568,rank,5.0,12.0,17.0,10.0,0.06911928651059086,0.08649047014294119,0.15560975665353205,6.0,12,0,3.0,0,7.0,0,5,3,0.625
Vinny Guadagnino,31,6,28.0,7,8,Eliminated Week 8,20.28615552,rank,7.0,10.0,17.0,9.0,0.08115942028985507,0.08790382443862249,0.16906324472847756,9.0,10,1,2.0,1,2.0,1,6,2,0.75
Vinny Guadagnino,31,7,31.5,7,8,Eliminated Week 8,17.71563853,rank,7.0,9.0,16.0,8.0,0.0967741935483871,0.0963535542395642,0.19312774778795128,7.0,9,1,2.0,0,3.0,0,7,1,0.875
Vinny Guadagnino,31,8,29.0,7,8,Eliminated Week 8,9.58803161,rank,7.0,8.0,15.0,7.5,0.09235668789808917,0.06208120934307218,0.15443789724116136,7.0,8,1,1.5,1,2.0,1,8,0,1.0
Alyson Hannigan,32,1,13.0,5,11,5th Place,72.63360564,rank,6.0,11.0,17.0,7.5,0.05627705627705628,0.06415905337982247,0.12043610965687876,7.0,14,0,7.5,0,8.0,0,1,10,0.09090909090909091
Alyson Hannigan,32,2,19.0,5,11,5th Place,79.29908458,rank,5.0,6.0,11.0,6.0,0.07983193277310924,0.08923518418602326,0.1690671169591325,5.0,13,0,8.0,0,9.0,0,2,9,0.18181818181818182
Alyson Hannigan,32,3,24.0,5,11,5th Place,50.52267766,rank,6.0,8.5,14.5,7.0,0.07430340557275542,0.07539661682391649,0.1497000223966719,6.0,12,0,6.0,0,7.0,0,3,8,0.2727272727272727
Alyson Hannigan,32,4,18.0,5,11,5th Place,37.7712296,rank,6.0,10.5,16.5,7.0,0.075,0.07270472418445757,0.14770472418445757,6.0,11,0,5.0,0,6.0,0,4,7,0.36363636363636365
Alyson Hannigan,32,5,21.0,5,11,5th Place,33.6593125,rank,5.0,9.0,14.0,7.0,0.0875,0.07955621671803698,0.16705621671803697,5.0,10,0,4.0,0,6.0,0,5,6,0.45454545454545453
Alyson Hannigan,32,6,31.0,5,11,5th Place,29.40786913,rank,6.0,8.0,14.0,7.0,0.09627329192546584,0.08798779301878872,0.18426108494425456,6.0,9,0,3.0,0,4.0,0,6,5,0.5454545454545454
Alyson Hannigan,32,7,35.0,5,11,5th Place,29.95210567,rank,6.0,6.0,12.0,6.0,0.12411347517730496,0.10749940349182836,0.23161287866913333,5.0,8,0,3.0,0,4.0,0,7,4,0.6363636363636364
Alyson Hannigan,32,8,36.0,5,11,5th Place,28.16346993,rank,4.0,4.0,8.0,4.0,0.1422924901185771,0.12349761915550146,0.26579010927407853,4.0,7,0,4.0,0,4.0,0,8,3,0.7272727272727273
Alyson Hannigan,32,9,32.0,5,11,5th Place,26.33349984,rank,5.0,5.0,10.0,5.0,0.14479638009049775,0.1371059358761646,0.2819023159666624,5.0,6,1,2.0,1,2.0,1,9,2,0.8181818181818182
Alyson Hannigan,32,10,25.5,5,11,5th Place,19.07215814,rank,5.0,5.0,10.0,5.0,0.17894736842105263,0.12382791873533192,0.3027752871563846,5.0,5,1,1.0,1,1.0,1,10,1,0.9090909090909091
Alyson Hannigan,32,11,26.5,5,11,5th Place,16.87179532,rank,5.0,5.0,10.0,5.0,0.18213058419243985,0.11054863838772354,0.2926792225801634,5.0,5,1,1.0,1,1.0,1,11,0,1.0
Harry Jowsey,32,1,12.0,6,9,Eliminated Week 9,75.27206267,rank,5.0,13.0,18.0,9.0,0.05194805194805195,0.06648966747968087,0.11843771942773282,8.0,14,0,6.0,0,7.0,0,1,8,0.1111111111111111
Harry Jowsey,32,2,15.0,6,9,Eliminated Week 9,73.73192368,rank,6.0,11.0,17.0,7.0,0.06302521008403361,0.08297046333916973,0.14599567342320335,6.0,13,0,7.0,0,8.0,0,2,7,0.2222222222222222
Harry Jowsey,32,3,24.0,6,9,Eliminated Week 9,61.92056184,rank,5.0,8.5,13.5,6.0,0.07430340557275542,0.0924060459738528,0.1667094515466082,5.0,12,0,7.0,0,8.0,0,3,6,0.3333333333333333
Harry Jowsey,32,4,21.0,6,9,Eliminated Week 9,57.27370985,rank,4.0,7.0,11.0,5.0,0.0875,0.11024447236064831,0.1977444723606483,5.0,11,0,7.0,0,7.0,0,4,5,0.4444444444444444
Harry Jowsey,32,5,18.0,6,9,Eliminated Week 9,33.55008331,rank,6.0,10.0,16.0,9.0,0.075,0.0792980456365101,0.15429804563651012,8.0,10,1,2.0,0,3.0,0,5,4,0.5555555555555556
Harry Jowsey,32,6,29.0,6,9,Eliminated Week 9,31.53451171,rank,5.0,9.0,14.0,7.0,0.09006211180124224,0.09435066774210882,0.18441277954335106,5.0,9,0,3.0,0,5.0,0,6,3,0.6666666666666666
Harry Jowsey,32,7,32.0,6,9,Eliminated Week 9,30.5765855,rank,5.0,8.0,13.0,7.0,0.11347517730496454,0.10974068862741457,0.2232158659323791,6.0,8,1,2.0,0,3.0,0,7,2,0.7777777777777778
Harry Jowsey,32,8,28.0,6,9,Eliminated Week 9,26.33491867,rank,5.0,7.0,12.0,6.0,0.11067193675889328,0.11547936971127211,0.2261513064701654,6.0,7,1,2.0,1,2.0,1,8,1,0.8888888888888888
Harry Jowsey,32,9,30.0,6,9,Eliminated Week 9,12.34444477,rank,6.0,6.0,12.0,6.0,0.13574660633484162,0.06427161840795695,0.20001822474279857,6.0,6,1,1.0,1,1.0,1,9,0,1.0
Andy Richter,34,1,9.0,7,9,Eliminated Week 9,77.45089771,rank,10.0,15.0,25.0,13.0,0.04918032786885246,0.04474559448977912,0.09392592235863158,12.0,16,0,4.0,0,5.0,0,1,8,0.1111111111111111
Andy Richter,34,2,16.0,7,9,Eliminated Week 9,65.67246217,rank,8.0,14.0,22.0,11.5,0.05144694533762058,0.04688444689141723,0.0983313922290378,10.0,16,0,5.5,0,7.0,0,2,7,0.2222222222222222
Andy Richter,34,3,18.0,7,9,Eliminated Week 9,53.77778415,rank,8.0,11.5,19.5,10.0,0.07003891050583658,0.05780381653151489,0.12784272703735147,9.0,12,0,3.0,0,4.0,0,3,6,0.3333333333333333
Andy Richter,34,4,18.0,7,9,Eliminated Week 9,40.60903385,rank,8.0,11.0,19.0,10.0,0.07258064516129033,0.057121701834154624,0.12970234699544494,9.0,11,1,2.0,0,3.0,0,4,5,0.4444444444444444
Andy Richter,34,5,24.0,7,9,Eliminated Week 9,31.5413163,rank,8.0,10.0,18.0,9.0,0.07667731629392971,0.056420921383212135,0.13309823767714185,10.0,10,1,2.0,1,1.0,1,5,4,0.5555555555555556
Andy Richter,34,6,27.0,7,9,Eliminated Week 9,29.07191165,rank,8.0,10.0,18.0,9.0,0.07941176470588235,0.06376185384206652,0.14317361854794886,9.0,10,1,2.0,1,2.0,1,6,3,0.6666666666666666
Andy Richter,34,7,29.0,7,9,Eliminated Week 9,27.18506533,rank,6.0,9.0,15.0,7.5,0.08734939759036145,0.078432539661394,0.16578193725175544,7.0,9,0,2.5,0,3.0,0,7,2,0.7777777777777778
Andy Richter,34,8,34.0,7,9,Eliminated Week 9,23.89146068,rank,7.0,8.0,15.0,7.5,0.11276948590381426,0.08695506360830907,0.19972454951212332,7.0,8,1,1.5,1,2.0,1,8,1,0.8888888888888888
Andy Richter,34,9,29.0,7,9,Eliminated Week 9,10.98412097,rank,7.0,7.0,14.0,7.0,0.10740740740740741,0.044347664569580864,0.1517550719769883,7.0,7,1,1.0,1,1.0,1,9,0,1.0
